series_name,include_main_full_ext,cmfull_p,cmfull_bic,cmfull_Tlag,cmfull_found,cmfull_break_date,cmfull_nobs_raw,cmfull_nobs_reg,cmfull_ssr_nobreak,cmfull_ssr_best,cmfull_ssr_gain_pct,cmfull_supw_found,cmfull_supw_stat,cmfull_supw_break_date,cmfull_supw_hac_lag,cmfull_supw_m,cmfull_supw_ssr_nobreak,cmfull_supw_ssr_best,cmfull_supw_ssr_gain_pct,cmfull_hansen_pval,cmfull_hansen_sig5
RPI,1,12,-9.17200388538635,790,1,01-Feb-2015,802,790,0.0735519082652079,0.0656096190107291,10.7982096478599,1,73.646824355782,01-Mar-2003,6,13,0.0735519082652079,0.068197567063128,7.27967680019073,6.48069142794583e-09,1
W875RX1,1,0,-10.1876498889608,802,1,01-Dec-1972,802,802,0.0299304380396804,0.0295520903572403,1.26409002747814,1,15.7379417285797,01-Sep-1969,6,1,0.0299304380396804,0.0296241782482177,1.02323858761019,0.00176384341254998,1
DPCERA3M086SBEA,1,2,-9.69325401626674,800,1,01-Jun-2005,802,800,0.0481367393017842,0.045426153781642,5.63101190371191,1,35.0615464933842,01-Dec-2015,6,3,0.0481367393017842,0.0456267287525917,5.21433438492051,3.02387018513706e-06,1
CMRMTSPLx,1,6,-8.79376451114217,795,1,01-Nov-2013,801,795,0.113696187635551,0.104802695020536,7.82215551810986,1,29.1798514744947,01-Dec-2013,6,7,0.113696187635551,0.104809719533045,7.81597719968545,0.00362598632091482,1
RETAILx,1,2,-8.35008507217207,800,1,01-Mar-2006,802,800,0.184419792599218,0.178947935471796,2.96706608889492,1,8.70189985941346,01-Sep-1985,6,3,0.184419792599218,0.182780878853241,0.888686470621148,0.331931731766754,0
INDPRO,1,10,-9.3252850316481,793,1,01-Dec-2015,803,793,0.0644371689859033,0.0589345111845485,8.53957100840135,1,83.6178191029824,01-Dec-2015,6,11,0.0644371689859033,0.0589345111845485,8.53957100840135,1.64865898710786e-11,1
IPFPNSS,1,1,-9.33780143250157,802,1,01-Apr-2000,803,802,0.0694346743422373,0.0682994971994398,1.63488509674914,1,15.5711950478997,01-Mar-1979,6,2,0.0694346743422373,0.0685071073867291,1.33588436079696,0.00881011385853192,1
IPFINAL,1,2,-9.12594635355395,801,1,01-Aug-2015,803,801,0.0849981247763428,0.0791084594197369,6.92917093418649,1,20.641876099308,01-Dec-1977,6,3,0.0849981247763428,0.0831775095513225,2.14194751920811,0.00294630829841458,1
IPCONGD,1,2,-9.11113888880553,801,1,01-Aug-2015,803,801,0.0862660960647572,0.081023278294333,6.07749511058033,1,19.0725264633747,01-Dec-1977,6,3,0.0862660960647572,0.0844588606237064,2.0949544763149,0.00592516036782642,1
IPDCONGD,1,10,-6.86423316310726,793,1,01-Dec-2015,803,793,0.755018682008975,0.669316592190079,11.3509893014644,1,36.0133588199071,01-Oct-2015,6,11,0.755018682008975,0.669464517987548,11.3313969654077,0.00485138067384372,1
IPNCONGD,1,1,-9.78230099617111,802,1,01-May-1973,803,802,0.0445176976166407,0.0429505439098711,3.52029370491033,1,45.3393389769859,01-May-1973,6,2,0.0445176976166407,0.0429505439098711,3.52029370491033,5.13354014852752e-09,1
IPBUSEQ,1,1,-8.26585870673022,802,1,01-Jul-2000,803,802,0.2028220713338,0.199900760035577,1.44033205016194,1,11.3472757974983,01-Mar-1979,6,2,0.2028220713338,0.200481690452134,1.15390838199974,0.0546202754532469,0
IPMAT,1,11,-9.02435252545338,792,1,01-Feb-2016,803,792,0.0862141594796897,0.0806786534518438,6.42064605309987,1,70.9015407533712,01-Feb-2016,6,12,0.0862141594796897,0.0806786534518438,6.42064605309987,1.3389258701757e-08,1
IPDMAT,1,11,-8.31555535164427,792,1,01-Jul-2014,803,792,0.175148047342528,0.16341066427614,6.70140674959029,1,41.5155444578205,01-Feb-2016,6,12,0.175148047342528,0.163608824574893,6.58826800681875,0.0013852669794816,1
IPNMAT,1,3,-8.87477949386491,800,1,01-Sep-2008,803,800,0.108219811906469,0.101641767921337,6.0784101074004,1,38.9126411954689,01-Dec-1987,6,4,0.108219811906469,0.102778085018928,5.02840172393221,2.39951795333315e-06,1
IPMANSICS,1,10,-9.04383908689099,793,1,01-Jun-2012,803,793,0.0853821079055686,0.0763766780570171,10.547209561178,1,78.1074052417373,01-Oct-2015,6,11,0.0853821079055686,0.076456125791874,10.4541599319222,1.91264670768021e-10,1
IPB51222S,1,6,-6.76878608067665,797,1,01-Dec-2015,803,797,0.863631659568083,0.837793341004563,2.9918216032564,1,75.0172718325969,01-May-1970,6,7,0.863631659568083,0.847044323207789,1.92064940840515,3.43614026121486e-12,1
IPFUELS,1,2,-7.72164363624097,801,1,01-Nov-2013,803,801,0.346170667496183,0.334405184111178,3.39875226000632,1,16.1214895840209,01-Jun-1971,6,3,0.346170667496183,0.337892775035715,2.39127495126652,0.021073789956174,1
CUMFNS,1,10,-0.441051098527382,793,1,01-Nov-2014,803,793,465.061325144736,424.51690795291,8.71807974554909,1,67.9745663049144,01-Oct-2015,6,11,465.061325144736,424.742225924557,8.66963065733987,1.58888613377428e-08,1
HWI,1,11,10.6238816277848,791,1,01-Jan-2016,802,791,29383421.9500348,27995488.5048953,4.72352555634807,1,77.6088831946131,01-Aug-1980,6,12,29383421.9500348,28772154.0399101,2.08031559824487,7.70303376640413e-10,1
HWIURATIO,1,4,-6.06992074045047,796,1,01-Oct-2015,800,796,1.76424204885543,1.72652044456861,2.13811955742045,1,9.47544799552957,01-Jul-2013,6,5,1.76424204885543,1.72979848680171,1.95231499419599,0.602585655887584,0
CLF16OV,1,1,-11.547863671096,800,1,01-Feb-1990,801,800,0.00759729153069735,0.00723664651750236,4.74702085259968,1,40.2246078805678,01-Feb-1990,6,2,0.00759729153069735,0.00723664651750236,4.74702085259968,6.57828399530658e-08,1
CE16OV,1,0,-10.0390510208076,801,1,01-Apr-2000,801,801,0.0346819130280044,0.0345048987947948,0.510393509915789,1,6.22398389095678,01-Dec-1979,6,1,0.0346819130280044,0.0345430352395638,0.400432895176323,0.147353448164754,0
UNRATE,1,0,-1.69194776508605,801,1,01-Oct-2009,801,801,146.286392009988,146.08805145555,0.135583735242094,1,1.29947766785701,01-Nov-1982,6,1,146.286392009988,146.121335781314,0.112830883587943,0.95322568691847,0
UEMPMEAN,1,0,-0.344430381810535,801,1,01-Jul-2011,801,801,562.889687890137,560.539002107443,0.417610383218344,1,2.69754072415568,01-Oct-1969,6,1,562.889687890137,562.0677116224,0.146027949245004,0.623350441519714,0
UEMPLT5,1,4,-4.88158646770704,797,1,01-Dec-2012,801,797,5.79708785453049,5.64990380424401,2.53893082147191,1,33.6767007087033,01-Dec-2012,6,5,5.79708785453049,5.64990380424401,2.53893082147191,9.31566510256054e-05,1
UEMP5TO14,1,4,-4.9221894142929,797,1,01-Nov-2015,801,797,5.56642352038906,4.83452036793651,13.1485351369992,1,49.8235907193656,01-Aug-2015,6,5,5.56642352038906,4.83859100180914,13.0754067834393,5.87606961977016e-08,1
UEMP15OV,1,2,-5.52173143014917,799,1,01-Oct-1969,801,799,3.11595455845138,3.06312987177387,1.69529708108969,1,7.27029972000668,01-Apr-2010,6,3,3.11595455845138,3.08147438597352,1.10656852759084,0.497794385004279,0
UEMP15T26,1,0,-4.68215480588283,801,1,01-Jul-1969,801,801,7.35484477115635,7.34428897404042,0.143521684608794,1,1.70702436953377,01-Jul-1969,6,1,7.35484477115635,7.34428897404042,0.143521684608794,0.861108453177388,0
UEMP27OV,1,4,-5.27493439288215,797,1,01-Jan-1970,801,797,3.91183968978608,3.83412020661388,1.98677577138787,1,6.95480473972641,01-Jan-1970,6,5,3.91183968978608,3.83412020661388,1.98677577138787,0.877151140977949,0
CLAIMSx,1,2,-4.51985328171301,801,1,01-Jun-2015,803,801,8.50766045515843,8.2440786466435,3.09817028904948,1,75.9390962425108,01-Jun-2015,6,3,8.50766045515843,8.2440786466435,3.09817028904948,1.77635683940025e-15,1
PAYEMS,1,0,-10.288979895752,803,1,01-May-2000,803,803,0.0270801473230092,0.0267772992973694,1.11833965313217,1,8.9830196556696,01-Jun-1979,6,1,0.0270801473230092,0.0268405983346236,0.884592633593495,0.0425745336948243,1
USGOOD,1,6,-10.1939084189392,797,1,01-Feb-2015,803,797,0.0281071507680333,0.024409127835288,13.1568758543508,1,78.812562874095,01-Mar-2015,6,7,0.0281071507680333,0.0244128431142795,13.1436575846577,5.3534954247425e-13,1
CES1021000001,1,7,-8.06254917695883,796,1,01-Mar-1978,803,796,0.234551138270213,0.201529343196513,14.0787187464669,1,76.0532195223936,01-Oct-1981,6,8,0.234551138270213,0.205225638785224,12.5028169555099,8.39783798056715e-12,1
USCONS,1,5,-9.18007041875509,798,1,01-Dec-2015,803,798,0.0782220861805277,0.0735313711832289,5.99666312462326,1,95.0046882045343,01-Jan-2016,6,6,0.0782220861805277,0.073538489857785,5.98756253052804,1.11022302462516e-16,1
MANEMP,1,6,-10.3644991173221,797,1,01-Jul-2015,803,797,0.0236990110948321,0.0207404978056692,12.4836993295812,1,66.5049391654977,01-Nov-2015,6,7,0.0236990110948321,0.0207413344919105,12.4801688605757,2.12336703775406e-10,1
DMANEMP,1,10,-9.93318662698436,793,1,01-Dec-2015,803,793,0.0350855382341416,0.0316151904709585,9.8911059594524,1,67.204335186138,01-Feb-2016,6,11,0.0350855382341416,0.0316185881163258,9.88142206820172,2.21130426192317e-08,1
NDMANEMP,1,3,-10.9073286508248,800,1,01-Mar-2010,803,800,0.0141769200993825,0.0124171765925901,12.4127348849846,1,79.5233600490938,01-Dec-2011,6,4,0.0141769200993825,0.012420216609757,12.3912914604212,3.33066907387547e-15,1
SRVPRD,1,2,-10.2881228470793,801,1,01-Dec-2015,803,801,0.0265878063094516,0.0254610905979829,4.23771596029795,1,127.20898991049,01-Feb-2014,6,3,0.0265878063094516,0.0254769445238593,4.1780874009054,0,1
USTPU,1,0,-10.5527744530132,803,1,01-Aug-1989,803,803,0.0208011095920594,0.0203707109472835,2.06911387525322,1,16.8571843089396,01-Mar-1989,6,1,0.0208011095920594,0.0203724016467484,2.06098594603177,0.00102967950091548,1
USWTRADE,1,7,-11.4922906828173,796,1,01-Jun-2014,803,796,0.00759835770048968,0.00710808301225657,6.45237704723366,1,43.0110006570427,01-Sep-2015,6,8,0.00759835770048968,0.00711249587608671,6.39430049958898,2.89034107026076e-05,1
USTRADE,1,2,-10.0379897953024,801,1,01-Oct-2015,803,801,0.0341439616878721,0.0316958405819666,7.16999722611281,1,53.2904493136306,01-Jan-2013,6,3,0.0341439616878721,0.0317844999698017,6.910333779189,2.77564193851276e-10,1
USFIRE,1,5,-12.7625289851928,798,1,01-Jan-2016,803,798,0.00217514096343068,0.00199843819623132,8.12373865281164,1,35.2381100540164,01-Jan-2014,6,6,0.00217514096343068,0.00200065186655853,8.02196730261291,0.000129003995412491,1
USGOVT,1,11,-11.4253080216253,792,1,01-Jun-2010,803,792,0.00781370256169275,0.00696238494678579,10.8951883973753,1,100.123959503501,01-Jul-2010,6,12,0.00781370256169275,0.00702927032714013,10.0391872912895,3.83026943495679e-14,1
CES0600000007,1,3,-2.70900900461432,800,1,01-Oct-2009,803,800,51.5307988281236,50.4116845381052,2.17173867952461,1,23.0146636280513,01-Oct-2009,6,4,51.5307988281236,50.4116845381052,2.17173867952461,0.0033306734533165,1
AWOTMAN,1,1,-3.97120872426556,802,1,01-May-1979,803,802,14.8681865923344,14.693964671793,1.17177652741601,1,5.71037450783619,01-Dec-1994,6,2,14.8681865923344,14.7348976559691,0.89647069962093,0.451723071199331,0
AWHMAN,1,3,-2.73354122873972,800,1,01-May-2009,803,800,50.2820140845684,49.006871087206,2.53598233996298,1,13.7191633568275,01-May-2009,6,4,50.2820140845684,49.006871087206,2.53598233996298,0.122289068846237,0
HOUST,1,2,-5.08427343127972,800,1,01-Mar-2015,802,800,4.83205093813464,4.76953750137356,1.29372470533618,1,13.352645910988,01-Feb-2015,6,3,4.83205093813464,4.77234951401721,1.23552969291482,0.064607252392022,0
HOUSTNE,1,5,-3.25378912143298,797,1,01-Feb-2015,802,797,29.2760724059558,27.647429649795,5.56305071792847,1,63.4063822049738,01-Apr-2015,6,6,29.2760724059558,28.0091302277644,4.32756880985746,3.13885140101888e-10,1
HOUSTMW,1,4,-3.59942802321537,798,1,01-Jan-2014,802,798,20.9222403733584,20.0999105927627,3.93040977410232,1,32.0919138737908,01-Jun-2012,6,5,20.9222403733584,20.1397194881952,3.74013906349898,0.000185860630505963,1
HOUSTS,1,3,-4.71609103353153,799,1,01-Jun-2011,802,799,6.91581822501026,6.81095317505443,1.51630720391974,1,20.3726801461343,01-Jul-2013,6,4,6.91581822501026,6.81510874414692,1.4562193161633,0.00998739819614358,1
HOUSTW,1,3,-4.19355448734471,799,1,01-Mar-2015,802,799,11.6621415496407,11.3610281867025,2.58197314495334,1,19.1671099751461,01-Dec-2015,6,4,11.6621415496407,11.3963337400065,2.27923669510226,0.0162234090704688,1
PERMIT,1,1,-5.64154723559921,791,1,01-Jan-2015,792,791,2.75902585198148,2.74131226355302,0.642023285709388,1,9.40035333938597,01-Sep-2011,6,2,2.75902585198148,2.74144208877685,0.637317812444698,0.120123565944777,0
PERMITNE,1,5,-3.90964257856831,787,1,01-Jun-2015,792,787,14.9954653186187,14.115355105476,5.86917574374953,1,64.5666714038359,01-Dec-2015,6,6,14.9954653186187,14.3958539739329,3.99861779508312,1.79894765750532e-10,1
PERMITMW,1,3,-4.59169145146413,789,1,01-May-1982,792,789,7.73113767781212,7.59441679068908,1.76844460441346,1,20.1631639975352,01-Mar-2015,6,4,7.73113767781212,7.61170683663677,1.54480292749296,0.0108744770979197,1
PERMITS,1,2,-5.32735625996936,790,1,01-Sep-2011,792,790,3.74095097883925,3.65681200356162,2.24913332875956,1,25.784639185369,01-Jun-2014,6,3,3.74095097883925,3.68680213232698,1.44746207096975,0.000273972515564158,1
PERMITW,1,2,-4.78145714192057,790,1,01-Feb-2012,792,790,6.45747884256888,6.34370461130901,1.76189863000168,1,19.4204220399617,01-Jan-2012,6,3,6.45747884256888,6.34554159146739,1.73345130244298,0.00508148008724763,1
ACOGNO,0,NaN,NaN,NaN,0,,NaN,NaN,NaN,NaN,NaN,0,NaN,,NaN,NaN,NaN,NaN,NaN,NaN,0
AMDMNOx,1,2,-6.51673387649387,800,1,01-Mar-1984,802,800,1.15351125655807,1.13379499631387,1.70923865130132,1,9.14568666903071,01-Mar-1984,6,3,1.15351125655807,1.13379499631387,1.70923865130132,0.289307250856469,0
ANDENOx,1,5,-5.120347414514,689,1,01-Jun-2013,694,689,3.8883433477704,3.80683389834855,2.09625133718169,1,10.7864004540942,01-Mar-1979,6,6,3.8883433477704,3.84388449463296,1.14338804887014,0.622780751716004,0
AMDMUOx,1,3,-9.74108243793435,799,1,01-Mar-1984,802,799,0.0454482883023653,0.043764409208047,3.70504403403623,1,32.8886344846985,01-Oct-1980,6,4,0.0454482883023653,0.0438315105816421,3.55740068793537,4.08580179129814e-05,1
BUSINVx,1,3,-10.7659092061079,798,1,01-Feb-1982,801,798,0.0162885171729291,0.0147994227269832,9.14198898608597,1,12.857030139835,01-Mar-2005,6,4,0.0162885171729291,0.0156222114957812,4.0906466197872,0.162649798578184,0
ISRATIOx,1,0,-7.73895047259099,801,1,01-Nov-1970,801,801,0.345958512185985,0.345518494390528,0.127188023984811,1,1.5547668691236,01-Nov-1970,6,1,0.345958512185985,0.345518494390528,0.127188023984811,0.897378969991993,0
M1SL,1,8,-6.11107770975934,795,1,01-Jan-2015,803,795,1.63502898480066,1.63283293788555,0.134312414980043,1,28.2445635082338,01-Apr-1970,6,9,1.63502898480066,1.63478121708366,0.0151537201665137,0.0198378702232669,1
M2SL,1,8,-11.2861925098832,795,1,01-Jan-2016,803,795,0.0092470169790023,0.00837351452092329,9.44631614781847,1,28.1647596619737,01-Oct-1970,6,9,0.0092470169790023,0.009168745126363,0.846455162968182,0.0203758917282449,1
M2REAL,1,1,-10.8797059959258,800,1,01-Apr-1995,801,800,0.0148195829938483,0.0147257432542406,0.633214440963945,1,6.5815635238163,01-Mar-1969,6,2,0.0148195829938483,0.0147487951830125,0.477663985991737,0.339842065350098,0
BOGMBASE,1,11,-7.97823879060344,792,1,01-Feb-2009,803,792,0.245414388189066,0.205761512243612,16.1575188146288,1,212.29162740412,01-Nov-1999,6,12,0.245414388189066,0.221752556902451,9.64158273735189,0,1
TOTRESNS,1,11,-5.69909403621067,792,1,01-Sep-2008,803,792,2.3972868951464,1.77807594884912,25.8296554972601,1,139.164326705217,01-Sep-2008,6,12,2.3972868951464,1.77807594884912,25.8296554972601,0,1
NONBORRES,1,10,-0.536414825275047,793,1,01-Feb-2008,803,793,422.760384726388,187.830079195477,55.570558173978,1,3163.3796306108,01-Dec-2008,6,11,422.760384726388,383.211716161671,9.35486625368482,0,1
BUSLOANS,1,5,-9.67442288873912,798,1,01-Jan-2016,803,798,0.0477127935089047,0.0439584033473731,7.86872845923593,1,21.7328415358323,01-Jan-1970,6,6,0.0477127935089047,0.046972939018431,1.55064173791391,0.0279278190487741,1
REALLN,1,5,-10.9573727031749,798,1,01-Oct-2008,803,798,0.0132268619133174,0.0127489761435666,3.61299432082007,1,23.2274108137696,01-Nov-2009,6,6,0.0132268619133174,0.0128715319191295,2.68642703399033,0.0162512454190652,1
NONREVSL,1,6,-10.2071875271477,796,1,01-Mar-1977,802,796,0.0276998429591774,0.0267533183456016,3.4170757392768,1,17.7591156191323,01-Feb-1977,6,7,0.0276998429591774,0.0269056504726276,2.86713714485744,0.177291269307526,0
CONSPI,1,11,1.06873692995097,791,1,01-Nov-2015,802,791,2081.40098446308,1809.29951377154,13.0729961560837,1,58.8176741383696,01-Oct-2015,6,12,2081.40098446308,1812.85600227865,12.9021262211857,1.95050844475908e-06,1
S&P 500,1,1,-6.69820094661704,802,1,01-Mar-2009,803,802,0.97261357851043,0.962081356519559,1.08287836234006,1,9.36517878588106,01-Feb-2009,6,2,0.97261357851043,0.964203454552979,0.864693249536092,0.12179423180441,0
S&P div yield,1,1,-4.37634313671617,801,1,01-Jul-1982,802,801,9.90286416818267,9.82110660088785,0.825595160211337,1,6.28488211319253,01-Nov-2012,6,2,9.90286416818267,9.87932370965541,0.237713636453701,0.375367902808254,0
S&P PE ratio,1,1,-6.4450996232201,799,1,01-Dec-2008,800,799,1.24798719382854,1.192241700752,4.46683213996217,1,11.8092472125936,01-Dec-2008,6,2,1.24798719382854,1.192241700752,4.46683213996217,0.0450383686039616,1
FEDFUNDS,1,8,-1.59506538176847,795,1,01-Jun-1980,803,795,149.556292420781,133.762632269406,10.5603448010995,1,41.2126745374739,01-May-2009,6,9,149.556292420781,148.514721355724,0.696440817164881,0.000152549444867089,1
CP3Mx,1,8,-1.66242392497646,793,1,01-May-1980,801,793,139.439851081405,119.268817435529,14.465759601321,1,51.6768900104107,01-Aug-1982,6,9,139.439851081405,130.575326466017,6.35723901498726,1.83393847819069e-06,1
TB3MS,1,12,-1.96735173760128,791,1,01-Mar-1981,803,791,99.1140587122168,86.8656792102885,12.3578629117512,1,105.584646548442,01-Mar-1983,6,13,99.1140587122168,92.9041031066662,6.26546393744364,3.5527136788005e-15,1
TB6MS,1,8,-2.10142894644274,795,1,01-Jan-1982,803,795,90.1350674896435,84.4311542974541,6.32818430279062,1,51.2015150083738,01-Apr-1985,6,9,90.1350674896435,86.0981130123932,4.47878344098883,2.25628516670184e-06,1
GS1,1,12,-2.04546234826584,791,1,01-Oct-1980,803,791,91.6668385884347,81.9450282804727,10.6055913541547,1,56.2288501421092,01-May-1983,6,13,91.6668385884347,86.128377867359,6.04194581853341,9.40664493997989e-06,1
GS5,1,2,-2.48090108388889,801,1,01-Apr-1982,803,801,65.3605709170831,63.5358830677617,2.7917256898448,1,11.5959704710474,01-Aug-1982,6,3,65.3605709170831,63.5550807897756,2.76235366670513,0.125332925096779,0
GS10,1,2,-2.72768051483721,801,1,01-Apr-1982,803,801,51.067064267582,49.7805338599848,2.51929580454444,1,13.3309446796669,01-Aug-1982,6,3,51.067064267582,49.8014769814859,2.47828478932054,0.0651550561078189,0
AAA,1,2,-3.17585905079861,801,1,01-Jan-1981,803,801,32.621161989867,31.5692743399747,3.22455604193073,1,18.0495882295588,01-Nov-1980,6,3,32.621161989867,31.5957314438289,3.14345192962972,0.00926533948464991,1
BAA,1,2,-3.2510367825134,801,1,01-Dec-1980,803,801,30.2586921453827,28.9699747745521,4.25899891719965,1,33.1025439041657,01-Nov-1980,6,3,30.2586921453827,29.0341061925841,4.04705513019169,7.97043114253437e-06,1
COMPAPFFx,1,5,-2.75528829608151,797,1,01-Apr-1980,802,797,48.1957752261997,45.1073045745844,6.40817714233252,1,26.7553540396587,01-Mar-1970,6,6,48.1957752261997,46.375570014645,3.77669039041669,0.00424473394598046,1
TB3SMFFM,1,5,-2.27920395183376,798,1,01-Jan-1981,803,798,77.6850807183416,71.0733679651923,8.51091701522591,1,31.2291570280644,01-Jan-1981,6,6,77.6850807183416,71.0733679651923,8.51091701522591,0.000698770047656727,1
TB6SMFFM,1,5,-2.20017025363096,798,1,01-Jun-1980,803,798,84.0739632074975,78.4879744706444,6.64413633394048,1,23.9773096260691,01-Jan-1981,6,6,84.0739632074975,78.6154431172341,6.49252144423306,0.0123037464956984,1
T1YFFM,1,5,-2.02383187993311,798,1,01-Jun-1980,803,798,100.286922186307,92.1090204401319,8.15450466311279,1,22.2402186264336,01-Sep-1980,6,6,100.286922186307,94.3059258659647,5.96388461222372,0.0232864901463109,1
T5YFFM,1,5,-1.66625791592968,798,1,01-Jun-1980,803,798,143.395889545045,128.582675058166,10.330292265613,1,26.7781407350784,01-Jul-1980,6,6,143.395889545045,131.665200118347,8.18063158150172,0.00420701099336962,1
T10YFFM,1,5,-1.57650055576087,798,1,01-Jun-1980,803,798,156.862029135022,144.007425312669,8.1948473401987,1,23.7410027645983,01-Jul-1980,6,6,156.862029135022,146.429031134488,6.65106658256589,0.0134373569554037,1
AAAFFM,1,3,-1.58743908545031,800,1,01-Aug-1980,803,800,158.182524333776,149.958977615701,5.1987706939882,1,19.7743887583081,01-Aug-1980,6,4,158.182524333776,149.958977615701,5.1987706939882,0.0127236498859666,1
BAAFFM,1,3,-1.60256850331785,800,1,01-Mar-1980,803,800,155.807327800779,147.933195750896,5.05376233648763,1,20.6381467650353,01-Apr-1980,6,4,155.807327800779,148.164953131945,4.90501619962741,0.00896254465585578,1
TWEXAFEGSMTHx,0,NaN,NaN,NaN,0,,NaN,NaN,NaN,NaN,NaN,0,NaN,,NaN,NaN,NaN,NaN,NaN,NaN,0
EXSZUSx,1,1,-7.49451832448268,802,1,01-Aug-2011,803,802,0.43863581098774,0.434114791731603,1.03069998912221,1,13.487767080053,01-Jul-2005,6,2,0.43863581098774,0.434445483490009,0.955309026933932,0.0220107920116349,1
EXJPUSx,1,1,-7.59420117498788,802,1,01-Apr-1995,803,802,0.397019989396539,0.39388613898218,0.789343231589514,1,21.6333402413935,01-Mar-1973,6,2,0.397019989396539,0.395707919947454,0.330479442881103,0.000547435172369992,1
EXUSUKx,1,1,-7.80744122669224,802,1,01-Nov-1992,803,802,0.320777128688875,0.316604220845555,1.30087449201141,1,10.6239235587334,01-Jun-2009,6,2,0.320777128688875,0.318066655710507,0.844970771278722,0.0735691436122182,0
EXCAUSx,1,1,-8.68812778801985,802,1,01-Feb-2002,803,802,0.132961553833526,0.132313610801443,0.487316080026111,1,4.50685044827527,01-Feb-2002,6,2,0.132961553833526,0.132313610801443,0.487316080026111,0.640312592090709,0
WPSFD49207,1,8,-10.2054200311211,795,1,01-Oct-2008,803,795,0.0272505441446057,0.0261698032247877,3.96594252974561,1,32.6649233042906,01-Apr-1986,6,9,0.0272505441446057,0.0263565968654311,3.28047496751174,0.00419290351161339,1
WPSFD49502,1,8,-9.68727618240014,795,1,01-Dec-1974,803,795,0.0457511687681598,0.0438825806251767,4.08424132824232,1,32.7801400599313,01-Dec-1975,6,9,0.0457511687681598,0.0440937843306138,3.62260567799845,0.00401957608096937,1
WPSID61,1,6,-9.87283408997276,797,1,01-Jan-1977,803,797,0.0387487442438302,0.0361576299563618,6.68696325012125,1,42.2416414432335,01-Nov-1973,6,7,0.0387487442438302,0.0362991713642199,6.32168326332364,1.59040923685128e-05,1
WPSID62,1,7,-6.73554684691801,796,1,01-Sep-1973,803,796,0.884193533345051,0.850655280012038,3.79308964250534,1,72.7823461000514,01-Sep-1973,6,8,0.884193533345051,0.850655280012038,3.79308964250534,3.97049060296695e-11,1
OILPRICEx,1,10,-4.86866689751415,793,1,01-Apr-1974,803,793,5.55419489912241,4.92244920950822,11.3742081631671,1,183.656988138626,01-Apr-1974,6,11,5.55419489912241,4.92244920950822,11.3742081631671,0,1
PPICMM,1,4,-7.05384801264719,799,1,01-Jan-2015,803,799,0.662118754349482,0.650697591840292,1.72494170179657,1,19.6879506027249,01-Jan-2015,6,5,0.662118754349482,0.650697591840292,1.72494170179657,0.0284797284406982,1
CPIAUCSL,1,11,-12.0518593425933,789,1,01-Aug-1974,800,789,0.00415871334865752,0.00380784102831306,8.43704027972328,1,56.6023261411749,01-Jun-2015,6,12,0.00415871334865752,0.00405880167223849,2.40246605242194,4.72478897262096e-06,1
CPIAPPSL,1,6,-10.7807444534842,794,1,01-Sep-1989,800,794,0.015568167920502,0.015180195802545,2.49208590206704,1,16.1937215377316,01-Sep-1972,6,7,0.015568167920502,0.0154724882484983,0.614585303115111,0.268411012772838,0
CPITRNSL,1,9,-9.17180206087974,791,1,01-Apr-2009,800,791,0.0755568876438267,0.0724083714847058,4.16708027197063,1,35.1043436445946,01-Nov-1969,6,10,0.0755568876438267,0.0746831932815282,1.15633979845369,0.00331732925419193,1
CPIMEDSL,1,5,-12.282967773048,795,1,01-Nov-1972,800,795,0.00349987424759427,0.00332653501449227,4.95272746502664,1,40.5395874116722,01-Nov-1969,6,6,0.00349987424759427,0.00333535542326569,4.70070673086795,1.27564467151675e-05,1
CUSR0000SAC,1,9,-10.6791388848121,791,1,01-Oct-2005,800,791,0.016735781419957,0.0158917447074901,5.04330626271472,1,61.3409596918678,01-Aug-1974,6,10,0.016735781419957,0.0159073971858689,4.94977923827525,8.09022060455078e-08,1
CUSR0000SAD,1,7,-11.6768328567708,793,1,01-Aug-1970,800,793,0.00629274964589431,0.00604409363694096,3.95146832379691,1,28.0412745788966,01-Dec-1975,6,8,0.00629274964589431,0.00608766116171048,3.25912352667071,0.0108669246411468,1
CUSR0000SAS,1,6,-12.4195376316829,794,1,01-Apr-1970,800,794,0.00302356056952381,0.00278058855480193,8.03595658611669,1,112.746990728178,01-May-1970,6,7,0.00302356056952381,0.00278167113429389,8.00015179679405,0,1
CPIULFSL,1,9,-11.8498157603826,791,1,01-Nov-2000,800,791,0.00519071862900711,0.00490673652843624,5.47095924221176,1,110.948361428818,01-Nov-1969,6,10,0.00519071862900711,0.00494513601525051,4.73118716904091,0,1
CUSR0000SA0L2,1,9,-11.4637120285759,791,1,01-Aug-1974,800,791,0.00763677874141563,0.00711905318082332,6.77937096415522,1,54.8790888338488,01-Jan-1975,6,10,0.00763677874141563,0.00712670931988534,6.67911744992808,1.30468530423755e-06,1
CUSR0000SA0L5,1,11,-11.8783475623345,789,1,01-Aug-1974,800,789,0.00494668430865004,0.00455743095599968,7.86897502170671,1,61.7688954027668,01-Jan-1975,6,12,0.00494668430865004,0.00456200177173761,7.77657341584851,5.91138659356005e-07,1
PCEPI,1,6,-12.7270854813084,796,1,01-Jan-2006,802,796,0.00222894591457091,0.00215696819270334,3.22922693624127,1,26.77915327205,01-Oct-1973,6,7,0.00222894591457091,0.00218856133371953,1.81182417156814,0.00900345165137773,1
DDURRG3M086SBEA,1,8,-11.7781114847984,794,1,01-Dec-1969,802,794,0.0056465369627977,0.00545619079251212,3.37102495812365,1,22.5622769355062,01-Jan-1990,6,9,0.0056465369627977,0.00548527746366552,2.85590088570473,0.115129419209589,0
DNDGRG3M086SBEA,1,11,-10.4286863426211,791,1,01-Apr-2009,802,791,0.0211391865939602,0.020042298301432,5.18888599451402,1,47.4317613946588,01-Dec-2015,6,12,0.0211391865939602,0.0205464040682171,2.80418796205001,0.000162341288639012,1
DSERRG3M086SBEA,1,6,-13.3148912889705,796,1,01-Jul-1987,802,796,0.00123827958155703,0.00119541909119349,3.46129347539192,1,15.2332529116397,01-Dec-1990,6,7,0.00123827958155703,0.00119676618091025,3.35250627282241,0.338882737850654,0
CES0600000008,1,12,-11.8804850640847,791,1,01-May-1974,803,791,0.00490813114754416,0.00468367087854339,4.57323291194199,1,32.0515249894005,01-Dec-1973,6,13,0.00490813114754416,0.0047049599009239,4.13948284006055,0.047446787583037,1
CES2000000008,1,10,-10.5271170048467,793,1,01-Sep-1970,803,793,0.0193725797553959,0.0184229147591752,4.90210910581587,1,45.7098223193598,01-Oct-2015,6,11,0.0193725797553959,0.0191131063110926,1.33938508747686,0.000143508858091113,1
CES3000000008,1,11,-11.5140917257971,792,1,01-Jun-1974,803,792,0.00714987752323433,0.00699202671395003,2.2077414441205,1,18.084592345254,01-Dec-1972,6,12,0.00714987752323433,0.00700243254782225,2.06220281302638,0.685380742492806,0
UMCSENTx,0,NaN,NaN,NaN,0,,NaN,NaN,NaN,NaN,NaN,0,NaN,,NaN,NaN,NaN,NaN,NaN,NaN,0
DTCOLNVHFNM,1,11,-7.77674835988475,791,1,01-Dec-1977,802,791,0.299785280080278,0.274414166771368,8.46309508662848,1,67.9497077455824,01-Aug-1976,6,12,0.299785280080278,0.295679054235517,1.36972230379716,4.61824716246895e-08,1
DTCTHFNM,1,11,-8.03995631382162,791,1,01-Dec-2010,802,791,0.230409585432129,0.225131725294372,2.29064260840443,1,174.483067966003,01-Jun-1970,6,12,0.230409585432129,0.228146847676136,0.982050183263332,0,1
INVEST,1,11,-9.36503267669561,792,1,01-Mar-1984,803,792,0.061322957046762,0.0578535500217852,5.65759903315038,1,73.9299075932527,01-Mar-1978,6,12,0.061322957046762,0.0580740964434957,5.297951631375,3.71372954610649e-09,1
VIXCLSx,1,1,2.78075115056019,762,1,01-Jan-1973,763,762,12079.6865546085,11651.098165281,3.54800919204316,1,27.3141897232998,01-Mar-1973,6,2,12079.6865546085,11664.7036917262,3.43537773936707,3.67571155447388e-05,1
