series_name,include_main_hist,cm_p_hist,cm_bic_hist,cm_Tlag_hist,cm_found_hist,cm_break_date_hist,cm_nobs_raw_hist,cm_nobs_reg_hist,cm_ssr_nobreak_hist,cm_ssr_best_hist,cm_ssr_gain_pct_hist,cm_supw_found_hist,cm_supw_stat_hist,cm_supw_break_date_hist,cm_supw_hac_lag_hist,cm_supw_m_hist,cm_supw_ssr_nobreak_hist,cm_supw_ssr_best_hist,cm_supw_ssr_gain_pct_hist,cm_hansen_pval_hist,cm_hansen_sig5_hist
RPI,1,0,-10.7005849143828,490,1,01-Dec-1972,490,490,0.0109018675786427,0.0106647140007741,2.17534817917981,1,12.2034636119402,01-Oct-1972,5,1,0.0109018675786427,0.0106857534381852,1.98235888391221,0.00949244087441992,1
W875RX1,1,0,-10.6329750171128,490,1,01-Dec-1972,490,490,0.0116644296403,0.0114710091841677,1.65820757719715,1,8.18881507799478,01-Aug-1969,5,1,0.0116644296403,0.0115058175209177,1.35979318555147,0.0611961935116141,0
DPCERA3M086SBEA,1,1,-10.3092702959368,489,1,01-Jan-1984,490,489,0.015887312529494,0.0155481041885372,2.13508949564074,1,6.81530689838492,01-Feb-1973,5,2,0.015887312529494,0.015663235070223,1.41041764524411,0.313720149679798,0
CMRMTSPLx,1,6,-8.88469356536801,484,1,01-Oct-1965,490,484,0.0612973309635323,0.0575646801211593,6.08941822376185,1,29.0397768482507,01-Oct-1965,5,7,0.0612973309635323,0.0575646801211593,6.08941822376185,0.00382735283404001,1
RETAILx,1,2,-8.78292914842558,488,1,01-Sep-1986,490,488,0.0720302607382315,0.0694202341556932,3.62351400062744,1,8.51643796179526,01-May-1967,5,3,0.0720302607382315,0.0699923011062139,2.82931036363157,0.351019020318993,0
INDPRO,1,12,-9.76151149815228,478,1,01-Jan-1982,490,478,0.0232908773256234,0.0223106758394985,4.20852109785723,1,61.7781585127002,01-Aug-1993,5,13,0.0232908773256234,0.0225015417046562,3.38903343971009,9.88435635118634e-07,1
IPFPNSS,1,3,-9.79065042423044,487,1,01-Jan-1982,490,487,0.0259077291361912,0.0248291696015925,4.16308017166968,1,21.8316190498769,01-Jun-1993,5,4,0.0259077291361912,0.0253521172255681,2.14457974183077,0.00547601912184104,1
IPFINAL,1,0,-9.58866566155332,490,1,01-Oct-1966,490,490,0.033143723583609,0.0326291357721763,1.55259504905855,1,5.82839646993225,01-Oct-1966,5,1,0.033143723583609,0.0326291357721763,1.55259504905855,0.175124731725472,0
IPCONGD,1,0,-9.34729024064925,490,1,01-Mar-1973,490,490,0.0421919222052517,0.0415729147191989,1.46712321624384,1,7.51678456469568,01-Mar-1973,5,1,0.0421919222052517,0.0415729147191989,1.46712321624384,0.0829330246534909,0
IPDCONGD,1,11,-7.46399834625131,479,1,01-Mar-1991,490,479,0.235295671852373,0.22252598758158,5.4270799672017,1,44.7772092256229,01-Mar-1991,5,12,0.235295671852373,0.22252598758158,5.4270799672017,0.000431624381490581,1
IPNCONGD,1,1,-9.85269757207466,489,1,01-Mar-1973,490,489,0.0250805729508393,0.0243472113679809,2.92402244675941,1,20.5756064476076,01-Mar-1969,5,2,0.0250805729508393,0.0244159904864796,2.64978980210063,0.000897293625761963,1
IPBUSEQ,1,3,-9.06569494474995,487,1,01-Jan-1982,490,487,0.0534901126163881,0.0523887116482692,2.05907393767845,1,13.6389044855955,01-Aug-1993,5,4,0.0534901126163881,0.0526944122049943,1.48756540690113,0.125641371447822,0
IPMAT,1,12,-9.31867561998484,478,1,01-Sep-1969,490,478,0.0362666153576359,0.0340689903673899,6.05963630345582,1,42.1684888560967,01-Aug-1993,5,13,0.0362666153576359,0.0355656133961003,1.93291255503935,0.00187674590032139,1
IPDMAT,1,12,-8.4495210500109,478,1,01-Feb-1968,490,478,0.0864920239447905,0.0814108296570707,5.87475475306634,1,80.2017079032318,01-Aug-1993,5,13,0.0864920239447905,0.0834354468186926,3.53394103489709,3.67016528279862e-10,1
IPNMAT,1,2,-9.39127988461547,488,1,01-Mar-1973,490,488,0.0392023064298167,0.0372633933013618,4.94591595503719,1,18.4427468047902,01-Oct-1983,5,3,0.0392023064298167,0.0384209664068665,1.99309707542087,0.00780908537638325,1
IPMANSICS,1,12,-9.51852534430965,478,1,01-Jan-1982,490,478,0.0296970557131411,0.0281397055833167,5.24412300285783,1,54.2436700247824,01-Aug-1993,5,13,0.0296970557131411,0.0286946277375519,3.37551299789477,2.06683828739562e-05,1
IPB51222S,1,5,-7.19803268963396,485,1,01-Mar-1978,490,485,0.33608582051617,0.317718157384218,5.46517050429049,1,42.2715518183988,01-Aug-1969,5,6,0.33608582051617,0.326397160698587,2.88279338970722,5.89515675641916e-06,1
IPFUELS,1,2,-7.91473573269877,488,1,01-Nov-1972,490,488,0.171619485844173,0.164026709318596,4.42419256078564,1,22.5721771918104,01-Nov-1972,5,3,0.171619485844173,0.164026709318596,4.42419256078564,0.00122489042009644,1
CUMFNS,1,12,-0.751152536626571,478,1,01-Jan-1982,490,478,190.693120192799,181.959783997306,4.57978567169258,1,33.7114273511606,01-Mar-1993,5,13,190.693120192799,185.374247716251,2.78923144745359,0.0293074147574425,1
HWI,1,12,9.40917084249613,478,1,01-Feb-1984,490,478,4930686.64132844,4303560.44507163,12.7188410433612,1,97.1506054497005,01-Sep-1967,5,13,4930686.64132844,4772906.74078094,3.19995797796206,1.74638081773537e-13,1
HWIURATIO,1,3,-6.95211655473246,487,1,01-Jul-1992,490,487,0.442780966693891,0.410380961099537,7.31738896463294,1,44.9060304416076,01-Jan-1992,5,4,0.442780966693891,0.410822870931584,7.21758570629817,1.32901194382917e-07,1
CLF16OV,1,1,-11.7920825443194,489,1,01-May-1981,490,489,0.00360639474665296,0.00351950142138416,2.4094235759812,1,21.7663279995833,01-Jul-1986,5,2,0.00360639474665296,0.00353511037815517,1.97661025776352,0.000514342883116581,1
CE16OV,1,4,-11.5212266361557,486,1,01-Jan-1970,490,486,0.00452262756702764,0.00418328057937161,7.50331489000006,1,24.1850444215662,01-Jan-1970,5,5,0.00452262756702764,0.00418328057937161,7.50331489000006,0.00505891248477652,1
UNRATE,1,4,-3.41555488131035,486,1,01-Nov-1982,490,486,14.9843994158798,14.4934903476576,3.27613442886467,1,38.7548874306404,01-Jun-1992,5,5,14.9843994158798,14.5691027180725,2.77152714820979,9.72048943970183e-06,1
UEMPMEAN,1,4,-1.45806519836965,486,1,01-Oct-1992,490,486,106.112441831445,104.032718410107,1.95992419497986,1,13.30226532531,01-Jun-1992,5,5,106.112441831445,104.215789907319,1.78739824604045,0.236899168324159,0
UEMPLT5,1,2,-6.10251373392009,488,1,01-Jan-1975,490,488,1.05100458487066,1.02291124528573,2.67299876606965,1,16.1878188048796,01-Mar-1991,5,3,1.05100458487066,1.03522558200894,1.50132578761891,0.0204967253948858,1
UEMP5TO14,1,2,-5.8176556685839,488,1,01-Feb-1992,490,488,1.397387636522,1.363504054547,2.42478043238859,1,16.8943651034906,01-Feb-1992,5,3,1.397387636522,1.363504054547,2.42478043238859,0.0152134884030346,1
UEMP15OV,1,4,-5.87179506865681,486,1,01-Jun-1992,490,486,1.28501376917186,1.22783035857618,4.45002318010403,1,59.6324326210296,01-Jul-1992,5,5,1.28501376917186,1.23010505725404,4.27300572453777,5.51440226814748e-10,1
UEMP15T26,1,3,-5.02667847293813,487,1,01-Feb-1992,490,487,3.03665936695274,2.92269592930581,3.75292134795139,1,28.2277134173028,01-Feb-1992,5,4,3.03665936695274,2.92269592930581,3.75292134795139,0.000342001598595987,1
UEMP27OV,1,4,-5.24965898962193,486,1,01-Jan-1970,490,486,2.39385613808422,2.30968061528918,3.51631501391776,1,20.0468125325084,01-Jul-1992,5,5,2.39385613808422,2.34616298748766,1.99231481950012,0.0249494429008644,1
CLAIMSx,1,0,-5.8788989755731,490,1,01-Sep-1982,490,490,1.35373138950827,1.34758453266004,0.454067689932575,1,2.87124587809822,01-Mar-1991,5,1,1.35373138950827,1.34966809853228,0.300154890954242,0.585232869934473,0
PAYEMS,1,10,-12.557273372466,480,1,01-Oct-1972,490,480,0.00146636333262828,0.00140248326315893,4.35636025860341,1,23.5946918450099,01-Sep-1971,5,11,0.00146636333262828,0.00140628551388702,4.09706226311476,0.192011898203195,0
USGOOD,1,10,-11.0289654218246,480,1,01-Jan-1974,490,480,0.0067604764128487,0.0062023325627223,8.25598398754282,1,42.3465537689283,01-Nov-1993,5,11,0.0067604764128487,0.00662827232002975,1.95554402893395,0.000508270643403197,1
CES1021000001,1,0,-7.70162678850838,490,1,01-Mar-1982,490,490,0.218741843551997,0.214769574066819,1.81596233289195,1,11.8470823550962,01-Mar-1982,5,1,0.218741843551997,0.214769574066819,1.81596233289195,0.0112281666175899,1
USCONS,1,5,-9.21001522309601,485,1,01-Feb-1968,490,485,0.044942505265101,0.0400315085240156,10.9272874578689,1,38.9054053431452,01-Apr-1968,5,6,0.044942505265101,0.0404313384936774,10.0376397461906,2.62483601028984e-05,1
MANEMP,1,10,-11.0476000032085,480,1,01-Sep-1972,490,480,0.00663566428749811,0.00619654384107376,6.61758080877707,1,27.1114421806691,01-Dec-1993,5,11,0.00663566428749811,0.00653686229385741,1.48895407241819,0.0777106728916483,0
DMANEMP,1,10,-10.2660565948469,480,1,01-Sep-1972,490,480,0.0144978764912532,0.0136391341771452,5.92322823708788,1,25.1703467904833,01-Nov-1993,5,11,0.0144978764912532,0.0142877362731705,1.449455154412,0.130238506632937,0
NDMANEMP,1,2,-11.961067611281,488,1,01-Feb-1975,490,488,0.00300100687060879,0.00291564879523579,2.84431456018883,1,10.5126537230338,01-Mar-1989,5,3,0.00300100687060879,0.00298037691551362,0.68743445065772,0.184084331125145,0
SRVPRD,1,4,-12.9566436143083,486,1,01-Dec-1980,490,486,0.00107645815629694,0.00104135218850384,3.26124778633951,1,15.4932380194988,01-Nov-1980,5,5,0.00107645815629694,0.00104154224112495,3.24359242091712,0.121568123206027,0
USTPU,1,4,-12.2658798149093,486,1,01-Jun-1968,490,486,0.00214779120238493,0.00202735726273755,5.60733927551467,1,17.3979747942921,01-Jun-1968,5,5,0.00214779120238493,0.00202735726273755,5.60733927551467,0.0644218769153153,0
USWTRADE,1,7,-12.5062964441859,483,1,01-Mar-1968,490,483,0.001614644751174,0.00154128845696431,4.54318475666853,1,20.7196032385822,01-Sep-1980,5,8,0.001614644751174,0.00156208017964412,3.25548833523011,0.118981132840276,0
USTRADE,1,5,-11.6784100424215,485,1,01-Dec-1971,490,485,0.00380756239392881,0.00345084573186014,9.36863602386268,1,31.4973262209201,01-Dec-1971,5,6,0.00380756239392881,0.00345084573186014,9.36863602386268,0.000625302049034993,1
USFIRE,1,3,-13.5745676932049,487,1,01-Dec-1966,490,487,0.000588972419418683,0.000566505134390541,3.81465825688709,1,39.1711310067663,01-Aug-1966,5,4,0.000588972419418683,0.000567889123138984,3.57967463069127,2.12085351092295e-06,1
USGOVT,1,11,-11.8032525634086,479,1,01-Nov-1966,490,479,0.00306972715863033,0.00281376679737993,8.33821209584671,1,32.6040525212879,01-Dec-1990,5,12,0.00306972715863033,0.0030307587651923,1.26944159608688,0.0258366026443153,1
CES0600000007,1,3,-2.62542414937945,487,1,01-Jan-1982,490,487,33.5156449183286,32.2122541484885,3.8889025498875,1,41.5405721824089,01-Jun-1993,5,4,33.5156449183286,32.5857977005319,2.77436767235877,6.79963795935379e-07,1
AWOTMAN,1,1,-3.88904583114725,489,1,01-May-1979,490,489,9.75704923641507,9.64690652776732,1.12885264775203,1,3.10876082730108,01-May-1993,5,2,9.75704923641507,9.72311310455832,0.347811423663751,0.872317956534648,0
AWHMAN,1,3,-2.68908589230573,487,1,01-Jan-1982,490,487,31.4484783672236,29.9148489535619,4.87664107545521,1,17.2409352375554,01-Oct-1992,5,4,31.4484783672236,30.7142986705407,2.33454759912353,0.0343485632309766,1
HOUST,1,2,-5.0758006562814,488,1,01-Jan-1966,490,488,2.93427244097956,2.89077164160352,1.48250717174438,1,10.1409514460339,01-Jan-1966,5,3,2.93427244097956,2.89077164160352,1.48250717174438,0.208986567856554,0
HOUSTNE,1,5,-3.55370630726069,485,1,01-May-1966,490,485,12.8576330793703,12.3965978611375,3.58569275843211,1,36.293072479004,01-Aug-1966,5,6,12.8576330793703,12.4323769361679,3.30742167378115,8.19364027778713e-05,1
HOUSTMW,1,4,-3.78593655123505,486,1,01-Mar-1982,490,486,10.3462894793261,9.9748200804243,3.59036347904335,1,17.3540281385465,01-Feb-1982,5,5,10.3462894793261,10.0267813127643,3.08814253844628,0.0654046450717202,0
HOUSTS,1,2,-4.72693979216953,488,1,01-Jan-1970,490,488,4.15919021731239,4.11375932325048,1.09230142619606,1,12.6163207513654,01-Mar-1993,5,3,4.15919021731239,4.11582620805746,1.04260702178101,0.0857459956688074,0
HOUSTW,1,3,-4.33414676154977,487,1,01-Jan-1967,490,487,6.06958194351315,5.88527565716502,3.0365565217405,1,29.0327511261118,01-Jan-1993,5,4,6.06958194351315,5.93071532333523,2.28791078974297,0.000238184604779867,1
PERMIT,1,1,-5.51087961602985,479,1,01-Mar-1975,480,479,1.88712003627228,1.87037601756902,0.887278942591075,1,6.7377073303002,01-Mar-1993,5,2,1.88712003627228,1.87962813876273,0.397001640889593,0.322211414739688,0
PERMITNE,1,3,-4.316708285085,477,1,01-Mar-1971,480,477,6.04413868441272,5.86032707673792,3.04115469998793,1,19.8768912073114,01-Mar-1988,5,4,6.04413868441272,5.88719200404973,2.59667569785833,0.0122089193220758,1
PERMITMW,1,3,-4.43263656289188,477,1,01-Feb-1982,480,477,5.38254177850047,5.15767960981021,4.1776204987099,1,14.8240187579431,01-Mar-1966,5,4,5.38254177850047,5.28966747958498,1.72547288506805,0.0834844345166834,0
PERMITS,1,2,-5.14575596895119,478,1,01-Mar-1975,480,478,2.67816901391429,2.61699000623831,2.2843594768713,1,15.8203244092083,01-Mar-1993,5,3,2.67816901391429,2.65185414637924,0.982569337421837,0.023893440324238,1
PERMITW,1,2,-4.78283700896899,478,1,01-Nov-1966,480,478,3.84991980130016,3.7382000094795,2.90187322299384,1,15.3934272540013,01-Nov-1966,5,3,3.84991980130016,3.7382000094795,2.90187322299384,0.0285077949188147,1
ACOGNO,0,NaN,NaN,NaN,0,,NaN,NaN,NaN,NaN,NaN,0,NaN,,NaN,NaN,NaN,NaN,NaN,NaN,0
AMDMNOx,1,6,-6.80186457164967,484,1,01-Mar-1984,490,484,0.492042598543769,0.455592695122478,7.40787556385703,1,46.2582336473208,01-Feb-1984,5,7,0.492042598543769,0.457734266802067,6.97263445141525,2.67648203844395e-06,1
ANDENOx,0,NaN,NaN,NaN,0,,NaN,NaN,NaN,NaN,NaN,0,NaN,,NaN,NaN,NaN,NaN,NaN,NaN,0
AMDMUOx,1,3,-9.82145305265576,487,1,01-Mar-1984,490,487,0.0251218684048478,0.0237856411872631,5.31898024482437,1,43.8936059557231,01-Dec-1989,5,4,0.0251218684048478,0.0241184560467055,3.99417886429421,2.17587838302613e-07,1
BUSINVx,1,3,-10.622170582981,487,1,01-Feb-1982,490,487,0.0112798865419618,0.0104034842776708,7.76960176887212,1,17.5075769438619,01-Dec-1980,5,4,0.0112798865419618,0.0106135736644954,5.90708847103834,0.0310234663189088,1
ISRATIOx,1,0,-7.9670514176639,490,1,01-Oct-1982,490,490,0.167748797725934,0.166977268338614,0.45993139609926,1,3.13566458671153,01-Feb-1991,5,1,0.167748797725934,0.167217854736514,0.316510756927914,0.530300076186769,0
M1SL,1,7,-10.9554300171776,483,1,01-Mar-1970,490,483,0.00761394467088236,0.00735429338899953,3.41020710165922,1,20.4245077506996,01-Apr-1966,5,8,0.00761394467088236,0.00753445088545459,1.04405520218421,0.129497169254476,0
M2SL,1,7,-12.1278153853379,483,1,01-Mar-1970,490,483,0.0023574865327896,0.00224850145351737,4.6229353914175,1,36.1067723557222,01-Apr-1992,5,8,0.0023574865327896,0.00227093022032698,3.67155066460562,0.000501836186856064,1
M2REAL,1,1,-11.5246091055974,489,1,01-Nov-1968,490,489,0.00471232787501273,0.00459003240081792,2.5952242169582,1,11.9461810487862,01-Feb-1969,5,2,0.00471232787501273,0.004594466984281,2.50111821286216,0.0425196389829676,1
BOGMBASE,1,11,-10.3720362386742,479,1,01-Nov-1993,490,479,0.0128430782544705,0.0123196764359454,4.07536112569375,1,22.2927489837505,01-Mar-1967,5,12,0.0128430782544705,0.0125455289004512,2.31680714018667,0.353479194544544,0
TOTRESNS,1,11,-7.82716734141861,479,1,01-Oct-1991,490,479,0.163640820356882,0.149546797591239,8.61277933886315,1,36.1327690353287,01-Nov-1991,5,12,0.163640820356882,0.149688178388288,8.5263823159558,0.00855464113919324,1
NONBORRES,1,11,-7.60856010323101,479,1,01-Dec-1984,490,479,0.203625219404971,0.191192917984981,6.10548214819327,1,32.5530602528295,01-Sep-1992,5,12,0.203625219404971,0.198094114967147,2.71631601134038,0.0262365761062392,1
BUSLOANS,1,11,-10.3536342008667,479,1,01-Jan-1975,490,479,0.0130816050243049,0.0120960426370811,7.5339561574646,1,56.3715471806578,01-Jun-1966,5,12,0.0130816050243049,0.0124820980524455,4.58282428452467,5.17783824227624e-06,1
REALLN,1,2,-11.7012921080906,488,1,01-Jun-1992,490,488,0.00389122243569681,0.00386235245341865,0.741925776674184,1,4.61353069854309,01-Jun-1992,5,3,0.00389122243569681,0.00386235245341865,0.741925776674184,0.8555918353102,0
NONREVSL,1,4,-10.2599974017415,486,1,01-Mar-1977,490,486,0.0159637795755515,0.0146137969492626,8.45653512001902,1,11.1314026540638,01-Mar-1977,5,5,0.0159637795755515,0.0146137969492626,8.45653512001902,0.420362180952209,0
CONSPI,1,4,-0.19791312962277,486,1,01-Dec-1992,490,486,374.147974397152,366.011506015747,2.17466589108614,1,14.854511548835,01-Jul-1965,5,5,374.147974397152,367.390886599115,1.80599341982915,0.148815314359312,0
S&P 500,1,1,-6.79254974476413,489,1,01-Aug-1982,490,489,0.534986433025756,0.527120407314471,1.4703224653375,1,9.16755441866749,01-Oct-1990,5,2,0.534986433025756,0.527931038116692,1.31879884675971,0.13157963851785,0
S&P div yield,1,1,-4.08608591056508,489,1,01-Jul-1982,490,489,8.01207631592493,7.89172735511404,1.50209453911075,1,10.1679945198194,01-Oct-1990,5,2,8.01207631592493,7.95433121558442,0.720725790214183,0.0885036235820154,0
S&P PE ratio,1,1,-6.6979660490541,489,1,01-Jun-1982,490,489,0.588057706538124,0.579651922027703,1.42941490553807,1,6.8566333585548,01-Jul-1982,5,2,0.588057706538124,0.579679827234698,1.42466958774273,0.309270829610754,0
FEDFUNDS,1,2,-1.12285199032911,488,1,01-Apr-1980,490,488,152.84253338777,144.056119091825,5.7486709368088,1,16.3241155627115,01-Dec-1965,5,3,152.84253338777,150.131085735849,1.77401381135298,0.0193577326051196,1
CP3Mx,1,8,-1.20480364383178,482,1,01-May-1980,490,482,128.738686940433,108.486828284258,15.7309812127768,1,52.4896208319698,01-Jul-1966,5,9,128.738686940433,127.922841988951,0.633721665857231,1.28522338871395e-06,1
TB3MS,1,6,-1.53656398435943,484,1,01-Feb-1980,490,484,95.2124398028202,88.8407912314047,6.69203371388317,1,54.0130298474857,01-Dec-1992,5,7,95.2124398028202,93.9914897930663,1.28234295044055,7.76842289385016e-08,1
TB6MS,1,8,-1.66026010218492,482,1,01-Apr-1980,490,482,81.6407242287613,76.8453963126946,5.87369595427642,1,42.186284342453,01-Feb-1966,5,9,81.6407242287613,80.7822557546326,1.05151991513855,0.000102557076280485,1
GS1,1,6,-1.61662065400987,484,1,01-Jan-1981,490,484,87.887178884506,82.0231034779392,6.6722762989956,1,20.8618984174042,01-Dec-1992,5,7,87.887178884506,86.8528365011291,1.17689792357102,0.0701085740596682,0
GS5,1,2,-2.23055030842627,488,1,01-Aug-1982,490,488,50.4866971985068,48.8521115169437,3.23765619908971,1,11.4815463891444,01-Sep-1982,5,3,50.4866971985068,49.0399281540443,2.86564407010819,0.130651719827933,0
GS10,1,2,-2.52994645559774,488,1,01-Aug-1982,490,488,37.4240569876133,35.9836247136385,3.84894741489828,1,13.6186096219561,01-Sep-1982,5,3,37.4240569876133,36.2288616239683,3.19365525774126,0.0582284920476734,0
AAA,1,2,-3.06603911588812,488,1,01-Apr-1982,490,488,21.8941849092667,21.1041309025159,3.60851070740892,1,13.5030338159441,01-Aug-1982,5,3,21.8941849092667,21.1184429189165,3.54314167695658,0.0609256605996957,0
BAA,1,2,-3.34381695274178,488,1,01-Dec-1980,490,488,16.5840806037255,15.707937775495,5.28303527440456,1,20.6527029521017,01-Nov-1980,5,3,16.5840806037255,15.7363272000077,5.11185047862911,0.0029319968378908,1
COMPAPFFx,1,5,-2.37139948241854,485,1,01-Apr-1980,490,485,41.9401865626169,38.3241383711147,8.62191727760532,1,29.5381127115629,01-Apr-1967,5,6,41.9401865626169,40.5961935625345,3.20454702335635,0.00139778256859402,1
TB3SMFFM,1,1,-1.83487215437453,489,1,01-Jul-1974,490,489,76.1087850560456,72.788133517406,4.36303317178743,1,13.3336221776294,01-Jan-1968,5,2,76.1087850560456,74.8829476247367,1.61063854902723,0.0235276905112243,1
TB6SMFFM,1,1,-1.74055393141911,489,1,01-Jul-1974,490,489,83.636658443546,80.9141242437644,3.25519246039617,1,16.0350703217195,01-Aug-1967,5,2,83.636658443546,82.4526577475887,1.41564801606273,0.00716129564886059,1
T1YFFM,1,5,-1.57873784969707,485,1,01-Jun-1980,490,485,92.6571485730935,83.8703081456693,9.48317594782506,1,23.2678603452738,01-Jan-1981,5,6,92.6571485730935,85.4301346286949,7.7997370474847,0.0160108611806546,1
T5YFFM,1,5,-1.28767730510582,485,1,01-Jun-1980,490,485,123.960956749144,108.2927118778,12.639661133829,1,30.4052024793635,01-Jul-1980,5,6,123.960956749144,111.16001563774,10.3265910873124,0.000981150301011757,1
T10YFFM,1,5,-1.19270584549282,485,1,01-Jun-1980,490,485,136.310873358506,122.612131825758,10.049632281879,1,27.0533080229926,01-Jul-1980,5,6,136.310873358506,124.958629054057,8.3282015768407,0.00377621120613147,1
AAAFFM,1,2,-1.21077286692556,488,1,01-Apr-1980,490,488,139.978287496172,134.176016436247,4.14512219267162,1,17.5785628235406,01-Mar-1967,5,3,139.978287496172,138.21107147768,1.26249295523097,0.0113553643775482,1
BAAFFM,1,2,-1.26546879334871,488,1,01-Apr-1980,490,488,132.52766218518,126.786283809941,4.33221131390369,1,21.7174612546473,01-Mar-1967,5,3,132.52766218518,130.286514960976,1.69107881875423,0.00181083236304602,1
TWEXAFEGSMTHx,0,NaN,NaN,NaN,0,,NaN,NaN,NaN,NaN,NaN,0,NaN,,NaN,NaN,NaN,NaN,NaN,NaN,0
EXSZUSx,1,1,-7.42112016129311,489,1,01-Sep-1978,490,489,0.285337009517922,0.283226220051729,0.739753132536054,1,14.4338824358987,01-Aug-1971,5,2,0.285337009517922,0.285030425776948,0.107446188453555,0.0145703781560835,1
EXJPUSx,1,1,-7.58329765371259,489,1,01-Feb-1985,490,489,0.242619283168834,0.241627189959802,0.408909463449903,1,16.2490260576101,01-Mar-1973,5,2,0.242619283168834,0.241631466528393,0.407146797047132,0.00650618994300955,1
EXUSUKx,1,2,-7.81622772291155,488,1,01-Dec-1967,490,488,0.189386091640025,0.183219274720334,3.25621425854886,1,202.712060034866,01-Dec-1967,5,3,0.189386091640025,0.183219274720334,3.25621425854886,0,1
EXCAUSx,1,1,-9.43490494705938,489,1,01-Jul-1976,490,489,0.0380875015668066,0.0377751039795857,0.820210237925381,1,7.51271793625863,01-Jul-1976,5,2,0.0380875015668066,0.0377751039795857,0.820210237925381,0.245211415002382,0
WPSFD49207,1,8,-10.8336142905818,482,1,01-Dec-1974,490,482,0.008471683925678,0.0078473268260457,7.36992910866101,1,18.7349184597888,01-Jul-1986,5,9,0.008471683925678,0.00816274761990928,3.64669301261723,0.303122593071285,0
WPSFD49502,1,8,-10.4214635474866,482,1,01-Dec-1974,490,482,0.0127927684008451,0.0117303497543644,8.30483764882732,1,26.4522236265282,01-Nov-1986,5,9,0.0127927684008451,0.0122109385005675,4.54811563882534,0.0357231009293902,1
WPSID61,1,2,-10.6904222473916,488,1,01-Sep-1974,490,488,0.0106930416815046,0.00928454524999404,13.172083991282,1,28.8512162950298,01-Sep-1974,5,3,0.0106930416815046,0.00928454524999404,13.172083991282,6.33653454122918e-05,1
WPSID62,1,10,-7.45695793988585,480,1,01-Sep-1973,490,480,0.240591589070139,0.208393411925462,13.3829188581028,1,89.8780222988674,01-Sep-1973,5,11,0.240591589070139,0.208393411925462,13.3829188581028,9.84545778237589e-13,1
OILPRICEx,1,8,-5.1978164415573,482,1,01-Apr-1974,490,482,2.37446433652873,1.72341498089657,27.4187885501762,1,188.104258327121,01-Apr-1974,5,9,2.37446433652873,1.72341498089657,27.4187885501762,0,1
PPICMM,1,5,-7.51974590277347,485,1,01-Mar-1980,490,485,0.243630645973735,0.233322406187066,4.23109323766291,1,21.6893713012184,01-Jul-1976,5,6,0.243630645973735,0.234305472114523,3.82758655913017,0.0283631771408047,1
CPIAUCSL,1,8,-12.3214554900696,482,1,01-Jun-1974,490,482,0.00191341212284677,0.00171880825838128,10.1705148693193,1,43.2455839225551,01-Jun-1967,5,9,0.00191341212284677,0.00182456210086396,4.64353815479234,6.63293430293033e-05,1
CPIAPPSL,1,5,-11.1681212344247,485,1,01-Jun-1990,490,485,0.00634253163818364,0.00617593210554929,2.6267040061949,1,18.0719153181993,01-Sep-1972,5,6,0.00634253163818364,0.00624473829426402,1.54186607964061,0.0962537915945951,0
CPITRNSL,1,7,-10.3392510267282,483,1,01-Jul-1973,490,483,0.0140997967392253,0.0131458647671764,6.76557250924758,1,50.7621509826574,01-Jan-1969,5,8,0.0140997967392253,0.0132829070815661,5.79362719028853,9.97811084979539e-07,1
CPIMEDSL,1,5,-12.2006109283212,485,1,01-Dec-1969,490,485,0.00225869747098721,0.00216186740250089,4.2869870679937,1,41.1807389111738,01-Oct-1965,5,6,0.00225869747098721,0.00217590396140183,3.66554222727263,9.59376798170819e-06,1
CUSR0000SAC,1,8,-11.4989412631452,482,1,01-Sep-1973,490,482,0.00435533846904796,0.00395179170299274,9.26556613046506,1,46.5571677551761,01-Jan-1990,5,9,0.00435533846904796,0.00422743792706333,2.93663840120753,1.65930732043407e-05,1
CUSR0000SAD,1,8,-11.8390780300816,482,1,01-Jun-1978,490,482,0.00309957671925239,0.00283718595332147,8.46537413644689,1,38.8779258925371,01-Jun-1978,5,9,0.00309957671925239,0.00283718595332147,8.46537413644689,0.000389599596123169,1
CUSR0000SAS,1,6,-12.0701470427931,484,1,01-Apr-1970,490,484,0.00253522609903557,0.00229646579337265,9.41771251699174,1,95.1592997813175,01-May-1970,5,7,0.00253522609903557,0.00229742823648401,9.37974970524392,1.11022302462516e-16,1
CPIULFSL,1,6,-12.2189128731816,484,1,01-Aug-1973,490,484,0.00218478405635136,0.00200655929620448,8.15754580544331,1,70.7422841339981,01-Dec-1970,5,7,0.00218478405635136,0.00201530770675769,7.75712130912876,2.7494673204842e-11,1
CUSR0000SA0L2,1,8,-12.0083317632814,482,1,01-Aug-1974,490,482,0.00261695604325829,0.0023838202690675,8.90866221430773,1,40.841917738949,01-Nov-1965,5,9,0.00261695604325829,0.00251496016950041,3.89750045747397,0.000177290084903414,1
CUSR0000SA0L5,1,8,-12.1366638288389,482,1,01-Aug-1974,490,482,0.00230177315122978,0.00209209949519466,9.10922329262087,1,66.8228196068739,01-Apr-1967,5,9,0.00230177315122978,0.00217327360232875,5.58263305975116,1.97864413742366e-09,1
PCEPI,1,5,-12.9763674357619,485,1,01-Jun-1986,490,485,0.00103980354827888,0.00100638580053874,3.21385205844456,1,31.6796643472703,01-Dec-1990,5,6,0.00103980354827888,0.00101029407363176,2.8379855690977,0.000579712884004602,1
DDURRG3M086SBEA,1,4,-11.8622744884238,486,1,01-Jan-1967,490,486,0.00321570073777905,0.00299650250932766,6.81649961627913,1,24.6741807197097,01-Jan-1967,5,5,0.00321570073777905,0.00299650250932766,6.81649961627913,0.0041589323597917,1
DNDGRG3M086SBEA,1,8,-11.1477619388399,482,1,01-Oct-1973,490,482,0.00618781262105461,0.00576381813342243,6.85208996454568,1,45.3809783526753,01-Sep-1987,5,9,0.00618781262105461,0.00581706552803232,5.99156948872027,2.72478438986257e-05,1
DSERRG3M086SBEA,1,6,-13.3027272048345,484,1,01-Oct-1987,490,484,0.000739118264241625,0.000708329888470504,4.16555472387245,1,31.6312259121085,01-Oct-1987,5,7,0.000739118264241625,0.000708329888470504,4.16555472387245,0.00138359641575725,1
CES0600000008,1,11,-11.5264612056149,479,1,01-Jun-1974,490,479,0.0040486360314357,0.00382072477467501,5.62933429903477,1,32.6168322666786,01-Dec-1973,5,12,0.0040486360314357,0.00383350536348696,5.31365789066622,0.0257372445818932,1
CES2000000008,1,10,-10.2056653450174,480,1,01-Feb-1966,490,480,0.015400399330761,0.0140086074403535,9.03737533368731,1,38.4363253335947,01-Dec-1965,5,11,0.015400399330761,0.0140432861233633,8.81219491943283,0.00209183867566842,1
CES3000000008,1,11,-11.168811476114,479,1,01-Jul-1974,490,479,0.005789406439331,0.00557805646146962,3.65063292888805,1,28.20325416037,01-Dec-1966,5,12,0.005789406439331,0.0056092796410106,3.11131719992375,0.0901449633144076,0
UMCSENTx,0,NaN,NaN,NaN,0,,NaN,NaN,NaN,NaN,NaN,0,NaN,,NaN,NaN,NaN,NaN,NaN,NaN,0
DTCOLNVHFNM,1,11,-8.08016742977745,479,1,01-Jan-1978,490,479,0.127061829935371,0.106412981203724,16.2510241999107,1,56.6270794015205,01-Sep-1993,5,12,0.127061829935371,0.117432014948529,7.5788417274801,4.67858066044435e-06,1
DTCTHFNM,1,11,-9.20158240468177,479,1,01-May-1976,490,479,0.0413990876424361,0.0391346872830832,5.46968662428145,1,66.2010677002724,01-Jul-1970,5,12,0.0413990876424361,0.0398683097553574,3.69761261479975,9.55923682433024e-08,1
INVEST,1,12,-9.39381233087607,478,1,01-Jan-1986,490,478,0.0336415166931083,0.0308715328407068,8.23382571502457,1,122.427909104357,01-Dec-1993,5,13,0.0336415166931083,0.0311650799022022,7.36125191232353,0,1
VIXCLSx,1,1,2.53138649639288,449,1,01-Jan-1973,450,449,5492.8724333504,5096.51269717959,7.21589188498671,1,25.0383697359782,01-Mar-1973,5,2,5492.8724333504,5110.67835985263,6.95800017450327,0.000109369639705537,1
