series_name,include_main_mod,cmmod_p,cmmod_bic,cmmod_Tlag,cmmod_found,cmmod_break_date,cmmod_nobs_raw,cmmod_nobs_reg,cmmod_ssr_nobreak,cmmod_ssr_best,cmmod_ssr_gain_pct,cmmod_supw_found,cmmod_supw_stat,cmmod_supw_break_date,cmmod_supw_hac_lag,cmmod_supw_m,cmmod_supw_ssr_nobreak,cmmod_supw_ssr_best,cmmod_supw_ssr_gain_pct,cmmod_hansen_pval,cmmod_hansen_sig5
RPI,1,1,-8.40856642297082,323,1,01-Apr-2021,324,323,0.0694818968907004,0.054334944501001,21.7998544477371,1,53.6745512945549,01-Nov-2003,5,2,0.0694818968907004,0.0689565766265473,0.75605342925431,7.76406716695988e-11,1
W875RX1,1,0,-9.7722321109792,324,1,01-Apr-2020,324,324,0.0181455414939924,0.0180526716951488,0.511805056213796,1,1.71063272452348,01-Feb-2010,5,1,0.0181455414939924,0.0180638614455,0.450138390852193,0.860234063010448,0
DPCERA3M086SBEA,1,2,-9.20878784847691,322,1,01-Apr-2020,324,322,0.0305608203047396,0.0207445505292738,32.1204394305588,1,55.875464999087,01-Feb-2020,5,3,0.0305608203047396,0.0295353986963653,3.35534713449846,7.21772641654184e-11,1
CMRMTSPLx,1,0,-8.75909019163569,323,1,01-Apr-2020,323,323,0.049820669198797,0.0491571789902678,1.33175691775987,1,1.39186275403805,01-Jun-2009,5,1,0.049820669198797,0.0496561815375512,0.330159477765045,0.934041088057558,0
RETAILx,1,2,-7.929833811031,322,1,01-Apr-2020,324,322,0.109801352166902,0.0948061105558804,13.6567003184335,1,13.0909360300913,01-Jun-2005,5,3,0.109801352166902,0.105989695857102,3.47141108426979,0.0715037970933197,0
INDPRO,1,2,-8.96738772454864,323,1,01-Apr-2020,325,323,0.039031049569248,0.0336571376614521,13.7682997692943,1,38.3600148354652,01-Sep-2019,5,3,0.039031049569248,0.0366976974550148,5.97819464243053,5.81718750392035e-07,1
IPFPNSS,1,2,-8.94494503685683,323,1,01-Apr-2020,325,323,0.0399169146395979,0.0335606044207273,15.9238515207411,1,65.9172903281084,01-Jun-2009,5,3,0.0399169146395979,0.0368259939503019,7.74338577318233,3.68594044175552e-13,1
IPFINAL,1,2,-8.72663721347218,323,1,01-Apr-2020,325,323,0.0496554415788357,0.0443590321475154,10.6663222859703,1,42.8798192457354,01-Sep-2019,5,3,0.0496554415788357,0.0458256171017793,7.71279915208469,5.90975226533175e-08,1
IPCONGD,1,3,-8.89351711368182,322,1,01-Mar-2020,325,322,0.0411430966028865,0.0357151028723606,13.1929635314448,1,29.7338048974664,01-Feb-2020,5,4,0.0411430966028865,0.0369108154983719,10.2867344803059,0.000173487951801388,1
IPDCONGD,1,2,-6.39705139895838,323,1,01-Mar-2020,325,323,0.510144387180113,0.459707368592823,9.8868124113032,1,41.4166869677541,01-Feb-2020,5,3,0.510144387180113,0.461920270993795,9.45303278800799,1.24295089332094e-07,1
IPNCONGD,1,1,-9.71804729685416,324,1,01-Mar-2020,325,324,0.0188171350954139,0.0183677400443234,2.38822248345361,1,9.7421630152497,01-Feb-2007,5,2,0.0188171350954139,0.0184241570814149,2.08840512653186,0.104944606390676,0
IPBUSEQ,1,0,-7.71468416152714,325,1,01-Apr-2020,325,325,0.142465507048481,0.140513430142343,1.37021019794905,1,1.85207040327798,01-Mar-2008,5,1,0.142465507048481,0.141851950164956,0.430670480340202,0.825642144130774,0
IPMAT,1,1,-8.75687923245442,324,1,01-Jan-2021,325,324,0.0492020830182184,0.0471139503425398,4.2439924238685,1,22.527941469443,01-Feb-2021,5,2,0.0492020830182184,0.047291122626731,3.88390140063762,0.000359557718313974,1
IPDMAT,1,1,-8.18992125669287,324,1,01-Apr-2020,325,324,0.086738160934166,0.0686308375210426,20.8758442859617,1,19.460969666146,01-Mar-2021,5,2,0.086738160934166,0.0852417394863064,1.7252169422814,0.0015047530346991,1
IPNMAT,1,0,-8.48500012681162,325,1,01-Dec-2008,325,325,0.0659425526976063,0.0656991558852146,0.369104322527208,1,1.19081143649784,01-Apr-2020,5,1,0.0659425526976063,0.0657404397062228,0.306498585686024,0.973518916762617,0
IPMANSICS,1,2,-8.66447053581848,323,1,01-Apr-2020,325,323,0.052840326618436,0.0420117977488617,20.4929256924696,1,38.4504622412957,01-Apr-2020,5,3,0.052840326618436,0.0420117977488617,20.4929256924696,5.55865251827825e-07,1
IPB51222S,1,2,-6.31410167959962,323,1,01-Dec-2015,325,323,0.554265335550281,0.542058690151503,2.20231080961604,1,7.80386191565292,01-Dec-2015,5,3,0.554265335550281,0.542058690151503,2.20231080961604,0.431190136433237,0
IPFUELS,1,0,-7.49790072166357,325,1,01-Apr-2020,325,325,0.176952857355122,0.175849038789981,0.623792450508879,1,1.64461624803657,01-Apr-2020,5,1,0.176952857355122,0.175849038789981,0.623792450508879,0.876138051925633,0
CUMFNS,1,2,-0.157087055998709,323,1,01-Apr-2020,325,323,261.622561922474,213.304283240868,18.4686971668462,1,37.5866975691375,01-Apr-2020,5,3,261.622561922474,213.304283240868,18.4686971668462,8.57592106218164e-07,1
HWI,1,1,11.395413438536,323,1,01-Nov-2019,324,323,27709637.2212161,26189172.7066791,5.48713251782633,1,10.7434225704506,01-Dec-2018,5,2,27709637.2212161,26291653.4631294,5.11729455989067,0.0700634400456535,0
HWIURATIO,1,0,-5.44539050782138,322,1,01-Apr-2020,322,322,1.3650999478576,1.35435716245468,0.78695962297666,1,2.24775876323825,01-Jul-2003,5,1,1.3650999478576,1.35954725205312,0.406761117615913,0.728488725761443,0
CLF16OV,1,0,-11.357082275568,323,1,01-Apr-2020,323,323,0.0037077968458779,0.00366194670631841,1.2365871558057,1,4.3676183978327,01-Jan-2021,5,1,0.0037077968458779,0.00368735783295624,0.551244142310154,0.325333793952585,0
CE16OV,1,0,-9.28162530441119,323,1,01-Apr-2020,323,323,0.0295444181022721,0.0290251754251415,1.75749840573312,1,4.53832932065584,01-Jul-2020,5,1,0.0295444181022721,0.0293812407799793,0.552311850339685,0.303164856863643,0
UNRATE,1,0,-0.897785217870509,323,1,01-Apr-2020,323,323,129.279876160991,127.180485074627,1.62391173994438,1,3.12740678752686,01-Jul-2020,5,1,129.279876160991,128.587615830116,0.535474159963498,0.531957249973782,0
UEMPMEAN,1,0,0.34449735989587,323,1,01-Jul-2011,323,323,447.762167182662,441.957478823348,1.29637758273269,1,4.75653235579188,01-Jul-2011,5,1,447.762167182662,441.957478823348,1.29637758273269,0.276794700785117,0
UEMPLT5,1,4,-4.13246915654822,319,1,01-Apr-2020,323,319,4.67560445386783,4.09039108222382,12.5163147870626,1,37.3909793978156,01-Jun-2020,5,5,4.67560445386783,4.39317806585293,6.04042516430719,1.7949456621591e-05,1
UEMP5TO14,1,3,-4.34296495791862,320,1,01-Feb-2020,323,320,3.86999039616589,3.3284034638332,13.9945291044974,1,96.3488749623234,01-Mar-2020,5,4,3.86999039616589,3.32875867439302,13.9853505142826,0,1
UEMP15OV,1,1,-5.19505718570786,322,1,01-Jul-2020,323,322,1.72224311886615,1.54187400607555,10.4729181852879,1,11.8448312101248,01-Mar-2010,5,2,1.72224311886615,1.69978471908289,1.30402029407118,0.0443705515157653,1
UEMP15T26,1,1,-4.39498342203497,322,1,01-May-2020,323,322,3.83320529072421,3.56863760928364,6.90199614616992,1,18.8561860436842,01-Feb-2020,5,2,3.83320529072421,3.56961976801317,6.87637375824555,0.00198853294471868,1
UEMP27OV,1,4,-5.24094892701821,319,1,01-Oct-2020,323,319,1.54323163013468,1.48249240030224,3.93584661216025,1,8.95030830654357,01-Aug-2008,5,5,1.54323163013468,1.50822333471127,2.26850556584017,0.664008393703975,0
CLAIMSx,1,2,-3.77503765969084,323,1,01-Jun-2020,325,323,7.02132718634874,6.68041899196836,4.85532414787889,1,68.9576106922728,01-Jun-2020,5,3,7.02132718634874,6.68041899196836,4.85532414787889,7.37188088351104e-14,1
PAYEMS,1,0,-9.48724147387307,325,1,01-Apr-2020,325,325,0.0242045976889098,0.0237932029661814,1.69965528043822,1,5.74365723929344,01-Jul-2020,5,1,0.0242045976889098,0.0240638500951733,0.581491151166533,0.181681034562413,0
USGOOD,1,0,-9.62861383136313,325,1,01-Feb-2010,325,325,0.0210136083553458,0.0200526376321554,4.5730876246485,1,11.7520035176894,01-Feb-2010,5,1,0.0210136083553458,0.0200526376321554,4.5730876246485,0.0117418727626254,1
CES1021000001,1,3,-9.59670623563962,322,1,01-Jun-2020,325,322,0.0203660037792268,0.0190129755144971,6.64356286779121,1,25.6042246318069,01-May-2020,5,4,0.0203660037792268,0.0190997298405394,6.21758668226764,0.00109219199677701,1
USCONS,1,0,-9.07312253078903,325,1,01-Jan-2011,325,325,0.0366224538455953,0.0356502820176532,2.65457861464159,1,6.86432067184351,01-Jan-2011,5,1,0.0366224538455953,0.0356502820176532,2.65457861464159,0.111046878695588,0
MANEMP,1,0,-9.85782835601546,325,1,01-Jan-2010,325,325,0.0167091374105021,0.0156535707198531,6.3173021127088,1,16.5836799953648,01-Feb-2010,5,1,0.0167091374105021,0.015658193305709,6.28963709480635,0.00117465132824857,1
DMANEMP,1,1,-9.59492721907439,324,1,01-Apr-2020,325,324,0.0212825603354338,0.0169904268459112,20.167373764596,1,211.471649649617,01-Oct-2019,5,2,0.0212825603354338,0.0180308403664322,15.2788006600302,0,1
NDMANEMP,1,0,-10.28794503229,325,1,01-Mar-2010,325,325,0.0108681777180471,0.0100325861195015,7.68842413349611,1,30.2315162862694,01-Mar-2010,5,1,0.0108681777180471,0.0100325861195015,7.68842413349611,1.48681670120165e-06,1
SRVPRD,1,0,-9.44246388442164,325,1,01-Apr-2020,325,325,0.0253130530043573,0.0249378536362924,1.48223672585192,1,4.74442194454059,01-Jul-2020,5,1,0.0253130530043573,0.025192572635043,0.47596143101981,0.278202370350612,0
USTPU,1,0,-9.80690712511346,325,1,01-Apr-2020,325,325,0.0175820228494594,0.0172871008866646,1.67740632190056,1,2.88226835609855,01-Jun-2020,5,1,0.0175820228494594,0.0174846763691642,0.553670536824578,0.582867100674193,0
USWTRADE,1,3,-10.8422783821783,322,1,01-Apr-2020,325,322,0.00586085139788157,0.0051346633071673,12.39048802665,1,122.333836127258,01-May-2020,5,4,0.00586085139788157,0.00524883592702337,10.4424328362842,0,1
USTRADE,1,2,-9.29814504223645,323,1,01-Apr-2020,325,323,0.0280391053230136,0.0256836377987908,8.40065150826844,1,160.532487110202,01-May-2020,5,3,0.0280391053230136,0.0258570781731686,7.78208550061681,0,1
USFIRE,1,3,-12.1691001902593,322,1,01-Apr-2020,325,322,0.00155499615769934,0.00136582693596806,12.1652533219862,1,34.6233906491328,01-Sep-2011,5,4,0.00155499615769934,0.00142310960521918,8.4814712774139,1.82238885674257e-05,1
USGOVT,1,5,-11.1305770533783,320,1,01-Jun-2010,325,320,0.00420949716671644,0.00375377783249464,10.8259803053219,1,45.9656812809629,01-Oct-2021,5,6,0.00420949716671644,0.00410803980194132,2.41020152186642,1.11155265425378e-06,1
CES0600000007,1,3,-2.82289781448318,322,1,01-Sep-2019,325,322,17.8128511494741,16.5639425226273,7.01127863454748,1,53.6852919877987,01-Sep-2019,5,4,17.8128511494741,16.5639425226273,7.01127863454748,1.74445480283225e-09,1
AWOTMAN,1,1,-4.12527980567314,324,1,01-Mar-2009,325,324,5.05197930544188,4.97939895241332,1.4366716219597,1,7.49998129177664,01-Dec-2021,5,2,5.05197930544188,5.00067198519764,1.01558848804028,0.24634095576138,0
AWHMAN,1,2,-2.82400623585265,323,1,01-Feb-2020,325,323,18.1738488041805,16.6560466252541,8.35157261007545,1,11.6278695992141,01-Feb-2020,5,3,18.1738488041805,16.6560466252541,8.35157261007545,0.123884426031024,0
HOUST,1,2,-5.08728657292994,322,1,01-Jan-2009,324,322,1.88412741316421,1.76476865245536,6.33496226820452,1,20.292569197997,01-Apr-2009,5,3,1.88412741316421,1.77959570404723,5.54801699644207,0.00344630146619684,1
HOUSTNE,1,4,-2.86796516862574,320,1,01-Feb-2015,324,320,16.61366935465,14.7788712618998,11.0439063976956,1,67.7170456181374,01-Apr-2015,5,5,16.61366935465,15.1588738215545,8.75661783101685,1.09761089106541e-11,1
HOUSTMW,1,4,-3.34484260451888,320,1,01-Jul-2012,324,320,10.3124136234271,9.46565291002989,8.21108175367955,1,33.8573179292684,01-Jun-2012,5,5,10.3124136234271,9.48421015816718,8.0311311735832,8.60629037950922e-05,1
HOUSTS,1,3,-4.65342780249004,321,1,01-Apr-2009,324,321,2.8465138960317,2.68617017873505,5.63298558001728,1,23.9852494412979,01-Apr-2009,5,4,2.8465138960317,2.68617017873505,5.63298558001728,0.00220186503767461,1
HOUSTW,1,4,-3.98627203632565,320,1,01-Mar-2009,324,320,5.42989036920581,5.03447669137969,7.28216687520263,1,37.5655998201035,01-Feb-2009,5,5,5.42989036920581,5.19820004100144,4.26694302187647,1.65979127534355e-05,1
PERMIT,1,1,-5.87457021696822,323,1,01-Mar-2009,324,323,0.875734049386334,0.82554753957474,5.7307934808247,1,15.2817216193553,01-Sep-2011,5,2,0.875734049386334,0.840811496643393,3.9878034624111,0.0100205259963633,1
PERMITNE,1,4,-3.47747689973587,320,1,01-Jun-2015,324,320,9.03146038709836,8.18796430052045,9.33953148687748,1,28.7358054320708,01-Oct-2015,5,5,9.03146038709836,8.48086391897665,6.0964278701621,0.000780271358163387,1
PERMITMW,1,2,-4.87297750909591,322,1,01-Apr-2015,324,322,2.33444427927975,2.17822147187486,6.69207694488575,1,40.5083448353579,01-Oct-2019,5,3,2.33444427927975,2.19020214424017,6.17886390863361,1.96907410487945e-07,1
PERMITS,1,2,-5.66292349313259,322,1,01-Mar-2009,324,322,1.05953261615703,0.977608095701495,7.73213766204562,1,18.7589033704776,01-Mar-2009,5,3,1.05953261615703,0.977608095701495,7.73213766204562,0.00680065734491353,1
PERMITW,1,2,-4.76976807427748,322,1,01-Feb-2009,324,322,2.58825344217773,2.44226443618117,5.64044477320292,1,23.3166521619365,01-Jan-2012,5,3,2.58825344217773,2.46126021622155,4.90652205408915,0.000869000067431513,1
ACOGNO,1,2,-7.52819046423017,322,1,01-Apr-2020,324,322,0.164073777688068,0.145770215805413,11.1556899222824,1,36.7820955509008,01-Oct-2004,5,3,0.164073777688068,0.152740062434303,6.90769446127607,1.28292891610204e-06,1
AMDMNOx,1,2,-6.18774597544334,322,1,01-Sep-2007,324,322,0.626883475838602,0.602449014525241,3.89776764823383,1,20.4257286826863,01-Apr-2003,5,3,0.626883475838602,0.605364085245963,3.43275766901534,0.00324666274643259,1
ANDENOx,1,2,-4.87943635639776,322,1,01-May-2020,324,322,2.31941504814715,2.26754221656241,2.2364618021333,1,6.31732903241392,01-Jul-2014,5,3,2.31941504814715,2.27142660960847,2.06898884169173,0.627082528674672,0
AMDMUOx,1,3,-9.61892341164653,321,1,01-Jul-2003,324,321,0.019852991896078,0.0194576646686493,1.99127279907246,1,25.7478931163193,01-Jul-2003,5,4,0.019852991896078,0.0194576646686493,1.99127279907246,0.00102568913390888,1
BUSINVx,1,2,-11.152095845494,321,1,01-May-2020,323,321,0.00436300855319592,0.00428610994459304,1.76251335896538,1,5.95841820329774,01-Oct-2021,5,3,0.00436300855319592,0.00430540920129721,1.32017508552724,0.677476609578256,0
ISRATIOx,1,0,-7.48073640818049,323,1,01-Apr-2020,323,323,0.178892260061919,0.17645671641791,1.36145836782766,1,1.81560274167588,01-Sep-2005,5,1,0.178892260061919,0.178483705744312,0.228380097309008,0.834607531252555,0
M1SL,1,5,-5.12934708406803,320,1,01-May-2020,325,320,1.70032242195854,1.14867448255055,32.4437255125159,1,331.965993059022,01-Jun-2020,5,6,1.70032242195854,1.34097727003725,21.1339418501212,0,1
M2SL,1,4,-10.620989889649,321,1,01-Mar-2020,325,321,0.007158558798987,0.0058579723645333,18.1682720080157,1,28.5996732397013,01-Nov-2019,5,5,0.007158558798987,0.00593686198070178,17.0662399037373,0.000826280945506852,1
M2REAL,1,2,-10.3369800740938,321,1,01-Mar-2020,323,321,0.00985794398355124,0.00891490201108035,9.56631498458941,1,25.0061060422408,01-Aug-2021,5,3,0.00985794398355124,0.00946921871201913,3.94326922714032,0.000395322310479562,1
BOGMBASE,1,4,-7.15749632531337,321,1,01-Feb-2009,325,321,0.228560795862707,0.188415758609871,17.5642708546355,1,21.2714538397087,01-Feb-2009,5,5,0.228560795862707,0.188415758609871,17.5642708546355,0.0157574742877038,1
TOTRESNS,1,5,-4.86038603801018,320,1,01-Sep-2008,325,320,2.22504900281432,1.67418836075716,24.7572364186324,1,88.9894879503306,01-Sep-2008,5,6,2.22504900281432,1.67418836075716,24.7572364186324,1.11022302462516e-15,1
NONBORRES,1,6,0.457009930939273,319,1,01-Feb-2008,325,319,443.941207467925,153.217844316363,65.4869064328899,1,806.605346544403,01-Aug-2008,5,7,443.941207467925,392.120757471176,11.6728181851633,0,1
BUSLOANS,1,4,-9.07577266002063,321,1,01-Jul-2020,325,321,0.0335664113671648,0.0291177997170829,13.2531643058918,1,26.0006362419582,01-Jun-2020,5,5,0.0335664113671648,0.0293530892428251,12.5521971301978,0.00242906573961532,1
REALLN,1,5,-10.3001522772371,320,1,01-Oct-2008,325,320,0.00965782027997072,0.00907604767609066,6.02384996836811,1,18.7112354520581,01-Jun-2003,5,6,0.00965782027997072,0.0094270905589315,2.3890455025108,0.0783669239878246,0
NONREVSL,1,6,-10.060117902638,318,1,01-Jan-2011,324,318,0.0119753593364905,0.011583516793807,3.27207336058311,1,31.2120910263857,01-Aug-2003,5,7,0.0119753593364905,0.011812995849596,1.35581306858763,0.00163502983247354,1
CONSPI,1,1,1.74873598956632,323,1,01-Apr-2021,324,323,1791.15040328746,1479.24586474443,17.4136430961108,1,59.0852119332984,01-Apr-2021,5,2,1791.15040328746,1479.24586474443,17.4136430961108,5.01931829433033e-12,1
S&P 500,1,1,-6.54864954071527,324,1,01-Mar-2009,325,324,0.447718932228828,0.432216118737431,3.46262183156314,1,10.4270307243589,01-Mar-2003,5,2,0.447718932228828,0.438993246431541,1.94892044297721,0.0797047606092663,0
S&P div yield,1,1,-5.0961414208851,323,1,01-Mar-2009,324,323,1.90739028599701,1.85668450916744,2.65838497772741,1,9.01559023883599,01-Mar-2003,5,2,1.90739028599701,1.89072482072235,0.87373126501725,0.139582332247826,0
S&P PE ratio,1,1,-6.16555895752713,321,1,01-Dec-2008,322,321,0.650459027537148,0.609223048237512,6.33951987041671,1,14.2253891416299,01-Feb-2009,5,2,0.650459027537148,0.611825808432325,5.93937780387209,0.0159649494485408,1
FEDFUNDS,1,1,-4.04155110386226,324,1,01-Dec-2021,325,324,5.49318816934496,5.41323393402855,1.45551604735838,1,4.54596839847936,01-May-2020,5,2,5.49318816934496,5.41474663823472,1.42797822852643,0.633724803563334,0
CP3Mx,1,3,-3.56684801363312,320,1,01-Jul-2020,323,320,8.40955845066732,8.20391380863522,2.44536788986562,1,11.7214470674427,01-Sep-2020,5,4,8.40955845066732,8.20409556578055,2.44320657371099,0.232252070900181,0
TB3MS,1,3,-3.68269544518457,322,1,01-Mar-2008,325,322,7.53924874253936,7.1466106945013,5.20792006533292,1,13.3329391247655,01-May-2008,5,4,7.53924874253936,7.2812933970845,3.42149933320783,0.139159576507331,0
TB6MS,1,3,-3.77490499686842,322,1,01-Mar-2008,325,322,6.87514675223194,6.60483972783234,3.93165461249015,1,9.59432179760727,01-Apr-2021,5,4,6.87514675223194,6.75313295163306,1.77470830799749,0.420904633108257,0
GS1,1,1,-3.62739487853533,324,1,01-Aug-2021,325,324,8.31170726907205,8.21497898844294,1.16375947200445,1,2.77838146816068,01-Apr-2021,5,2,8.31170726907205,8.21634256928059,1.14735392746939,0.918271647723194,0
GS5,1,1,-3.04014402300775,324,1,01-Sep-2020,325,324,14.9530589483343,14.7952201068672,1.05556222317078,1,5.68212107161279,01-Jul-2016,5,2,14.9530589483343,14.8133102886821,0.934582416448185,0.455730693455226,0
GS10,1,1,-3.09292403453006,324,1,01-Jul-2020,325,324,14.1843022719347,14.0113166822351,1.21955656600604,1,6.80869025866166,01-Feb-2020,5,2,14.1843022719347,14.0319411641227,1.07415299597378,0.314437203224824,0
AAA,1,2,-3.35884855451941,323,1,01-Nov-2021,325,323,10.6455435995157,10.2438722615792,3.77314069668379,1,9.90976283292092,01-Apr-2003,5,3,10.6455435995157,10.4497649758664,1.83906647715217,0.225825642523825,0
BAA,1,2,-3.13049424946129,323,1,01-Apr-2003,325,323,13.3764496008677,13.0408880398962,2.50859959842959,1,20.9172163209352,01-May-2003,5,3,13.3764496008677,13.0414932877191,2.50407487145887,0.00260263409336481,1
COMPAPFFx,1,2,-3.88081475736884,322,1,01-Oct-2008,324,322,6.29613918961233,5.63511697608128,10.498850067064,1,9.86233350088143,01-Jul-2003,5,3,6.29613918961233,6.22446909132601,1.1383181998989,0.229412471153065,0
TB3SMFFM,1,1,-4.26301026225141,324,1,01-Mar-2008,325,324,4.4019589228728,4.03044544687916,8.43973064044829,1,15.5065716287058,01-Mar-2008,5,2,4.4019589228728,4.03044544687916,8.43973064044829,0.00906733736772147,1
TB6SMFFM,1,1,-4.14957454386689,324,1,01-Mar-2008,325,324,4.93072171569478,4.79430936135291,2.76657986816951,1,4.43822205363965,01-Jan-2008,5,2,4.93072171569478,4.81573105489315,2.33212635861412,0.6519143923049,0
T1YFFM,1,2,-3.7458684623136,323,1,01-Mar-2008,325,323,7.22914994122266,7.0818661790529,2.03735934884825,1,2.48334694001511,01-Mar-2008,5,3,7.22914994122266,7.0818661790529,2.03735934884825,0.997295393953303,0
T5YFFM,1,2,-2.78219423413373,323,1,01-Sep-2018,325,323,18.9498437025918,18.5817610475129,1.94240470188421,1,8.18564015438325,01-May-2018,5,3,18.9498437025918,18.5865821219379,1.91696346605845,0.386910785093542,0
T10YFFM,1,2,-2.72609783418964,323,1,01-Feb-2018,325,323,20.0432428813976,19.745118543434,1.48740570439446,1,5.77293092664345,01-Nov-2015,5,3,20.0432428813976,19.7543200971735,1.44149719650538,0.703474135773954,0
AAAFFM,1,2,-2.75501696156994,323,1,01-Dec-2021,325,323,19.4719108170558,19.1325904809844,1.74261447301906,1,5.64168659212378,01-Jun-2015,5,3,19.4719108170558,19.2244901318396,1.27065436741548,0.721756836980026,0
BAAFFM,1,2,-2.51716829995259,323,1,01-Nov-2008,325,323,24.7004538458545,24.113870180812,2.37478901684633,1,8.74542156458999,01-Nov-2015,5,3,24.7004538458545,24.2591511309184,1.78661783985881,0.327561322379793,0
TWEXAFEGSMTHx,1,1,-8.37119951478059,324,1,01-Mar-2008,325,324,0.0723572516397577,0.0716928258648476,0.918257340975381,1,4.43445179379404,01-Jul-2008,5,2,0.0723572516397577,0.0716965178007838,0.913154969267626,0.65255326468033,0
EXSZUSx,1,1,-7.60030303994762,324,1,01-Aug-2011,325,324,0.15641490950406,0.154071901836315,1.49794394612044,1,4.44181760298189,01-Jul-2005,5,2,0.15641490950406,0.15504781595581,0.87401741469828,0.651305262700675,0
EXJPUSx,1,1,-7.58361698129886,324,1,01-Sep-2012,325,324,0.159046754352431,0.156489090748291,1.60812058979362,1,5.61966459481945,01-Sep-2012,5,2,0.159046754352431,0.156489090748291,1.60812058979362,0.464671387386895,0
EXUSUKx,1,1,-7.80356361802088,324,1,01-Jun-2009,325,324,0.127644821487098,0.125945875363272,1.33099494678464,1,5.59107087324786,01-May-2003,5,2,0.127644821487098,0.126773062734594,0.682956615354748,0.468801765096997,0
EXCAUSx,1,1,-8.08804242066697,324,1,01-Oct-2007,325,324,0.096040768400396,0.0945838094132062,1.51702137691753,1,10.7299795151794,01-May-2021,5,2,0.096040768400396,0.0948966975853089,1.19123454980858,0.070449866182126,0
WPSFD49207,1,6,-9.65082042904819,319,1,01-Jun-2021,325,319,0.0180946634366853,0.0172630064705928,4.59614498497062,1,25.7482149578738,01-Jun-2006,5,7,0.0180946634366853,0.017394605323214,3.86886507130075,0.013148247723735,1
WPSFD49502,1,6,-9.08549938595572,319,1,01-Apr-2020,325,319,0.03184683802911,0.0302108267047608,5.13712326119714,1,24.2543111876801,01-Jun-2006,5,7,0.03184683802911,0.0306222705573492,3.84517756720915,0.0224364575436995,1
WPSID61,1,3,-9.27438564288495,322,1,01-Mar-2007,325,322,0.0281117495407621,0.0264757364518404,5.81967723691283,1,20.2442631206781,01-Mar-2007,5,4,0.0281117495407621,0.0264757364518404,5.81967723691283,0.0105225236768446,1
WPSID62,1,3,-6.12143075329859,322,1,01-Feb-2007,325,322,0.657958929139401,0.626093757098252,4.84303360436618,1,16.8125758501592,01-Jul-2005,5,4,0.657958929139401,0.627251752174731,4.66703552527732,0.0403927269091253,1
OILPRICEx,1,6,-4.41697066284906,319,1,01-Apr-2020,325,319,3.39299001937387,3.10611764785612,8.454854564255,1,9.39280477992927,01-Nov-2019,5,7,3.39299001937387,3.21285945057338,5.30890358568548,0.879165257957499,0
PPICMM,1,4,-6.54873011967475,321,1,01-Jul-2010,325,321,0.420131789099771,0.406797973404782,3.17372216074383,1,17.1975290413367,01-Jan-2015,5,5,0.420131789099771,0.408274687189754,2.8222339317441,0.0690156419954525,0
CPIAUCSL,1,9,-11.7355035225231,313,1,01-Feb-2009,322,313,0.002085211273907,0.00193518172151744,7.19493291960086,1,33.1944705544534,01-Sep-2006,5,10,0.002085211273907,0.00194576096748181,6.68758644124883,0.00651416684321116,1
CPIAPPSL,1,6,-10.3407958407717,316,1,01-Jul-2020,322,316,0.00898180651611855,0.00847010812266153,5.69705429012236,1,13.5583232888149,01-Jul-2021,5,7,0.00898180651611855,0.00878329257806463,2.21017829428487,0.486559879867474,0
CPITRNSL,1,9,-8.35711553447177,313,1,01-Apr-2009,322,313,0.0611456160963487,0.0569036064826805,6.93755314687472,1,28.7593601192057,01-Sep-2006,5,10,0.0611456160963487,0.0577283828264502,5.58868073961978,0.0285551466249725,1
CPIMEDSL,1,4,-12.447498747871,318,1,01-Oct-2016,322,318,0.00114077701428811,0.00109923735614931,3.64134774969334,1,12.8178320295849,01-Oct-2018,5,5,0.00114077701428811,0.00110093521823341,3.49251392302595,0.2715340254442,0
CUSR0000SAC,1,9,-9.99980473799974,313,1,01-Apr-2009,322,313,0.011829175324681,0.01099729517997,7.03244412123439,1,31.829942282526,01-Sep-2006,5,10,0.011829175324681,0.0110932626580145,6.22116628139843,0.0104113664362756,1
CUSR0000SAD,1,6,-11.4390242854387,316,1,01-May-2020,322,316,0.0029950849301422,0.00277509611023594,7.34499438370898,1,25.8959867884605,01-Jun-2021,5,7,0.0029950849301422,0.00284738209544716,4.93150739094512,0.012459514289204,1
CUSR0000SAS,1,5,-13.3113286646782,317,1,01-Jul-2005,322,317,0.000470634776490941,0.000446822543251303,5.05959916884651,1,37.9152722009663,01-Aug-2005,5,6,0.000470634776490941,0.000446969662126915,5.02833949936158,4.05020796981903e-05,1
CPIULFSL,1,9,-11.4250628380128,313,1,01-Feb-2009,322,313,0.00284428257424652,0.00265306337415964,6.7229325882834,1,31.486425064177,01-Jul-2009,5,10,0.00284428257424652,0.00269074519620421,5.39810563945075,0.0116939854491307,1
CUSR0000SA0L2,1,9,-10.9305032040732,313,1,01-Feb-2009,322,313,0.00466398624089358,0.00436567931930547,6.3959648716923,1,31.8991864301747,01-Sep-2006,5,10,0.00466398624089358,0.00437417325965991,6.21384725993848,0.010169429963288,1
CUSR0000SA0L5,1,9,-11.5711715087752,313,1,01-Aug-2008,322,313,0.00245764160826959,0.00228853395833468,6.8808913946561,1,35.0764464891302,01-May-2008,5,10,0.00245764160826959,0.00229074523672124,6.79091577009305,0.00335067572854231,1
PCEPI,1,5,-12.3744845158161,319,1,01-Jan-2006,324,319,0.00120928063908204,0.00113353998893282,6.26328146679931,1,30.0539812254805,01-Jan-2006,5,6,0.00120928063908204,0.00113353998893282,6.26328146679931,0.00113285384613993,1
DDURRG3M086SBEA,1,7,-11.6218758626288,317,1,01-Sep-2020,324,317,0.00245824118722158,0.00231738757455116,5.72985325453856,1,26.5078838131893,01-Nov-2020,5,8,0.00245824118722158,0.00231993654792864,5.62616231523073,0.0186533821483105,1
DNDGRG3M086SBEA,1,9,-9.76684989013854,315,1,01-Apr-2009,324,315,0.0150421562217813,0.0139853332816093,7.02574102136785,1,34.2783193767567,01-Sep-2006,5,10,0.0150421562217813,0.0140755855398549,6.42574553591435,0.00445280794882064,1
DSERRG3M086SBEA,1,4,-13.2806848220901,320,1,01-May-2003,324,320,0.000499204941631945,0.000464571795443705,6.93766092839961,1,10.3503058700614,01-Apr-2003,5,5,0.000499204941631945,0.000464750591185025,6.90184482835546,0.502971725135657,0
CES0600000008,1,7,-12.6181053612762,318,1,01-Aug-2020,325,318,0.000910960294672422,0.000868817530807432,4.62619107676306,1,27.8543295989322,01-Aug-2021,5,8,0.000910960294672422,0.000883976424649281,2.96213459367562,0.0116174259675013,1
CES2000000008,1,6,-11.1424403587684,319,1,01-Oct-2015,325,319,0.00407144155567015,0.00387602963359866,4.79957576203812,1,23.119000483051,01-Sep-2018,5,7,0.00407144155567015,0.00389844105738253,4.24912149473679,0.0332582971273274,1
CES3000000008,1,8,-12.1802146167095,317,1,01-Aug-2021,325,317,0.00138118315845326,0.00130711731863977,5.36249224877862,1,27.998482412704,01-Aug-2021,5,9,0.00138118315845326,0.00130711731863977,5.36249224877862,0.0215406930998774,1
UMCSENTx,1,0,2.91916826867969,325,1,01-Feb-2020,325,325,5914.70596923077,5892.67267771986,0.372517106100101,1,1.21069565355741,01-Feb-2020,5,1,5914.70596923077,5892.67267771986,0.372517106100101,0.970033043265777,0
DTCOLNVHFNM,1,8,-7.36456451770759,316,1,01-May-2006,324,316,0.169864932749447,0.159887438211247,5.8737812311835,1,115.620149091149,01-Jul-2021,5,9,0.169864932749447,0.163187144828033,3.93123395943304,0,1
DTCTHFNM,1,5,-7.25728547060412,319,1,01-Jul-2021,324,319,0.201789427360029,0.192984667391847,4.36334057902461,1,156.919744803078,01-Jul-2021,5,6,0.201789427360029,0.192984667391847,4.36334057902461,0,1
INVEST,1,4,-9.30840627789886,321,1,01-Jan-2009,325,321,0.0265994965097709,0.0256535022609762,3.55643667333038,1,18.0531795151139,01-Mar-2021,5,5,0.0265994965097709,0.0260068264268595,2.22812519287232,0.0512772804513899,0
VIXCLSx,1,1,3.05033310549825,324,1,01-Mar-2009,325,324,6603.7504679597,6366.81887465679,3.58783382946501,1,18.3202070994327,01-Jan-2018,5,2,6603.7504679597,6380.79481933771,3.37619735487789,0.00254299458304541,1
