series_name,include_main_hist,cvexp_found,cvexp_stat,cvexp_break_date,cvexp_hac_lag,cvexp_mu1,cvexp_mu2,cvexp_ratio,cvexp_pct_change,cvexp_nobs_exp,cvexp_pval,cvexp_sig5
RPI,1,1,6.1175597826298,01-Apr-1994,5,0.00368668907036425,0.00256757753265299,0.69644536972013,-30.355463027987,423,0.154385812489465,0
W875RX1,1,1,6.80065151753597,01-Nov-1971,5,0.00264935957107327,0.00393890487105444,1.48673849863979,48.6738498639792,423,0.114234141291617,0
DPCERA3M086SBEA,1,1,38.8365819169483,01-Apr-1988,5,0.00580004159345813,0.00325734143606445,0.561606564983673,-43.8393435016327,422,2.08571930837564e-08,1
CMRMTSPLx,1,1,29.2336224177167,01-Aug-1992,5,0.0110011654275458,0.00681038616184738,0.619060426524892,-38.0939573475108,417,2.43340374594947e-06,1
RETAILx,1,1,27.3619648870288,01-Jan-1992,5,0.0115942177709046,0.00713852139391232,0.615696680445859,-38.4303319554141,421,6.12149781920035e-06,1
INDPRO,1,1,23.5123025852814,01-Feb-1984,5,0.00680943460896299,0.00436987974946228,0.641738998963347,-35.8261001036653,411,4.0527695264525e-05,1
IPFPNSS,1,1,13.2707425367836,01-Jan-1984,5,0.00712014432590685,0.00494254445960555,0.694163521604746,-30.5836478395254,420,0.00572830769649346,1
IPFINAL,1,1,4.4287120307548,01-Jan-1984,5,0.0076130097732994,0.00614574592095511,0.807268886283276,-19.2731113716724,423,0.317240388425279,0
IPCONGD,1,1,6.06868179852129,01-Sep-1975,5,0.00957538160804933,0.0071307378719271,0.744694902387265,-25.5305097612735,423,0.157720704797552,0
IPDCONGD,1,1,2.65157805602496,01-Sep-1975,5,0.0200068881739721,0.0154275184821599,0.771110346996902,-22.8889653003098,412,0.633690642879215,0
IPNCONGD,1,1,2.15706033805453,01-Jul-1991,5,0.0071579474171501,0.00626224650832413,0.874866235161226,-12.5133764838774,422,0.750558614112297,0
IPBUSEQ,1,1,15.9397579907287,01-Dec-1982,5,0.0108494868204553,0.00754457879756044,0.69538577468347,-30.461422531653,420,0.0016009557755281,1
IPMAT,1,1,53.8869428079831,01-Feb-1984,5,0.00918600912152139,0.00473028004643257,0.514943974456792,-48.5056025543208,411,1.13610232332917e-11,1
IPDMAT,1,1,27.431627824617,01-Feb-1984,5,0.0132778190946451,0.0075510203481055,0.568694323539234,-43.1305676460766,411,5.91510009617657e-06,1
IPNMAT,1,1,31.3912902344851,01-May-1993,5,0.00829376746459744,0.00482342689813863,0.581572478216659,-41.8427521783341,421,8.38132819480641e-07,1
IPMANSICS,1,1,25.5688916196954,01-Jan-1984,5,0.00773677381628986,0.00506102497659161,0.654151859258903,-34.5848140741097,411,1.47838020754243e-05,1
IPB51222S,1,1,88.7463164953821,01-Feb-1967,5,0.0111744198155853,0.0265882099418154,2.37938169324298,137.938169324298,418,0,1
IPFUELS,1,1,14.2943628019937,01-Oct-1992,5,0.0177254218119149,0.0121916251766222,0.687804516360063,-31.2195483639937,421,0.00351942894646307,1
CUMFNS,1,1,25.1993152861556,01-Sep-1983,5,0.635632526667692,0.418695583751791,0.658706982707141,-34.1293017292859,411,1.7725280370029e-05,1
HWI,1,1,65.7827015505506,01-Jun-1968,5,47.9396292604633,103.049790947064,2.14957421525267,114.957421525267,411,2.90878432451791e-14,1
HWIURATIO,1,1,9.28501157569419,01-Jan-1981,5,0.0304052658698326,0.0214288322458902,0.704773717080087,-29.5226282919913,420,0.0370544869797365,1
CLF16OV,1,1,33.839472970423,01-Oct-1983,5,0.0030852488145401,0.00178500760734328,0.578561961982104,-42.1438038017896,422,2.49411080566198e-07,1
CE16OV,1,1,32.7111635930887,01-Sep-1994,5,0.00286053169491142,0.00164516981752665,0.575127281565603,-42.4872718434397,419,4.36177589491216e-07,1
UNRATE,1,1,15.5127885307071,01-May-1991,5,0.162360828026473,0.115878323333725,0.713708625055984,-28.6291374944016,419,0.00196502784785002,1
UEMPMEAN,1,1,8.17273721935275,01-Aug-1965,5,0.636390149798163,0.409508000226658,0.643485761614219,-35.6514238385781,419,0.0616449666191056,0
UEMPLT5,1,1,16.7776622460585,01-Nov-1983,5,0.0477876997058377,0.0325872489131635,0.681917085646678,-31.8082914353322,421,0.00106989345326836,1
UEMP5TO14,1,1,16.1984172234781,01-Dec-1984,5,0.0566276350301924,0.0397969666291206,0.702783483857341,-29.7216516142659,421,0.00141384085956586,1
UEMP15OV,1,1,16.6121765616329,01-Mar-1971,5,0.0629322952657867,0.0406848595267676,0.646486185748352,-35.3513814251648,419,0.00115864667515619,1
UEMP15T26,1,1,19.3085426335219,01-Jul-1971,5,0.0952670508562902,0.0660250896919719,0.693052730178144,-30.6947269821856,420,0.000314651427285484,1
UEMP27OV,1,1,29.0344798082296,01-Aug-1979,5,0.0801689781748376,0.0474023081613677,0.591279934465296,-40.8720065534704,419,2.68462729069441e-06,1
CLAIMSx,1,1,31.278892719471,01-Jun-1994,5,0.0491507967783197,0.0283470518308831,0.576736364188239,-42.3263635811761,423,8.86036205960394e-07,1
PAYEMS,1,1,50.5076758316898,01-Feb-1984,5,0.00180548886668449,0.000866363326675722,0.479849719741928,-52.0150280258072,413,6.16708906164831e-11,1
USGOOD,1,1,63.2829552454712,01-Mar-1984,5,0.00380111092251205,0.00156960489466354,0.412933199441133,-58.7066800558867,413,1.02029495963052e-13,1
CES1021000001,1,1,12.8061081948003,01-Dec-1993,5,0.0121894514423396,0.005132171233186,0.421033814151765,-57.8966185848235,423,0.00713978138386173,1
USCONS,1,1,51.1157681526676,01-Mar-1984,5,0.0101980461823748,0.00439867602646852,0.431325368389753,-56.8674631610247,418,4.54929427462503e-11,1
MANEMP,1,1,29.8310557236582,01-Nov-1983,5,0.00334678584416903,0.00137850467417609,0.411889119400277,-58.8110880599723,413,1.81195380388743e-06,1
DMANEMP,1,1,22.9531878417656,01-Nov-1983,5,0.00464974262048911,0.00190001683991789,0.408628389783438,-59.1371610216562,413,5.32798524114364e-05,1
NDMANEMP,1,1,27.3628512394856,01-Oct-1980,5,0.00251394655252241,0.00137353076155456,0.546364345008212,-45.3635654991788,421,6.11882713597023e-06,1
SRVPRD,1,1,14.8297766301261,01-Jul-1991,5,0.00130368442034059,0.000821213159603656,0.629917138527368,-37.0082861472632,419,0.00272528274827311,1
USTPU,1,1,13.5987419885425,01-May-1990,5,0.00189601977442727,0.00120882369759418,0.637558591897772,-36.2441408102228,419,0.0049017930937344,1
USWTRADE,1,1,18.2046868814664,01-Mar-1990,5,0.001675442828845,0.00109842302435071,0.655601614952107,-34.4398385047893,416,0.000537189700630658,1
USTRADE,1,1,24.3540811871144,01-Apr-1991,5,0.00248430814504735,0.00140032999545289,0.563670009392573,-43.6329990607428,418,2.68325298840022e-05,1
USFIRE,1,1,13.7227373612491,01-Jan-1966,5,0.000725069443888865,0.00104626506468898,1.44298601121211,44.2986011212113,420,0.00462107787787236,1
USGOVT,1,1,30.901980766604,01-Sep-1991,5,0.0021012073449335,0.00117965875465925,0.561419489372947,-43.8580510627053,412,1.06752508011176e-06,1
CES0600000007,1,1,6.81947031043081,01-Mar-1984,5,0.219678067072485,0.161482095511952,0.735085198371984,-26.4914801628016,420,0.11328308970722,0
AWOTMAN,1,1,4.36417573259831,01-May-1993,5,0.123037013708038,0.0896343723554758,0.728515506465191,-27.1484493534809,422,0.325795236030311,0
AWHMAN,1,1,4.53174827218325,01-Mar-1984,5,0.200328699340241,0.150676214990013,0.752144927243312,-24.7855072756688,420,0.303993964604917,0
HOUST,1,1,31.7242207286069,01-Mar-1994,5,0.0716987880226199,0.0426701373781123,0.595130525283782,-40.4869474716218,421,7.10881064347468e-07,1
HOUSTNE,1,1,3.5738191381918,01-Mar-1984,5,0.151109787921443,0.126097430860438,0.834475599462772,-16.5524400537228,418,0.447877886157875,0
HOUSTMW,1,1,14.3638690322764,01-Apr-1994,5,0.138473409697661,0.0921952280768938,0.66579734172929,-33.420265827071,419,0.00340462684020748,1
HOUSTS,1,1,6.62291240429902,01-Jul-1991,5,0.0848488092099644,0.0670972327061333,0.790785790995563,-20.9214209004437,421,0.123600481559864,0
HOUSTW,1,1,6.65067801975246,01-Feb-1993,5,0.106454488535559,0.0840817354391491,0.789837390567739,-21.0162609432261,420,0.122090551352702,0
PERMIT,1,1,33.4693139234604,01-Jun-1991,5,0.0591953049824806,0.032807808623708,0.554229911196805,-44.5770088803195,412,2.99625490862709e-07,1
PERMITNE,1,1,9.9618271369172,01-Jan-1985,5,0.109239322634927,0.0786287891168693,0.719784663803193,-28.0215336196807,410,0.0271008744469952,1
PERMITMW,1,1,29.6310723554691,01-Apr-1992,5,0.0998674400869237,0.0538298705443479,0.539013220900574,-46.0986779099426,410,1.99997823169262e-06,1
PERMITS,1,1,10.2579036368858,01-May-1990,5,0.0705439622308302,0.0526817140404795,0.74679267189582,-25.320732810418,411,0.0236196721930253,1
PERMITW,1,1,5.57704160986617,01-Aug-1991,5,0.0811969442788379,0.0628582533173994,0.774145552836794,-22.5854447163206,411,0.195246530063051,0
ACOGNO,0,0,NaN,,NaN,NaN,NaN,NaN,NaN,NaN,NaN,0
AMDMNOx,1,1,4.39343889931759,01-Mar-1971,5,0.032124227413198,0.0272989928037488,0.849794532102373,-15.0205467897627,417,0.321891237031138,0
ANDENOx,0,0,NaN,,NaN,NaN,NaN,NaN,NaN,NaN,NaN,0
AMDMUOx,1,1,9.11664501924218,01-Sep-1971,5,0.00811432132727147,0.00611703795948701,0.753857003287289,-24.6142996712711,420,0.0400395584891107,1
BUSINVx,1,1,13.126525179826,01-Jun-1994,5,0.00322594084790542,0.00229248553061937,0.710640907166001,-28.9359092833998,420,0.00613399913854973,1
ISRATIOx,1,1,13.7802398708661,01-Mar-1992,5,0.0169062626903471,0.0109507097483987,0.647730959170009,-35.2269040829991,423,0.00449635476787458,1
M1SL,1,1,46.00951365599,01-Apr-1966,5,0.00192661355381543,0.00384138041390874,1.99385102751994,99.3851027519939,416,5.84139847603637e-10,1
M2SL,1,1,27.8929944348599,01-Apr-1966,5,0.0012407140028606,0.00206797278209727,1.66676025041173,66.6760250411727,416,4.71278962133059e-06,1
M2REAL,1,1,17.508330480747,01-Aug-1994,5,0.00282371886801945,0.00186513120362751,0.660522980793663,-33.9477019206337,422,0.000752144055353066,1
BOGMBASE,1,1,1.35652074817108,01-Jul-1978,5,0.0039573358054849,0.00455176476859204,1.15020938134268,15.0209381342685,412,0.941550870901082,0
TOTRESNS,1,1,43.1231952331482,01-Dec-1968,5,0.007769792368621,0.0162292276235564,2.08875950007359,108.875950007359,412,2.46623010902169e-09,1
NONBORRES,1,1,33.7739875673542,01-Dec-1968,5,0.0086358221151431,0.0188581390250843,2.18371091641827,118.371091641827,412,2.57638557044082e-07,1
BUSLOANS,1,1,14.0684540024692,01-May-1966,5,0.0034072360727458,0.00486095624236399,1.42665672074981,42.665672074981,412,0.0039196911267827,1
REALLN,1,1,8.71357772880213,01-Aug-1994,5,0.00234118906326263,0.00373814976483589,1.59668854749666,59.6688547496665,421,0.0481707084595021,1
NONREVSL,1,1,3.00399812052236,01-Nov-1972,5,0.00343337139587607,0.00444604682176276,1.29495073766358,29.4950737663581,419,0.557174718325931,0
CONSPI,1,1,10.6771936885961,01-Sep-1994,5,0.718658322694783,0.479449544828956,0.667145331360171,-33.2854668639829,419,0.0194290238558237,1
S&P 500,1,1,1.24295540218027,01-May-1989,5,0.0288491490353207,0.0256409875423732,0.888795281655635,-11.1204718344365,422,0.96414550073301,0
S&P div yield,1,1,58.1847223087223,01-May-1990,5,0.106630879302209,0.0521512827061821,0.489082365703623,-51.0917634296377,422,1.31794575253252e-12,1
S&P PE ratio,1,1,2.78777304532639,01-Aug-1988,5,0.0304420115724648,0.0256575388987735,0.842833228602445,-15.7166771397555,422,0.603356376850639,0
FEDFUNDS,1,1,18.7556268616189,01-Sep-1992,5,0.330533139269213,0.136750895007718,0.413728243134909,-58.6271756865091,421,0.000411407807818231,1
CP3Mx,1,1,46.8102651754702,01-Sep-1966,5,0.0923788294828377,0.334469497776832,3.62062931138319,262.062931138319,415,3.91588206305471e-10,1
TB3MS,1,1,21.548203600959,01-Jun-1966,5,0.118002812266848,0.297645407141145,2.5223585897941,152.23585897941,417,0.000105822908098796,1
TB6MS,1,1,49.2856485112572,01-May-1966,5,0.0973834869861196,0.300521519719669,3.08595973527322,208.595973527322,415,1.13639320176162e-10,1
GS1,1,1,23.9917454495089,01-Jun-1966,5,0.140529431806558,0.331984179987629,2.36238185638303,136.238185638303,417,3.20464504037776e-05,1
GS5,1,1,51.0556061206333,01-Jul-1966,5,0.106094222086708,0.288476233465596,2.71905696457092,171.905696457092,421,4.68833860622908e-11,1
GS10,1,1,84.0107644541875,01-Jan-1966,5,0.0770131860006792,0.248887476326899,3.23175146038892,223.175146038892,421,0,1
AAA,1,1,77.6757674165171,01-Feb-1966,5,0.041327556123195,0.179623185717781,4.34632972688572,334.632972688572,421,1.11022302462516e-16,1
BAA,1,1,135.325378953589,01-Feb-1966,5,0.0354795703316154,0.167751270817419,4.72810885953538,372.810885953538,421,0,1
COMPAPFFx,1,1,11.8616338689789,01-Jul-1989,5,0.233429673640933,0.136215453675104,0.583539579824945,-41.6460420175055,418,0.0111515256862152,1
TB3SMFFM,1,1,12.6844425173438,01-Oct-1987,5,0.279339410458521,0.152042539446888,0.544293192275727,-45.5706807724273,422,0.00756296908368981,1
TB6SMFFM,1,1,10.9378085239809,01-Feb-1987,5,0.303003317659256,0.16554511228454,0.54634752372812,-45.365247627188,422,0.0172020662204363,1
T1YFFM,1,1,4.92658084880527,01-Dec-1985,5,0.321206189990915,0.226706087713651,0.705796135871674,-29.4203864128326,418,0.257697494573607,0
T5YFFM,1,1,11.7522608886628,01-Jan-1969,5,0.210339095250898,0.366847769684851,1.74407791022998,74.4077910229981,418,0.0117404514022907,1
T10YFFM,1,1,13.1614798184396,01-Dec-1968,5,0.201069071328425,0.369103416343719,1.83570458601675,83.5704586016747,418,0.00603313556731389,1
AAAFFM,1,1,8.13593634163322,01-Aug-1966,5,0.176744980506867,0.335116475827762,1.89604522214277,89.6045222142767,421,0.0626842136140361,0
BAAFFM,1,1,8.44946692536775,01-Feb-1968,5,0.186454246001354,0.330613562853226,1.77316188793482,77.3161887934824,421,0.0543481196039628,0
TWEXAFEGSMTHx,0,0,NaN,,NaN,NaN,NaN,NaN,NaN,NaN,NaN,0
EXSZUSx,1,1,277.245521954489,01-Apr-1971,5,0.00185106565204845,0.0269009568542321,14.5326865227404,1353.26865227404,422,0,1
EXJPUSx,1,1,235.503267182744,01-Jul-1971,5,0.00169648285467406,0.024491828066965,14.4368261662571,1343.68261662571,422,0,1
EXUSUKx,1,1,141.471973775472,01-Sep-1967,5,0.00209284690126342,0.0201800879300664,9.64241001952124,864.241001952124,421,0,1
EXCAUSx,1,1,93.6607776826361,01-Nov-1973,5,0.00329249003939607,0.0105593211664526,3.2070928203596,220.70928203596,422,0,1
WPSFD49207,1,1,8.40210524739465,01-Sep-1993,5,0.00365083635064311,0.00258007466076732,0.706707837044743,-29.3292162955257,415,0.0555344930897328,0
WPSFD49502,1,1,7.75539695333015,01-Sep-1993,5,0.00466132768502503,0.00340656498329957,0.730814311605574,-26.9185688394426,415,0.0744751802552738,0
WPSID61,1,1,6.4809665118778,01-Feb-1992,5,0.00345839060581477,0.00262329213993272,0.758529743725896,-24.1470256274104,421,0.131601529959822,0
WPSID62,1,1,14.1316199394944,01-Oct-1972,5,0.0125236082424528,0.0194061655578178,1.54956664102877,54.956664102877,413,0.00380344236312047,1
OILPRICEx,1,1,75.9694117187148,01-Jan-1967,5,0.00552353264206535,0.0512576678523024,9.27987054189586,827.987054189587,415,2.22044604925031e-16,1
PPICMM,1,1,38.3982573793141,01-Sep-1967,5,0.00935861825349644,0.0208767939945079,2.23075601857231,123.075601857231,418,2.59378851730219e-08,1
CPIAUCSL,1,1,9.50419720533816,01-Jun-1990,5,0.00171274464049844,0.0011738050239941,0.685335686499363,-31.4664313500637,415,0.0334923099422508,1
CPIAPPSL,1,1,55.4006916916342,01-Feb-1977,5,0.00199141219303238,0.00423143553349633,2.12484163163278,112.484163163278,418,5.32163202393576e-12,1
CPITRNSL,1,1,3.39358221650214,01-Oct-1968,5,0.00402368746112024,0.00479881167018645,1.19264026258402,19.2640262584016,416,0.48047210648688,0
CPIMEDSL,1,1,81.7576649890866,01-May-1984,5,0.00236421698213352,0.000882777178930709,0.37339093052875,-62.660906947125,418,0,1
CUSR0000SAC,1,1,4.82340109474854,01-Jan-1992,5,0.00267590422053346,0.00205609079873635,0.768372344181456,-23.1627655818544,415,0.269137257153751,0
CUSR0000SAD,1,1,41.0366847463973,01-Dec-1989,5,0.00250096587518868,0.00139196938064864,0.556572720346944,-44.3427279653056,415,6.97659108261917e-09,1
CUSR0000SAS,1,1,50.1664520856537,01-Jul-1986,5,0.00207659208970457,0.00096911962828521,0.466687527651656,-53.3312472348344,417,7.314981953499e-11,1
CPIULFSL,1,1,11.4079389835026,01-Jun-1990,5,0.0019249418398937,0.00132955879653376,0.690700762474557,-30.9299237525443,417,0.0138018879127551,1
CUSR0000SA0L2,1,1,14.230582828327,01-Jan-1990,5,0.00224482577776951,0.00148898385953333,0.663295955649979,-33.6704044350021,415,0.00362814211966045,1
CUSR0000SA0L5,1,1,22.2219620727751,01-Jun-1990,5,0.0020228940763398,0.00124338669036594,0.614657339160196,-38.5342660839804,415,7.61668948660033e-05,1
PCEPI,1,1,15.3858307024506,01-May-1991,5,0.0013987478486874,0.000966721782247917,0.691133704445084,-30.8866295554916,418,0.00208833988283497,1
DDURRG3M086SBEA,1,1,1.94888818071993,01-May-1977,5,0.00239264529226615,0.00210584159333245,0.880131125219123,-11.9868874780877,419,0.801768335700605,0
DNDGRG3M086SBEA,1,1,7.56830571530953,01-Dec-1972,5,0.00246214877071329,0.0033088614210579,1.34389175033453,34.3891750334532,415,0.0810318248417793,0
DSERRG3M086SBEA,1,1,35.6943079856004,01-Dec-1972,5,0.000706600047475374,0.00128244960860714,1.81495828253795,81.4958282537953,417,9.93963523709951e-08,1
CES0600000008,1,1,15.3866044375221,01-Oct-1976,5,0.00291839494571288,0.00206651458292929,0.708099699105152,-29.1900300894848,412,0.00208756560113887,1
CES2000000008,1,1,31.9720103324725,01-Apr-1988,5,0.00547701614566555,0.00305514674610488,0.557812258509168,-44.2187741490832,413,6.28861828944061e-07,1
CES3000000008,1,1,19.6257442052017,01-Mar-1983,5,0.00345795460594709,0.00208805158510642,0.603840079772976,-39.6159920227024,412,0.000269745094781171,1
UMCSENTx,0,0,NaN,,NaN,NaN,NaN,NaN,NaN,NaN,NaN,0
DTCOLNVHFNM,1,1,37.6591876621162,01-Jul-1976,5,0.0071485037775087,0.0162123894097461,2.26794164406195,126.794164406195,412,3.74552938664507e-08,1
DTCTHFNM,1,1,28.2675716683145,01-May-1971,5,0.00407877713411283,0.00809239890526548,1.98402576046255,98.4025760462553,412,3.91847189507022e-06,1
INVEST,1,1,15.8712441420346,01-Jan-1977,5,0.00927693502650288,0.00651481816293524,0.702259759750751,-29.7740240249249,411,0.00165450738329664,1
VIXCLSx,1,1,6.33511803166533,01-Nov-1987,5,2.93452745230744,2.10507721660193,0.717347937892588,-28.2652062107412,392,0.14033381860056,0
