series_name,include_main_2007,cvexp2007_found,cvexp2007_stat,cvexp2007_break_date,cvexp2007_hac_lag,cvexp2007_mu1,cvexp2007_mu2,cvexp2007_ratio,cvexp2007_pct_change,cvexp2007_nobs_exp,cvexp2007_pval,cvexp2007_sig5
RPI,1,1,4.21042814176297,01-May-1971,5,0.00286773065804491,0.0038069941162038,1.32752847814489,32.7528478144885,510,0.34699782298884,0
W875RX1,1,1,8.72208437469676,01-Nov-1971,5,0.00265476340027919,0.00400039364629249,1.50687388784695,50.6873887846952,511,0.0479835522414629,1
DPCERA3M086SBEA,1,1,45.7773808817055,01-Apr-1988,5,0.00580278760048486,0.00327011757373192,0.563542524537462,-43.6457475462538,510,6.55927645532017e-10,1
CMRMTSPLx,1,1,35.7276770081259,01-Aug-1992,5,0.0110447587136254,0.00689936325028566,0.624673062506492,-37.5326937493508,505,9.77636102073021e-08,1
RETAILx,1,1,17.7694361790866,01-Nov-1987,5,0.0118246048241638,0.00825372320015978,0.698012603625717,-30.1987396374283,509,0.000663020916608525,1
INDPRO,1,1,23.2162172286918,01-Feb-1984,5,0.00680983525893695,0.00454951363115248,0.668079837200449,-33.1920162799551,499,4.68472581214296e-05,1
IPFPNSS,1,1,19.6486900775055,01-Jan-2000,5,0.00622781784508369,0.00433910854916695,0.696730164096288,-30.3269835903712,508,0.000266755757285519,1
IPFINAL,1,1,19.6694677142852,01-Oct-1999,5,0.00699661601645559,0.00482513489274097,0.689638373950002,-31.0361626049998,508,0.000264077340658697,1
IPCONGD,1,1,13.8426029879235,01-Oct-2000,5,0.00810881082015541,0.00605167500851716,0.746308570114252,-25.3691429885748,511,0.00436485299340583,1
IPDCONGD,1,1,10.0608230468652,01-Dec-2000,5,0.0175832714587228,0.0125553233145985,0.714049336272402,-28.5950663727598,500,0.0258843227106902,1
IPNCONGD,1,1,2.63701968603551,01-Jan-1976,5,0.00753895751444989,0.00655679277670472,0.86972141229571,-13.027858770429,510,0.636987136736631,0
IPBUSEQ,1,1,12.929504264222,01-Dec-1982,5,0.0107896582760223,0.00772618611396804,0.716073291323586,-28.3926708676414,508,0.00673448129198206,1
IPMAT,1,1,28.1634920365069,01-Jan-1984,5,0.00873366458037477,0.00534650946945097,0.612172521654312,-38.7827478345688,499,4.124714627185e-06,1
IPDMAT,1,1,30.8945037324365,01-Feb-1984,5,0.0132830055409357,0.00744437920683931,0.560443883268522,-43.9556116731478,499,1.07147778716232e-06,1
IPNMAT,1,1,16.6091379977881,01-Jun-1968,5,0.0113380506850453,0.00696193429479079,0.614032737035956,-38.5967262964044,509,0.00116034287204447,1
IPMANSICS,1,1,27.3248033775714,01-Jan-1984,5,0.00771567384910473,0.00513422613391756,0.665428092779388,-33.4571907220612,499,6.23452224290943e-06,1
IPB51222S,1,1,119.47425861709,01-Feb-1967,5,0.011174419815585,0.0281087621936852,2.51545607356562,151.545607356562,506,0,1
IPFUELS,1,1,5.6195133572095,01-Nov-1986,5,0.0182694376789544,0.0145996738262161,0.799130990388079,-20.0869009611921,509,0.191701586652317,0
CUMFNS,1,1,31.0192625493802,01-Sep-1983,5,0.634556089545722,0.412262030361381,0.649685720700465,-35.0314279299535,499,1.00739500863423e-06,1
HWI,1,1,59.8210418925001,01-Sep-1968,5,55.586669355542,115.436782956437,2.07669904124104,107.669904124104,499,5.79980508064182e-13,1
HWIURATIO,1,1,6.16715526000683,01-Nov-1973,5,0.0326789164788132,0.0239050480639029,0.73151287250914,-26.848712749086,508,0.151070056204672,0
CLF16OV,1,1,33.0001135791224,01-Oct-1983,5,0.00309680346984492,0.00185279289761192,0.598292050384685,-40.1707949615315,510,3.78024981317893e-07,1
CE16OV,1,1,16.6431857620391,01-Feb-1986,5,0.00309324516421197,0.00212580802662263,0.687242010823348,-31.2757989176652,507,0.00114147676683796,1
UNRATE,1,1,15.2234546808277,01-Jun-1998,5,0.155437016794966,0.116591948917771,0.750091267330261,-24.9908732669739,507,0.00225729482303871,1
UEMPMEAN,1,1,6.98866105916329,01-Nov-1966,5,0.612467533738434,0.41722471715266,0.681219320485392,-31.8780679514608,504,0.105065942198275,0
UEMPLT5,1,1,15.6363636765532,01-Mar-1971,5,0.0540674884252542,0.0364850825811775,0.674806314179295,-32.5193685820705,509,0.0018519443848416,1
UEMP5TO14,1,1,14.4388321582978,01-Dec-1983,5,0.0573512224342223,0.0414233716068332,0.722275303797453,-27.7724696202547,509,0.00328496691119096,1
UEMP15OV,1,1,12.6120909265374,01-Apr-1971,5,0.0607066785104472,0.042324668632897,0.697199544949791,-30.2800455050209,507,0.00782627815111137,1
UEMP15T26,1,1,18.7195067685798,01-Jun-1998,5,0.0762063539035417,0.051764965793458,0.679273618824219,-32.0726381175781,507,0.00041867154347941,1
UEMP27OV,1,1,27.2538846013673,01-Aug-1979,5,0.08050738243018,0.0494378314259215,0.614078236474728,-38.5921763525272,504,6.45602544413482e-06,1
CLAIMSx,1,1,14.0244221806032,01-Apr-1985,5,0.0529872245742914,0.0380274109379634,0.717671311216661,-28.2328688783339,511,0.00400279996916642,1
PAYEMS,1,1,60.6381888114162,01-Aug-1983,5,0.00178314921032,0.000903367351391079,0.506613437710556,-49.3386562289444,501,3.84803300335079e-13,1
USGOOD,1,1,51.7520735906607,01-Mar-1984,5,0.00365514661778875,0.00173954410836349,0.475916369509647,-52.4083630490353,501,3.30862004460641e-11,1
CES1021000001,1,1,14.3339916418503,01-Mar-1994,5,0.0125214992124493,0.00505493428088835,0.403700403212304,-59.6299596787696,511,0.00345351303343999,1
USCONS,1,1,62.9721300264244,01-Mar-1984,5,0.0102210327668269,0.00418484176663401,0.409434336245962,-59.0565663754038,506,1.19237952844742e-13,1
MANEMP,1,1,29.8796240130417,01-Oct-1983,5,0.00333920330144903,0.00146244346677267,0.437961793502676,-56.2038206497324,501,1.76901808079943e-06,1
DMANEMP,1,1,24.1664006384834,01-Oct-1983,5,0.00463727318681318,0.00192988830231609,0.416168775176764,-58.3831224823236,501,2.94179618894885e-05,1
NDMANEMP,1,1,25.3672170085914,01-Oct-1980,5,0.00253410416425295,0.00148404517964723,0.585629115243857,-41.4370884756143,509,1.63228410231531e-05,1
SRVPRD,1,1,25.1419342787861,01-Aug-1983,5,0.00138351611556355,0.000889312417682684,0.642791513361185,-35.7208486638815,507,1.82316062523613e-05,1
USTPU,1,1,24.8204963738053,01-Sep-1997,5,0.00178637481571656,0.00109465400251206,0.612779576201629,-38.7220423798371,507,2.13464523606266e-05,1
USWTRADE,1,1,13.2139563784511,01-Mar-1990,5,0.00168291863396482,0.00119417854595856,0.709587808856317,-29.0412191143683,504,0.00588478243816792,1
USTRADE,1,1,23.409588618561,01-May-1991,5,0.0023862632722398,0.0014928134874383,0.62558624809119,-37.4413751908809,499,4.2617423465674e-05,1
USFIRE,1,1,6.96335053008413,01-May-1968,5,0.000831528161905438,0.00107276842513721,1.29011676847959,29.0116768479587,508,0.106257853811431,0
USGOVT,1,1,11.5398115082971,01-Aug-2000,5,0.00197811754132719,0.00129761389019344,0.655984218876514,-34.4015781123486,500,0.0129733390510941,1
CES0600000007,1,1,4.10349912890813,01-Feb-1984,5,0.216769962881307,0.175499332863878,0.809610937470951,-19.0389062529049,508,0.362443931222412,0
AWOTMAN,1,1,12.9907567807541,01-May-1996,5,0.123284065574915,0.0821422189670238,0.666284151029308,-33.3715848970692,510,0.00654182452601171,1
AWHMAN,1,1,4.41608022723478,01-Apr-1998,5,0.187968335360338,0.150230760282874,0.799234402937491,-20.0765597062509,508,0.318899049627983,0
HOUST,1,1,11.9402279026832,01-Aug-1984,5,0.0771306740366961,0.0574256285136594,0.744523877573509,-25.5476122426491,509,0.0107464121171111,1
HOUSTNE,1,1,11.8979585528834,01-Feb-1998,5,0.143226710547634,0.110125111478845,0.768886690602453,-23.1113309397547,506,0.0109624519001442,1
HOUSTMW,1,1,8.36420089207737,01-Apr-1988,5,0.143296293076667,0.111165688923514,0.7757750499801,-22.42249500199,507,0.0565020537081177,0
HOUSTS,1,1,7.84527176022655,01-Jul-1991,5,0.0842140733399548,0.0682745225360746,0.810725806605559,-18.9274193394441,508,0.0715106549904454,0
HOUSTW,1,1,2.22841297493867,01-Aug-1966,5,0.0879127363835875,0.104173772584071,1.1849679223899,18.4967922389901,508,0.733178263436691,0
PERMIT,1,1,33.5272962310943,01-Jun-1991,5,0.0593271816074211,0.0360649418310611,0.60789912572806,-39.210087427194,500,2.9113999122643e-07,1
PERMITNE,1,1,12.9979785919734,01-Jan-1985,5,0.109239322634927,0.0765776315937649,0.701007931454173,-29.8992068545827,498,0.00651947192761293,1
PERMITMW,1,1,32.4683169648174,01-Apr-1992,5,0.100737858009314,0.0573478994608917,0.569278527399194,-43.0721472600806,498,4.91902029442493e-07,1
PERMITS,1,1,19.995571546787,01-May-1990,5,0.070629341614824,0.0482393313242252,0.682992793381788,-31.7007206618212,499,0.000225380664574337,1
PERMITW,1,1,13.8268976692651,01-Dec-1995,5,0.0812422311175551,0.0579953120190061,0.71385671246631,-28.614328753369,499,0.00439760690355417,1
ACOGNO,0,0,NaN,,NaN,NaN,NaN,NaN,NaN,NaN,NaN,0
AMDMNOx,1,1,2.93333450788666,01-Mar-1971,5,0.0321322897021955,0.0282307045488136,0.878577431314666,-12.1422568685334,505,0.571991452233394,0
ANDENOx,1,1,16.4605306784218,01-Apr-1992,5,0.0659815143125073,0.0443912666606837,0.672783386729107,-32.7216613270893,405,0.00124637828333918,1
AMDMUOx,1,1,5.07130687668305,01-Sep-1971,5,0.0081072143548056,0.00658085053378686,0.811727708899915,-18.8272291100085,508,0.242396333562041,0
BUSINVx,1,1,4.47447268126287,01-May-2000,5,0.00302575946535631,0.00370588141780058,1.22477727004786,22.4777270047865,508,0.311295413123191,0
ISRATIOx,1,1,23.2193961643734,01-Mar-1996,5,0.0165821245828605,0.0108069371072969,0.651722103117417,-34.8277896882583,510,4.67744483919619e-05,1
M1SL,1,1,24.6212641228911,01-Jan-1973,5,0.00268077941931604,0.00446449659526688,1.66537260137797,66.537260137797,506,2.35378385475826e-05,1
M2SL,1,1,16.0271219383966,01-Dec-1966,5,0.00139431401143518,0.00223833203002862,1.60532850682946,60.5328506829455,503,0.00153515880004851,1
M2REAL,1,1,15.7546705395942,01-Jan-2000,5,0.00272355020696205,0.00402423625021457,1.47757006275399,47.7570062753994,510,0.00174973837235348,1
BOGMBASE,1,1,2.5557972862475,01-Apr-2000,5,0.00463916595665899,0.00378187194973522,0.815205143568271,-18.4794856431729,500,0.655560967395605,0
TOTRESNS,1,1,58.4816289090232,01-Dec-1968,5,0.00771723718098359,0.019849251660667,2.57206707467518,157.206707467518,500,1.13553610958661e-12,1
NONBORRES,1,1,46.3537752139122,01-Dec-1968,5,0.00860737042187143,0.0224472760228006,2.60791332574253,160.791332574253,500,4.91872209629207e-10,1
BUSLOANS,1,1,2.87004422022027,01-Mar-1998,5,0.00478982498341628,0.00561654060751017,1.17259829470935,17.259829470935,507,0.58549117356853,0
REALLN,1,1,24.7283847530147,01-Jun-1996,5,0.00229176439793628,0.00555326059441327,2.42313764862303,142.313764862303,506,2.23331072519706e-05,1
NONREVSL,1,1,2.87967492767459,01-Aug-1998,5,0.00417609710340703,0.00332637379715763,0.796526928084082,-20.3473071915918,507,0.583423150454741,0
CONSPI,1,1,4.38593316911312,01-Sep-1994,5,0.721442554480393,0.546189954353553,0.757080312162812,-24.2919687837188,506,0.322888621312086,0
S&P 500,1,1,3.69599153103046,01-Jun-1996,5,0.0268357097852072,0.0324545060214141,1.2093775898301,20.9377589830103,510,0.426817549902969,0
S&P div yield,1,1,64.8100105292848,01-May-1990,5,0.106630879302209,0.0507351340539376,0.475801516276968,-52.4198483723032,510,4.74065231514942e-14,1
S&P PE ratio,1,1,4.34516617833793,01-Jun-1996,5,0.028277274286962,0.0343555001076072,1.21495090930485,21.4950909304852,510,0.328353599259567,0
FEDFUNDS,1,1,30.2013115887542,01-Sep-1996,5,0.309868070344775,0.0944637895810061,0.304851640493004,-69.5148359506996,509,1.50916566499237e-06,1
CP3Mx,1,1,42.5991616862682,01-Dec-1966,5,0.094125901679194,0.293278783195808,3.11581379794246,211.581379794246,503,3.20261295261304e-09,1
TB3MS,1,1,20.3879697128398,01-Nov-1992,5,0.294952614596145,0.134990035314685,0.457666854384445,-54.2333145615555,505,0.000186226967063052,1
TB6MS,1,1,29.4439555734407,01-Jan-1995,5,0.283731920647336,0.128297138485512,0.452177316506373,-54.7822683493627,503,2.19349313013151e-06,1
GS1,1,1,27.3345141218071,01-Jun-1995,5,0.313012753875716,0.154519530081683,0.493652505108582,-50.6347494891418,503,6.20478827495496e-06,1
GS5,1,1,49.7386514241858,01-Jul-1966,5,0.10773747068481,0.273677536407368,2.5402261132343,154.02261132343,509,9.06028585490048e-11,1
GS10,1,1,87.1224561183235,01-Sep-1966,5,0.0838904904268672,0.241615328206261,2.88012773529907,188.012773529907,509,0,1
AAA,1,1,124.49185516348,01-Jul-1966,5,0.0381472801190488,0.177609288887713,4.65588341641753,365.588341641753,509,0,1
BAA,1,1,159.856271567448,01-Jul-1966,5,0.0389443462644947,0.168352937440307,4.32291086097376,332.291086097376,509,0,1
COMPAPFFx,1,1,34.3350298774468,01-Jun-2000,5,0.205249038787693,0.0772866880724454,0.376550791803657,-62.3449208196343,506,1.9508640891619e-07,1
TB3SMFFM,1,1,14.6530243866886,01-Oct-1987,5,0.27894557114811,0.143825818069922,0.515605311380102,-48.4394688619898,510,0.00296554227713941,1
TB6SMFFM,1,1,18.8102008618497,01-Jun-1995,5,0.269557451491999,0.139562068627856,0.517745170298135,-48.2254829701865,506,0.000400670051470375,1
T1YFFM,1,1,12.3871049095741,01-Dec-2000,5,0.283750631212679,0.160883682692547,0.566989690930272,-43.3010309069728,506,0.00870427981540811,1
T5YFFM,1,1,11.1914303353078,01-Jan-1969,5,0.210339095250895,0.343235425081938,1.63181944218464,63.181944218464,506,0.0152765753965356,1
T10YFFM,1,1,12.4742648373895,01-Dec-1968,5,0.201069071328426,0.343478978194283,1.70826361272264,70.8263612722641,506,0.00835316288753152,1
AAAFFM,1,1,9.40643172059607,01-Aug-2000,5,0.309523365785115,0.203019892726849,0.655911362981864,-34.4088637018136,508,0.0350377963825493,1
BAAFFM,1,1,7.22167458794118,01-Sep-1995,5,0.309305368869858,0.204976058354959,0.66269802914803,-33.730197085197,509,0.0946786581734859,0
TWEXAFEGSMTHx,0,0,NaN,,NaN,NaN,NaN,NaN,NaN,NaN,NaN,0
EXSZUSx,1,1,390.639259972291,01-Apr-1971,5,0.00185106565204878,0.0260093777982475,14.0510293459662,1305.10293459662,510,0,1
EXJPUSx,1,1,343.045197937169,01-Jul-1971,5,0.00169648285467462,0.0241725217018341,14.2486094894666,1324.86094894666,510,0,1
EXUSUKx,1,1,206.969313053826,01-Sep-1967,5,0.00209284690126336,0.0202376165895365,9.66989825071292,866.989825071292,509,0,1
EXCAUSx,1,1,115.517761370958,01-Nov-1973,5,0.00339807807962941,0.012189878305481,3.58728611286366,258.728611286366,510,0,1
WPSFD49207,1,1,12.2473521169123,01-Dec-2000,5,0.00347864845944655,0.00562166946784456,1.61604989218685,61.6049892186853,501,0.00929790230961713,1
WPSFD49502,1,1,12.5160530397871,01-Jan-2000,5,0.00444836573580755,0.00699420052556039,1.57230788585118,57.2307885851179,501,0.00818981863930657,1
WPSID61,1,1,19.1512563729312,01-Feb-1971,5,0.0025083726830823,0.00434385117347757,1.73174074282288,73.174074282288,507,0.00033960246746767,1
WPSID62,1,1,34.542371423039,01-Aug-1996,5,0.0151723000472844,0.0431858625454964,2.84636227934512,184.636227934512,501,1.76025477194308e-07,1
OILPRICEx,1,1,121.857734082277,01-Jun-1967,5,0.00611751612081037,0.0578739151973408,9.46036169818452,846.036169818453,501,0,1
PPICMM,1,1,52.9639537589589,01-Sep-1967,5,0.00935861825349606,0.0233393783536058,2.49389148284652,149.389148284652,506,1.80369053026652e-11,1
CPIAUCSL,1,1,5.26950687163563,01-Jan-1999,5,0.00159060279567526,0.00209694087639864,1.31833093849708,31.8330938497078,500,0.222789877675279,0
CPIAPPSL,1,1,56.3329914209674,01-Jun-1977,5,0.00212549745869631,0.00409409244544733,1.92618082355106,92.6180823551056,506,3.33510996597397e-12,1
CPITRNSL,1,1,29.0450862451701,01-Jan-1999,5,0.00471411158923602,0.0111705275967422,2.36959337624685,136.959337624685,500,2.67061709713357e-06,1
CPIMEDSL,1,1,65.0423088629688,01-May-1984,5,0.00240392233322619,0.00104598920140108,0.435117718631662,-56.4882281368338,506,4.21884749357559e-14,1
CUSR0000SAC,1,1,24.076400323995,01-Mar-1999,5,0.00258847235334977,0.00512431615938045,1.97966810530119,97.9668105301187,500,3.07444232026111e-05,1
CUSR0000SAD,1,1,26.2434802180727,01-Mar-1988,5,0.0025540353435381,0.00163086644153068,0.638544977718064,-36.1455022281936,503,1.06128293585472e-05,1
CUSR0000SAS,1,1,42.046140424555,01-Jan-1984,5,0.00216468187815283,0.00108955193761606,0.503331204743027,-49.6668795256973,505,4.2190819726784e-09,1
CPIULFSL,1,1,10.017104859625,01-Mar-1999,5,0.00177326134676774,0.00272581783619636,1.53717772124504,53.7177721245044,500,0.0264148258338689,1
CUSR0000SA0L2,1,1,14.7031748914997,01-Jan-1999,5,0.00204961015235553,0.0032407460675257,1.58115242735368,58.1152427353681,500,0.00289531662566822,1
CUSR0000SA0L5,1,1,5.01679628353315,01-Mar-1999,5,0.00183147721977184,0.00232819552372289,1.2712118385032,27.1211838503198,499,0.248059344856676,0
PCEPI,1,1,16.3925074370996,01-Aug-1972,5,0.00103491021154214,0.00150712306901428,1.4562838903372,45.62838903372,506,0.00128784476300448,1
DDURRG3M086SBEA,1,1,5.40915642916093,01-Apr-1997,5,0.00224497952215611,0.00187068615965363,0.833275377878278,-16.6724622121722,506,0.209864586622485,0
DNDGRG3M086SBEA,1,1,32.6772212840927,01-Sep-1998,5,0.00306302511995563,0.00624937393663776,2.0402620585522,104.02620585522,500,4.43569914687636e-07,1
DSERRG3M086SBEA,1,1,37.8120451454633,01-Dec-1972,5,0.000707694416011128,0.00122303950797023,1.72820285182382,72.8202851823822,505,3.4714820462689e-08,1
CES0600000008,1,1,30.1698772863756,01-Jun-1999,5,0.00242254055840943,0.00153207096681039,0.632423247359913,-36.7576752640087,500,1.53278046777228e-06,1
CES2000000008,1,1,59.4411922110341,01-Mar-1997,5,0.00501204251158997,0.00230012031007125,0.458918755128751,-54.1081244871249,501,7.01660951563099e-13,1
CES3000000008,1,1,28.8597845277777,01-Mar-1983,5,0.00348419185996607,0.00198576184215124,0.569934699913621,-43.0065300086379,500,2.92622454955982e-06,1
UMCSENTx,0,0,NaN,,NaN,NaN,NaN,NaN,NaN,NaN,NaN,0
DTCOLNVHFNM,1,1,72.3757347393151,01-May-1976,5,0.00629029459179163,0.0172276179380542,2.73876170450506,173.876170450506,500,1.11022302462516e-15,1
DTCTHFNM,1,1,31.8018228796736,01-Jun-1971,5,0.00403372397363291,0.00793299065753971,1.96666671031409,96.6666710314089,500,6.84107217874264e-07,1
INVEST,1,1,9.55349094452001,01-Sep-1975,5,0.00943228920543292,0.00730471832713358,0.774437484691004,-22.5562515308996,500,0.0327385488619913,1
VIXCLSx,1,1,2.52673577849538,01-May-1988,5,2.83410704671117,2.37424807311114,0.837741141735039,-16.2258858264961,476,0.662279581902431,0
