series_name,include_main_full_ext,cvfull_found,cvfull_supw_stat,cvfull_break_date,cvfull_hac_lag,cvfull_mu1,cvfull_mu2,cvfull_ratio,cvfull_pct_change,cvfull_hansen_pval,cvfull_hansen_sig5
RPI,1,1,12.1381182876887,01-Apr-1970,6,0.0029763357382683,0.00577785682953606,1.94126514534202,94.1265145342018,0.00978955221398115,1
W875RX1,1,1,11.65849713976,01-Dec-1971,6,0.00292821403396103,0.00455467905553119,1.55544608512446,55.5446085124463,0.0122696573912231,1
DPCERA3M086SBEA,1,1,4.98807563352853,01-Mar-1987,6,0.00620051781195763,0.00438167608991685,0.706662930871167,-29.3337069128833,0.251091446195269,0
CMRMTSPLx,1,1,17.9940165200234,01-Dec-1980,6,0.0129717980192714,0.0084484737805357,0.651295507992362,-34.8704492007638,0.000594814316834835,1
RETAILx,1,1,2.0194350020551,01-Oct-1987,6,0.0125097653507356,0.0102417919914267,0.81870376496106,-18.129623503894,0.784363296946496,0
INDPRO,1,1,4.18758228254323,01-Apr-1983,6,0.00755386177879722,0.00599706244637157,0.793906828319867,-20.6093171680133,0.350249075442853,0
IPFPNSS,1,1,1.41175759652138,01-Jan-1984,6,0.00775192369933968,0.00668444195425781,0.86229460112297,-13.770539887703,0.929732116905329,0
IPFINAL,1,1,1.52044927496598,01-Oct-2014,6,0.00746890012896678,0.0109372769581348,1.46437584775254,46.4375847752543,0.905331526301624,0
IPCONGD,1,1,3.63156412880835,01-Jul-1975,6,0.0100761569425191,0.00810739546967682,0.804611868982054,-19.5388131017946,0.437820320742509,0
IPDCONGD,1,1,4.39305184584677,01-Dec-2007,6,0.018116398339576,0.0287955513386568,1.589474397665,58.9474397664998,0.321942603300263,0
IPNCONGD,1,1,1.87899978033845,01-Feb-2015,6,0.0068714458627893,0.00816001769103801,1.18752557379906,18.7525573799056,0.819009218207036,0
IPBUSEQ,1,1,2.1591544139586,01-Jul-2005,6,0.0104913692713258,0.0143873926521429,1.37135509008013,37.1355090080129,0.750046815399118,0
IPMAT,1,1,15.375712617602,01-Mar-1983,6,0.0103050301296716,0.00684399179064795,0.664140881154909,-33.5859118845091,0.00209849136848972,1
IPDMAT,1,1,15.248812491384,01-Jan-1983,6,0.0148215786167158,0.00952199016609893,0.642441025503182,-35.7558974496818,0.00223004331299481,1
IPNMAT,1,1,3.93936762602971,01-Jul-2005,6,0.00806875642636717,0.0112990662085478,1.40034791131191,40.0347911311906,0.387304570172413,0
IPMANSICS,1,1,4.1470906114344,01-Apr-1983,6,0.00845780653418425,0.00668589566038577,0.790499952128618,-20.9500047871382,0.356076600398892,0
IPB51222S,1,1,171.296754084334,01-Jun-1971,6,0.0121089537826297,0.0336444259902996,2.77847505195392,177.847505195392,0,1
IPFUELS,1,1,5.15223841514089,01-Aug-1972,6,0.0143673717966381,0.0181139862988152,1.26077243320547,26.0772433205473,0.234206535307405,0
CUMFNS,1,1,7.83847710924575,01-Apr-1982,6,0.691792497164298,0.511720564053854,0.739702390747847,-26.0297609252153,0.0717307317535637,0
HWI,1,1,67.3588261888802,01-Dec-1972,6,63.7781013378082,180.238035030589,2.82601757107721,182.601757107721,1.32116539930394e-14,1
HWIURATIO,1,1,17.494904658298,01-Sep-2015,6,0.0269812302128459,0.0788486383669564,2.92235149194258,192.235149194258,0.000757035545215778,1
CLF16OV,1,1,13.5731649138502,01-Jan-1978,6,0.00312082087088874,0.00221727759504116,0.710478969082816,-28.9521030917184,0.00496176310159879,1
CE16OV,1,1,1.88338591586838,01-May-1969,6,0.00388895332424752,0.00302422494037946,0.777644956940857,-22.2355043059143,0.817928115140326,0
UNRATE,1,1,1.3241644151013,01-Jan-2008,6,0.164836452944537,0.267962016998398,1.62562353297277,62.562353297277,0.948246223293974,0
UEMPMEAN,1,1,34.928295612626,01-Apr-2007,6,0.465095845878112,1.2169798217705,2.61662156855608,161.662156855608,1.45360414705031e-07,1
UEMPLT5,1,1,6.93721176596939,01-Apr-2008,6,0.0426511783403808,0.0871021924294715,2.04219896890881,104.219896890881,0.107502350067561,0
UEMP5TO14,1,1,7.47811687170257,01-Jan-2016,6,0.0513048125430844,0.105044075461186,2.04745072156677,104.745072156677,0.0843880802814627,0
UEMP15OV,1,1,9.50434240831976,01-Jun-1971,6,0.0685320688264861,0.0494838019010029,0.7220532335933,-27.79467664067,0.0334900648853227,1
UEMP15T26,1,1,8.31057133674669,01-Apr-1971,6,0.0997105379253495,0.0772611932279805,0.774854843184416,-22.5145156815584,0.0578990336163061,0
UEMP27OV,1,1,15.7726863437493,01-Aug-1976,6,0.0822404509911929,0.0581232739297077,0.706747996018797,-29.3252003981203,0.00173467332681332,1
CLAIMSx,1,1,2.94027807563929,01-Dec-2015,6,0.0464369147168814,0.0942234654117382,2.02906385978061,102.906385978061,0.570523503857977,0
PAYEMS,1,1,0.816459785537104,01-Nov-1984,6,0.00254274917013391,0.00202581842529849,0.79670399624663,-20.329600375337,1,0
USGOOD,1,1,15.7332499136068,01-Jul-1983,6,0.00426570320958776,0.00234873509995584,0.550609122237275,-44.9390877762725,0.00176781957256689,1
CES1021000001,1,1,18.2590011213567,01-Oct-1986,6,0.0145679352455679,0.00563133561479332,0.386556881251004,-61.3443118748996,0.000523255766926689,1
USCONS,1,1,51.8180350629337,01-Mar-1984,6,0.0104450742540665,0.0046106971504624,0.441423108951797,-55.8576891048203,3.20116155805295e-11,1
MANEMP,1,1,12.5367761197537,01-May-1983,6,0.00385504103327355,0.00207755192024692,0.538918237786626,-46.1081762213374,0.00810998890759362,1
DMANEMP,1,1,15.3102933443332,01-Sep-1983,6,0.00508954605720224,0.00262978563257402,0.516703376493194,-48.3296623506806,0.00216531797353725,1
NDMANEMP,1,1,5.35704949543411,01-Aug-1980,6,0.00277559759671889,0.00194577549413059,0.701029391447356,-29.8970608552644,0.214604022893767,0
SRVPRD,1,1,1.49331222993795,01-Nov-2015,6,0.00122736825263992,0.00363235725696889,2.95946815404107,195.946815404107,0.911544069556309,0
USTPU,1,1,0.887793357789277,01-Jan-2008,6,0.00209781585690804,0.00308493717067716,1.47054716958048,47.0547169580478,1,0
USWTRADE,1,1,3.77279180722904,01-Oct-1975,6,0.00204494328848408,0.00157420433069473,0.769803416828098,-23.0196583171902,0.414000858809334,0
USTRADE,1,1,2.08950856282245,01-May-1969,6,0.003515422577633,0.00259133130255901,0.737132235267092,-26.2867764732908,0.767114904053327,0
USFIRE,1,1,3.7003530821376,01-Mar-2001,6,0.0010132546392692,0.00134154383691524,1.32399476392511,32.3994763925109,0.426080991356767,0
USGOVT,1,1,1.54866123605458,01-Oct-1982,6,0.00237802349357905,0.00201279628058514,0.846415641401329,-15.3584358598672,0.898801172788204,0
CES0600000007,1,1,5.90407132088452,01-Mar-1984,6,0.245473124004889,0.192230242584987,0.783100974350081,-21.6899025649919,0.169457845461788,0
AWOTMAN,1,1,8.03780463688535,01-Sep-1983,6,0.136128293535765,0.102603678590904,0.753727795492763,-24.6272204507237,0.0655391178572309,0
AWHMAN,1,1,7.70256793041394,01-Mar-1984,6,0.231803255147821,0.167122081953182,0.720965207527427,-27.9034792472573,0.076272791275292,0
HOUST,1,1,8.62728971263311,01-Apr-1984,6,0.0841738483656685,0.0675663096138427,0.802699542978251,-19.7300457021749,0.0501097501972084,0
HOUSTNE,1,1,32.0473346548377,01-Mar-2015,6,0.154926808642416,0.257680702663306,1.66324153270371,66.3241532703708,6.05854168500564e-07,1
HOUSTMW,1,1,11.3599628258245,01-Jan-2007,6,0.133071674903677,0.175131491570617,1.31606889067403,31.6068890674029,0.014116070671608,1
HOUSTS,1,1,3.50006840087233,01-Apr-1984,6,0.0966006916634784,0.0843180412948597,0.872851320657133,-12.7148679342867,0.460994291836979,0
HOUSTW,1,1,13.7477667441262,01-May-2008,6,0.10843188215869,0.141979195197949,1.30938606221151,30.938606221151,0.0045663737783006,1
PERMIT,1,1,15.5309085525955,01-Apr-1991,6,0.0636990700831261,0.0450124610624321,0.706642357630836,-29.3357642369164,0.00194802744048894,1
PERMITNE,1,1,16.0692657266698,01-Jul-2008,6,0.0996639453055965,0.16453531064226,1.65090103685691,65.090103685691,0.0015043853876735,1
PERMITMW,1,1,19.0257801244927,01-Mar-1990,6,0.107326066926671,0.0750004907617737,0.698809645312141,-30.1190354687859,0.00036091074367417,1
PERMITS,1,1,15.6305653023539,01-Jun-1991,6,0.074747836272814,0.055383448339745,0.740937144155009,-25.9062855844991,0.00185710311840648,1
PERMITW,1,1,5.00565161796383,01-Sep-2007,6,0.0787282847732739,0.0951667221729598,1.20879963849113,20.8799638491125,0.249231921730333,0
ACOGNO,0,0,NaN,,NaN,NaN,NaN,NaN,NaN,NaN,0
AMDMNOx,1,1,3.56909274581986,01-Mar-2005,6,0.0313741772325403,0.0391695712095062,1.24846528784445,24.8465287844449,0.448709329321492,0
ANDENOx,1,1,12.3923690012541,01-Jun-2008,6,0.0607297621901353,0.0874907010461975,1.44065607851844,44.0656078518436,0.00868266650115168,1
AMDMUOx,1,1,13.0600401090919,01-Nov-2014,6,0.00712012609100307,0.00511258299147694,0.718046692731629,-28.1953307268371,0.00633046789852221,1
BUSINVx,1,1,5.85484906594097,01-May-1972,6,0.00287507150022537,0.00368687977323303,1.28236107273994,28.2361072739941,0.173123926938592,0
ISRATIOx,1,1,4.83254279766624,01-Apr-1987,6,0.0187097749032417,0.0142113091466408,0.759566014029306,-24.0433985970694,0.268105419477509,0
M1SL,1,1,4.97142630425412,01-Dec-1969,6,0.00266187553479018,0.0107886948377268,4.05304256217872,305.304256217872,0.252864591385109,0
M2SL,1,1,33.4004865693384,01-Jan-1970,6,0.00137722296273799,0.00285045569593308,2.06971258325975,106.971258325975,3.10019161009478e-07,1
M2REAL,1,1,21.5880521022906,01-Mar-1970,6,0.00239961229129814,0.0037645706189095,1.56882452742936,56.8824527429364,0.000103785941729662,1
BOGMBASE,1,1,41.8175231064528,01-Oct-2008,6,0.00552476690452377,0.0237691892862655,4.30229721851303,330.229721851303,4.72820960162323e-09,1
TOTRESNS,1,1,40.7451375435683,01-Dec-1971,6,0.0121036215087792,0.0334650277397797,2.76487724897101,176.487724897101,8.066867507317e-09,1
NONBORRES,1,1,1.82055377987596,01-Sep-1970,6,0.0417044103490366,0.0962459796506753,2.30781298297145,130.781298297145,0.833391729208391,0
BUSLOANS,1,1,9.66665774266844,01-Sep-1972,6,0.00458433721900031,0.00639694204362993,1.39539081399097,39.5390813990967,0.0310703118842462,1
REALLN,1,1,17.2610588651352,01-Feb-2013,6,0.00341181189416792,0.00201437999850825,0.59041355766172,-40.958644233828,0.000847485575896201,1
NONREVSL,1,1,3.86890047274472,01-Sep-2011,6,0.00416074939657972,0.00278063715696977,0.668302003301509,-33.1697996698491,0.398415413404606,0
CONSPI,1,1,9.76936735121445,01-Jun-1971,6,0.597345688473437,0.993530985342115,1.66324291698022,66.3242916980218,0.0296284264458668,1
S&P 500,1,1,3.36288018901932,01-Nov-1969,6,0.0269351476493464,0.0322106215960415,1.19585836377708,19.5858363777081,0.486206720898931,0
S&P div yield,1,1,46.4160285435897,01-Mar-1991,6,0.126184566174708,0.0595564192588185,0.471978634664084,-52.8021365335916,4.76814476790821e-10,1
S&P PE ratio,1,1,6.96578610128856,01-Feb-1970,6,0.0279392916881954,0.0359852261570068,1.28797918567889,28.7979185678887,0.106142598470842,0
FEDFUNDS,1,1,45.422641701169,01-Dec-2008,6,0.335430781880371,0.0628780593077213,0.187454648482876,-81.2545351517124,7.83019205030655e-10,1
CP3Mx,1,1,40.5139387629282,01-Apr-2009,6,0.321624485098875,0.0686401818970406,0.213417152851217,-78.6582847148783,9.05118957561513e-09,1
TB3MS,1,1,40.5765388024515,01-Feb-2009,6,0.288163913944674,0.0716024284588873,0.248478123019368,-75.1521876980632,8.77340111671288e-09,1
TB6MS,1,1,48.4746233283642,01-Feb-2009,6,0.289357335258871,0.0714929445467843,0.247074934121935,-75.2925065878065,1.70462421955619e-10,1
GS1,1,1,47.4927227391873,01-Feb-2009,6,0.314095636989472,0.0976574550576577,0.310916305599403,-68.9083694400597,2.78453593516303e-10,1
GS5,1,1,36.3531086693729,01-Aug-1969,6,0.136711892296549,0.271900983464219,1.98886123874597,98.8861238745969,7.16675692125079e-08,1
GS10,1,1,54.4175102095902,01-Aug-1969,6,0.111305800461851,0.243809980919934,2.19045170968873,119.045170968873,8.70947758357943e-12,1
AAA,1,1,92.7132282038712,01-May-1969,6,0.0581466112651531,0.193070528684269,3.32040895390881,232.040895390881,0,1
BAA,1,1,98.0800550339007,01-May-1969,6,0.0621217862107487,0.183777362481258,2.95833995915364,195.833995915364,0,1
COMPAPFFx,1,1,42.3128848461117,01-Jul-2009,6,0.213619582279285,0.0728549959591726,0.34105017518442,-65.894982481558,3.69385422249735e-09,1
TB3SMFFM,1,1,60.1265030020143,01-Apr-2009,6,0.263088388889847,0.0619227445860862,0.235368595502756,-76.4631404497244,4.97490937334533e-13,1
TB6SMFFM,1,1,43.0998050791076,01-Feb-2009,6,0.275340960909539,0.0797671920389807,0.289703325562184,-71.0296674437816,2.49516352024415e-09,1
T1YFFM,1,1,39.2586538085899,01-Feb-2009,6,0.306597962079479,0.100631948546631,0.328221191896066,-67.1778808103934,1.69068541389095e-08,1
T5YFFM,1,1,19.5708910314265,01-Aug-2011,6,0.359948240401051,0.193356164832188,0.53717769148351,-46.282230851649,0.000277027006916897,1
T10YFFM,1,1,19.9989785805222,01-Aug-2011,6,0.36544954168001,0.197440668375275,0.540267932660744,-45.9732067339256,0.000225007720259796,1
AAAFFM,1,1,15.1482894229525,01-Apr-1987,6,0.445594051746068,0.218845715322489,0.4911324881132,-50.88675118868,0.00234002847338755,1
BAAFFM,1,1,13.4392178225507,01-Mar-2009,6,0.346142031257823,0.204323019020808,0.590286647011148,-40.9713352988852,0.00528788043264583,1
TWEXAFEGSMTHx,0,0,NaN,,NaN,NaN,NaN,NaN,NaN,NaN,0
EXSZUSx,1,1,479.40001586957,01-Apr-1971,6,0.00256282765569735,0.0244324753886954,9.53340554694742,853.340554694742,0,1
EXJPUSx,1,1,517.964959882725,01-Jul-1971,6,0.00181630215130202,0.0234214713679576,12.8951404650201,1189.51404650201,0,1
EXUSUKx,1,1,141.637882139404,01-May-1972,6,0.00307557694850676,0.0210865166505923,6.85611740614396,585.611740614396,0,1
EXCAUSx,1,1,136.101919581674,01-Mar-1975,6,0.00408575819988843,0.0135475852282172,3.31580689933809,231.580689933809,0,1
WPSFD49207,1,1,33.761784465514,01-Dec-2000,6,0.0037444226527013,0.00701692855298485,1.87396808635444,87.3968086354436,2.59201419217092e-07,1
WPSFD49502,1,1,38.3634750813025,01-Jan-2000,6,0.00463072201597516,0.00918196606831527,1.98283680960316,98.2836809603156,2.63904282871152e-08,1
WPSID61,1,1,50.415915315014,01-Sep-1969,6,0.00252713846626159,0.00585473900422237,2.3167464238251,131.67464238251,6.456790657694e-11,1
WPSID62,1,1,68.4952651973629,01-Oct-1972,6,0.0126059523468981,0.0302734062613941,2.4015167936791,140.15167936791,7.43849426498855e-15,1
OILPRICEx,1,1,115.922679014475,01-Nov-1970,6,0.0109874830125859,0.0718650920857136,6.54063282768164,554.063282768164,0,1
PPICMM,1,1,45.3887971948755,01-Jan-1973,6,0.012784885035878,0.0283321764356035,2.21606814266185,121.606814266185,7.96361199206785e-10,1
CPIAUCSL,1,1,7.36583301948452,01-Nov-1972,6,0.00158516339936698,0.0020778997954825,1.31084265275888,31.0842652758883,0.0887539950892567,0
CPIAPPSL,1,1,79.8505435355689,01-Apr-1974,6,0.00196409486372489,0.00442828134304315,2.25461683385544,125.461683385544,0,1
CPITRNSL,1,1,56.6716719633453,01-Apr-1999,6,0.00487638383758201,0.0122890966519794,2.52012496581341,152.012496581341,2.81441536742477e-12,1
CPIMEDSL,1,1,37.2535769997748,01-Jul-1978,6,0.0025228106930318,0.00148361648086101,0.588080780281641,-41.1919219718359,4.58203371911381e-08,1
CUSR0000SAC,1,1,49.5591824054748,01-Mar-1973,6,0.00215270698575553,0.00418527024287321,1.94418946496999,94.4189464969992,9.91111637205222e-11,1
CUSR0000SAD,1,1,7.1771467951807,01-Nov-2015,6,0.00222428557494713,0.0036069154437742,1.62160627412239,62.1606274122389,0.0965842399346836,0
CUSR0000SAS,1,1,37.5870292873643,01-Oct-1984,6,0.00232273297735803,0.00109536292289278,0.471583661820091,-52.8416338179909,3.88230184666938e-08,1
CPIULFSL,1,1,13.4155981717388,01-Jun-1972,6,0.00172818665917294,0.00234084327779349,1.35450836017549,35.4508360175487,0.00534754634140344,1
CUSR0000SA0L2,1,1,17.1542621550331,01-Apr-1999,6,0.0021690930888278,0.00335529607723824,1.54686587427719,54.6865874277192,0.000892289588202977,1
CUSR0000SA0L5,1,1,6.29125341500875,01-Mar-1973,6,0.00185292050231434,0.00227312674366989,1.22678050182439,22.6780501824393,0.143065772753906,0
PCEPI,1,1,30.1814303045319,01-Feb-1973,6,0.00107716044307112,0.00166171150584549,1.54267780304645,54.267780304645,1.52405878950379e-06,1
DDURRG3M086SBEA,1,1,14.8832780545023,01-Sep-2015,6,0.00220061461790472,0.0035464792887939,1.61158580877311,61.158580877311,0.00265643724699038,1
DNDGRG3M086SBEA,1,1,42.0907872257114,01-Jan-1973,6,0.00252397049209442,0.00482913972478431,1.91331069040234,91.3310690402341,4.12624034940023e-09,1
DSERRG3M086SBEA,1,1,43.3422084120004,01-Jan-1973,6,0.000693350042409107,0.00119288992871297,1.72047285750235,72.0472857502352,2.21106111197855e-09,1
CES0600000008,1,1,38.0033314998277,01-May-1983,6,0.00303846686948346,0.00178350363550404,0.58697485018398,-41.302514981602,3.15657419092119e-08,1
CES2000000008,1,1,48.796205733152,01-Jul-1988,6,0.00586442594227475,0.0030504454665335,0.520160966573697,-47.9839033426303,1.45147449615024e-10,1
CES3000000008,1,1,36.6253975241868,01-Mar-1983,6,0.00364988782584695,0.00204202776708717,0.559476856419093,-44.0523143580907,6.26026861461071e-08,1
UMCSENTx,0,0,NaN,,NaN,NaN,NaN,NaN,NaN,NaN,0
DTCOLNVHFNM,1,1,51.9545903543092,01-Jul-1970,6,0.00614439504612829,0.0148423871072795,2.41559779211007,141.559779211007,2.9896751740921e-11,1
DTCTHFNM,1,1,24.1525342005197,01-Jul-1970,6,0.00415807717093622,0.00949697818183625,2.28398314687795,128.398314687795,2.96185507373536e-05,1
INVEST,1,1,10.7161838456338,01-Sep-1975,6,0.00965612011081061,0.00740220081519007,0.766581269727876,-23.3418730272124,0.0190786719281673,1
VIXCLSx,1,1,3.09851691362074,01-Jul-1998,6,2.82531303275461,3.46202277132499,1.22535900666186,22.5359006661858,0.537784831468605,0
