series_name,include_main_mod,cvmod_found,cvmod_supw_stat,cvmod_break_date,cvmod_hac_lag,cvmod_mu1,cvmod_mu2,cvmod_ratio,cvmod_pct_change,cvmod_hansen_pval,cvmod_hansen_sig5
RPI,1,1,8.89234799081979,01-Jan-2004,5,0.00235739391307922,0.00804362141602608,3.41208203321419,241.208203321419,0.0443830691654145,1
W875RX1,1,1,4.78160361840056,01-Jun-2021,5,0.00506134777180338,0.00301220904223355,0.595139709429666,-40.4860290570334,0.273900912957031,0
DPCERA3M086SBEA,1,1,2.46434253895835,01-Nov-2021,5,0.00486904347034217,0.00285602128065888,0.586567217576756,-41.3432782423244,0.676827515726685,0
CMRMTSPLx,1,1,2.04149668919215,01-Jul-2021,5,0.0089055839050791,0.00669686345051451,0.751984768420979,-24.8015231579021,0.778926782986013,0
RETAILx,1,1,2.62575584143719,01-May-2020,5,0.00960545823010671,0.0163783630144194,1.70511001370909,70.5110013709091,0.639544570932779,0
INDPRO,1,1,6.57678093286701,01-Jan-2004,5,0.00425169030989712,0.00740466202352414,1.74158075584374,74.158075584374,0.126148566797432,0
IPFPNSS,1,1,4.2267293267102,01-Mar-2003,5,0.00464604003535303,0.00736705092200278,1.58566238472867,58.5662384728673,0.344694052365443,0
IPFINAL,1,1,5.49402631414905,01-Jun-2008,5,0.00536686536921143,0.00942973196732799,1.75702785864992,75.7027858649923,0.202352323559447,0
IPCONGD,1,1,5.36987813155548,01-Feb-2008,5,0.00599590017876521,0.00939898804758936,1.56756913346829,56.7569133468291,0.213428078397257,0
IPDCONGD,1,1,9.68651573622331,01-May-2004,5,0.0119874527406942,0.0269201350037956,2.24569269102592,124.569269102593,0.0307862825659563,1
IPNCONGD,1,1,4.46663221782203,01-Oct-2014,5,0.00613589334389245,0.00819135518529718,1.33498982563814,33.4989825638136,0.312306937236114,0
IPBUSEQ,1,1,4.80473768860727,01-Jun-2005,5,0.00833099323496376,0.0145328192553393,1.74442816666175,74.4428166661751,0.271254988912591,0
IPMAT,1,1,5.50720242154017,01-Apr-2004,5,0.00515674865299004,0.00837013433350089,1.62314180828799,62.3141808287988,0.201208676813692,0
IPDMAT,1,1,3.39801870322665,01-Apr-2008,5,0.007353491149011,0.0117705825464864,1.60067950147318,60.0679501473182,0.479647847519728,0
IPNMAT,1,1,9.69826005744949,01-Jun-2004,5,0.006166183788794,0.0111260537448547,1.80436622162875,80.4366221628753,0.0306195007239743,1
IPMANSICS,1,1,5.51334496363039,01-Mar-2003,5,0.00527514465843364,0.00856936500425968,1.62447962266957,62.447962266957,0.200677577594122,0
IPB51222S,1,1,13.5564815037971,01-Sep-2009,5,0.0311319301138999,0.0452013276653484,1.4519282132516,45.19282132516,0.00500127088806401,1
IPFUELS,1,1,2.66611694950635,01-Aug-2004,5,0.0142868235953695,0.0187289262784754,1.31092304412197,31.0923044121971,0.63040872360468,0
CUMFNS,1,1,5.60245710477396,01-Mar-2003,5,0.390526121756122,0.630876156907967,1.61545187827907,61.5451878279068,0.193117934229218,0
HWI,1,1,35.5206102358871,01-May-2020,5,206.589861641075,463.453185672308,2.24334912657767,124.334912657767,1.08345480365202e-07,1
HWIURATIO,1,1,23.7140402951179,01-Jun-2020,5,0.0340866725795013,0.100364954528865,2.94440457028421,194.440457028421,3.6715939844445e-05,1
CLF16OV,1,1,2.29071287903229,01-May-2007,5,0.00196038029320918,0.00256910950901131,1.31051588200044,31.0515882000437,0.718115503333436,0
CE16OV,1,1,1.83907605183751,01-Jan-2020,5,0.00232824688864922,0.00747972263824932,3.2125985756557,221.25985756557,0.82883929154632,0
UNRATE,1,1,3.07127495422713,01-Oct-2006,5,0.123443131981944,0.265658909490612,2.15207525299561,115.207525299561,0.543322587999052,0
UEMPMEAN,1,1,28.9194680973474,01-Jun-2005,5,0.476185108184304,1.14537368992541,2.4053118634741,140.53118634741,2.84133817696208e-06,1
UEMPLT5,1,1,8.57784297786553,01-Jan-2008,5,0.0416676340403315,0.0819277022174082,1.96621920356955,96.6219203569554,0.0512549113615621,0
UEMP5TO14,1,1,14.0204615488591,01-Jun-2020,5,0.0533946410393803,0.115446435058703,2.16213524075492,116.213524075492,0.00401036052042425,1
UEMP15OV,1,1,12.6118046710179,01-Sep-2020,5,0.0483803822763565,0.0775800998472391,1.60354458143983,60.3544581439831,0.00782733769549193,1
UEMP15T26,1,1,11.3302513812483,01-Oct-2020,5,0.0752480039860623,0.120080491051085,1.59579636256301,59.5796362563009,0.0143141628349102,1
UEMP27OV,1,1,16.8555190750541,01-Nov-2020,5,0.0556285759881582,0.0920427603049047,1.65459493919992,65.4594939199921,0.00103050601245447,1
CLAIMSx,1,1,5.2153588800167,01-Jun-2003,5,0.0373586085937678,0.0659768058677278,1.76604023413051,76.604023413051,0.227996253050439,0
PAYEMS,1,1,2.27166174318086,01-Mar-2008,5,0.00130029764765668,0.00307787256353324,2.3670523199669,136.70523199669,0.722709381677124,0
USGOOD,1,1,5.84259650607596,01-Dec-2021,5,0.00372946855581677,0.00162830256547136,0.436604449427985,-56.3395550572015,0.174047998298665,0
CES1021000001,1,1,9.03907619115321,01-Oct-2007,5,0.004384918226298,0.00680793033667828,1.55257863096478,55.2578630964783,0.0414925889812988,1
USCONS,1,1,10.328667952363,01-Nov-2021,5,0.00599267132620015,0.0022739727796686,0.379458951757745,-62.0541048242255,0.0228549076086839,1
MANEMP,1,1,3.62048388621398,01-Dec-2021,5,0.00327173719550469,0.00182575730727179,0.55803910833069,-44.196089166931,0.439735787428937,0
DMANEMP,1,1,2.14756453002755,01-Sep-2019,5,0.00195759395104547,0.00557847376807397,2.84965825782959,184.965825782958,0.75288059921866,0
NDMANEMP,1,1,1.59729182225673,01-Nov-2019,5,0.0018214459371735,0.00429755882385251,2.35942156511185,135.942156511185,0.887393937692817,0
SRVPRD,1,1,1.94870392052603,01-Mar-2008,5,0.00119528901550279,0.00287930848019967,2.40888056600145,140.888056600145,0.801813812928118,0
USTPU,1,1,2.29167285066864,01-Mar-2008,5,0.00171184046350675,0.00324259729804934,1.89421699461806,89.4216994618062,0.717884321255299,0
USWTRADE,1,1,1.53262773823238,01-Jan-2008,5,0.00126229011260876,0.00179483013952269,1.42188401984179,42.1884019841786,0.902521053909559,0
USTRADE,1,1,1.62478161630079,01-Oct-2007,5,0.00207258637929567,0.00336555487945399,1.6238429978478,62.3842997847796,0.880872322224769,0
USFIRE,1,1,2.35715668028846,01-Feb-2004,5,0.00103062193295249,0.00135626922379746,1.31597162881258,31.5971628812584,0.702186225388979,0
USGOVT,1,1,2.67890667059893,01-Oct-2021,5,0.00230159864632133,0.0015263064779071,0.663150580291926,-33.6849419708074,0.627530121205343,0
CES0600000007,1,1,2.93665596464317,01-Aug-2017,5,0.178038454106604,0.232296988515336,1.30475738896409,30.4757388964088,0.571288933712593,0
AWOTMAN,1,1,2.02718730666622,01-Jun-2006,5,0.0829699616326806,0.105828363174583,1.27550213465326,27.5502134653255,0.782452432379509,0
AWHMAN,1,1,3.11562681120046,01-Dec-2019,5,0.151228303619186,0.238276599234242,1.57560849081701,57.5608490817006,0.534327848933245,0
HOUST,1,1,11.3129009856092,01-Jan-2004,5,0.0492802239727227,0.0737602093601708,1.49675069254957,49.6750692549573,0.0144311045609229,1
HOUSTNE,1,1,49.2312190093337,01-Dec-2006,5,0.111142554512146,0.236101516538766,2.12431248836344,112.431248836344,1.16774701020006e-10,1
HOUSTMW,1,1,24.1264281151199,01-Jan-2007,5,0.111124343238665,0.174496949419022,1.57028554080405,57.0285540804052,2.99999020556552e-05,1
HOUSTS,1,1,9.83489587543974,01-Nov-2004,5,0.0697043343940851,0.0936965529314872,1.34419980831835,34.4199808318348,0.0287429555226568,1
HOUSTW,1,1,27.9225480102277,01-Dec-2005,5,0.0850400228419473,0.135805035906802,1.59695436770055,59.6954367700551,4.64466900274019e-06,1
PERMIT,1,1,14.9960169218495,01-Apr-2007,5,0.0349361766948811,0.0529107196036312,1.51449656514314,51.4496565143139,0.00251695813602015,1
PERMITNE,1,1,29.5065222285064,01-Dec-2006,5,0.0701950081083158,0.163529401946218,2.32964432020409,132.964432020409,2.12679281497152e-06,1
PERMITMW,1,1,18.3682339004922,01-Jan-2007,5,0.0568077078107583,0.0883687616725227,1.55557696443065,55.5576964430648,0.00049631160757535,1
PERMITS,1,1,10.3208183795557,01-Apr-2006,5,0.0433725806377289,0.0588814917390826,1.35757409112666,35.7574091126663,0.0229385266795517,1
PERMITW,1,1,30.7336586134172,01-Oct-2006,5,0.0529464533755542,0.094151543139917,1.77824079116482,77.8240791164824,1.16013536666237e-06,1
ACOGNO,1,1,4.66931773075983,01-Jul-2004,5,0.0137672598007803,0.0192253202242028,1.39645219908708,39.6452199087081,0.287077107717247,0
AMDMNOx,1,1,5.95101017747506,01-Mar-2005,5,0.0277602596206188,0.0392234697317056,1.41293598358758,41.2935983587582,0.166029853948602,0
ANDENOx,1,1,23.9673224456213,01-Jul-2004,5,0.0433540220555155,0.0823853852471697,1.90029393678109,90.0293936781089,3.24321992756227e-05,1
AMDMUOx,1,1,10.2234729182921,01-Jan-2015,5,0.0076454034946413,0.00512100729195476,0.669815176601744,-33.0184823398256,0.0240007966138237,1
BUSINVx,1,1,3.83789110263253,01-Dec-2011,5,0.00386932735775203,0.00301284345642844,0.778647857331672,-22.1352142668328,0.403389329298917,0
ISRATIOx,1,1,2.24995350211749,01-Aug-2006,5,0.0113126345723138,0.0164233807998382,1.45177329779858,45.1773297798577,0.727957376229742,0
M1SL,1,1,17.2872379997885,01-May-2020,5,0.0261272896512103,0.00522793601800409,0.200094846721383,-79.9905153278617,0.000836848283790714,1
M2SL,1,1,2.79913461334912,01-Jan-2020,5,0.003004147510251,0.00498146559127504,1.65819606869399,65.8196068693991,0.600868213667659,0
M2REAL,1,1,2.5484129870706,01-May-2010,5,0.00514660331901822,0.00397224932731081,0.771819602383611,-22.8180397616389,0.657264560579135,0
BOGMBASE,1,1,14.7082694447457,01-Aug-2008,5,0.0108050907846318,0.0238421363563409,2.20656511190556,120.656511190556,0.00288827560504856,1
TOTRESNS,1,1,3.95592867245923,01-Sep-2020,5,0.0528731438069344,0.0359656242282052,0.680224810530149,-31.9775189469851,0.384731790279236,0
NONBORRES,1,1,5.29042366643155,01-May-2010,5,0.494735684724571,0.0394340219018234,0.0797072520123086,-92.0292747987691,0.220808218321433,0
BUSLOANS,1,1,1.83043876939219,01-Jul-2006,5,0.00617714201118153,0.0078249995112663,1.26676697688055,26.6766976880555,0.830962931766118,0
REALLN,1,1,31.1253617330581,01-Jul-2013,5,0.0058189644547291,0.00208917021578397,0.35902783597279,-64.097216402721,9.55915889777614e-07,1
NONREVSL,1,1,1.63556991329804,01-Sep-2011,5,0.00410162176375488,0.00281926684381866,0.68735417505629,-31.264582494371,0.878300120767165,0
CONSPI,1,1,10.4850742523209,01-Nov-2021,5,1.37308579411077,0.560568988308549,0.408254888888121,-59.1745111111879,0.0212497748346978,1
S&P 500,1,1,4.11534272866401,01-Jun-2003,5,0.0397197868989181,0.0304188459254749,0.765836080714307,-23.4163919285693,0.360704298065652,0
S&P div yield,1,1,4.22443267351643,01-Aug-2007,5,0.0477204890971392,0.0663417848756061,1.39021594561954,39.0215945619535,0.345017818792185,0
S&P PE ratio,1,1,3.02877246272316,01-Jan-2012,5,0.0433443489576252,0.0330267868907005,0.761962924463082,-23.8037075536918,0.55204469645361,0
FEDFUNDS,1,1,8.74383682644162,01-Mar-2009,5,0.127209787072813,0.0636002028637921,0.499963126480106,-50.0036873519894,0.0475081862533345,1
CP3Mx,1,1,9.36718533438301,01-Jun-2009,5,0.150772708682912,0.0638964901134187,0.423793474771342,-57.6206525228658,0.0356776252201918,1
TB3MS,1,1,15.4741479401258,01-Mar-2009,5,0.16909971685269,0.0644029247498644,0.380857673499054,-61.9142326500946,0.00200177393586531,1
TB6MS,1,1,14.3042110601485,01-Feb-2009,5,0.166498767378146,0.0714302161660429,0.429013483347976,-57.0986516652024,0.00350293258896661,1
GS1,1,1,14.4641423165108,01-Feb-2009,5,0.185868075367017,0.0953346422875279,0.512915637068275,-48.7084362931725,0.0032455138826033,1
GS5,1,1,12.8235018154012,01-Aug-2011,5,0.246554643104266,0.169213366101795,0.686311821068549,-31.3688178931451,0.00708122464316752,1
GS10,1,1,7.17262340827045,01-Nov-2011,5,0.227264895865941,0.170706567037946,0.751134777711745,-24.8865222288255,0.0967798672717984,0
AAA,1,1,4.07198004949919,01-May-2019,5,0.156154551568663,0.205843618788374,1.31820441172259,31.820441172259,0.36710886660561,0
BAA,1,1,2.91284162392153,01-May-2019,5,0.168304623127478,0.211306705123084,1.25550149007514,25.550149007514,0.576339044924203,0
COMPAPFFx,1,1,3.72156110986929,01-Jun-2009,5,0.127569106826258,0.0704186977591253,0.552004317589458,-44.7995682410542,0.422514422267836,0
TB3SMFFM,1,1,18.220721382241,01-Feb-2009,5,0.137299578156854,0.0553876656505001,0.403407398580817,-59.6592601419183,0.00053303822338413,1
TB6SMFFM,1,1,10.2992118193034,01-Feb-2009,5,0.14005367214719,0.074385925343692,0.531124419683302,-46.8875580316698,0.0231702482108976,1
T1YFFM,1,1,12.1140359156122,01-Feb-2009,5,0.174789852073939,0.0970584122852619,0.555286311725951,-44.4713688274049,0.00990134784110019,1
T5YFFM,1,1,14.5999588799182,01-Oct-2003,5,0.317543802713355,0.210126275241164,0.661723747859893,-33.8276252140107,0.00304168800797011,1
T10YFFM,1,1,13.9116294612322,01-Oct-2003,5,0.33067797893461,0.212047355079978,0.6412503056997,-35.87496943003,0.00422373567037115,1
AAAFFM,1,1,5.9467584393575,01-Mar-2009,5,0.252440653566741,0.182813170006702,0.724182763052346,-27.5817236947654,0.166337657422636,0
BAAFFM,1,1,5.78488428777521,01-Aug-2009,5,0.265874454334198,0.188810819356717,0.710150284387179,-28.9849715612821,0.178463094423295,0
TWEXAFEGSMTHx,1,1,8.5860041113074,01-Apr-2011,5,0.0168624301562722,0.0130569743445155,0.774323405553663,-22.5676594446337,0.0510641653851376,0
EXSZUSx,1,1,19.9555146379487,01-Feb-2016,5,0.023712863863475,0.0157189615057317,0.662887519459158,-33.7112480540842,0.000229811819634884,1
EXJPUSx,1,1,7.77594924053741,01-Feb-2003,5,0.025586683759654,0.0205859706261114,0.804557980998384,-19.5442019001616,0.0737869643728405,0
EXUSUKx,1,1,3.67829217554094,01-Apr-2003,5,0.0163182929681335,0.0200022431946857,1.22575585778159,22.5755857781586,0.429817314455645,0
EXCAUSx,1,1,10.3119866740904,01-Jun-2018,5,0.0174860830396971,0.0125027516870789,0.715011569983681,-28.4988430016319,0.0230329670357554,1
WPSFD49207,1,1,12.5998905490823,01-Aug-2005,5,0.00472549211363433,0.00734359641913541,1.55403844563556,55.4038445635564,0.00787156242537113,1
WPSFD49502,1,1,14.8194703990271,01-Jul-2005,5,0.00599681174515741,0.00972795750634076,1.62218824264349,62.2188242643495,0.00273874649469841,1
WPSID61,1,1,7.07619430584317,01-Aug-2005,5,0.00535515858263439,0.00841028888185982,1.57050230204808,57.0502302048077,0.101041820705835,0
WPSID62,1,1,7.27978545761706,01-Oct-2009,5,0.0486399373359652,0.0328303277468993,0.674966489371358,-32.5033510628642,0.0922460442070457,0
OILPRICEx,1,1,2.103900927944,01-Sep-2020,5,0.0941678150826891,0.0753552674990031,0.800223170016564,-19.9776829983436,0.763580559072749,0
PPICMM,1,1,10.4842121722299,01-Nov-2012,5,0.0397115305196324,0.0266057749349495,0.669976064553752,-33.0023935446248,0.0212583111601772,1
CPIAUCSL,1,1,3.75291415887133,01-Mar-2010,5,0.00255209310092376,0.00188130231819005,0.73716053599655,-26.283946400345,0.417287064251255,0
CPIAPPSL,1,1,13.2654601699213,01-Feb-2005,5,0.00338747033064123,0.0051852564273974,1.53071641115034,53.0716411150339,0.00574268803717914,1
CPITRNSL,1,1,3.17147597115025,01-May-2010,5,0.0141612113497441,0.0107783004800064,0.761114301157664,-23.8885698842336,0.523157632673299,0
CPIMEDSL,1,1,25.0651289033902,01-Aug-2012,5,0.00121169171825361,0.00216204399258628,1.78431853582559,78.4318535825588,1.89319680394817e-05,1
CUSR0000SAC,1,1,4.38489874193233,01-May-2010,5,0.00622852921148439,0.00454009185853718,0.728918771090613,-27.1081228909387,0.323026292741549,0
CUSR0000SAD,1,1,15.4058971263832,01-Mar-2017,5,0.00179044288522427,0.00369373400188932,2.06302811017992,106.302811017992,0.00206835106978043,1
CUSR0000SAS,1,1,12.9061534639828,01-Mar-2020,5,0.000923260001968694,0.00159312330458988,1.72554134392567,72.5541343925671,0.00680939330699126,1
CPIULFSL,1,1,5.96437459398928,01-Nov-2009,5,0.00314939131939793,0.00218538467887625,0.693906998922582,-30.6093001077418,0.165065824284464,0
CUSR0000SA0L2,1,1,5.61932754796154,01-May-2010,5,0.00397677923620844,0.00275438151371258,0.692616147417498,-30.7383852582503,0.191716963909353,0
CUSR0000SA0L5,1,1,3.65136823724238,01-Jan-2010,5,0.0027892352898942,0.00207013176659644,0.74218613757571,-25.781386242429,0.434413732607649,0
PCEPI,1,1,2.73164955014468,01-Mar-2010,5,0.00195607075257479,0.00151502578042621,0.77452504130128,-22.547495869872,0.615744230486448,0
DDURRG3M086SBEA,1,1,17.0912785578304,01-Nov-2014,5,0.00197479465643329,0.00323989168449725,1.64062206363717,64.0622063637174,0.000919807780603299,1
DNDGRG3M086SBEA,1,1,7.27555089977232,01-Sep-2009,5,0.00742323117439488,0.00494494917597372,0.666145113873113,-33.3854886126887,0.0924212612347576,0
DSERRG3M086SBEA,1,1,5.96690799618013,01-Dec-2019,5,0.000943580909634783,0.00130669827900018,1.38482907576621,38.4829075766212,0.164883674230089,0
CES0600000008,1,1,3.56283898478871,01-May-2021,5,0.00166176086056111,0.00134100098690035,0.806975912555523,-19.3024087444477,0.449811379144808,0
CES2000000008,1,1,11.6936189262706,01-Sep-2008,5,0.0023739106351478,0.00351639195799175,1.48126551434942,48.1265514349416,0.0120687305360195,1
CES3000000008,1,1,8.11939681351475,01-Apr-2018,5,0.00176657000982043,0.00238024147182478,1.34738021057356,34.7380210573559,0.0631567982766044,0
UMCSENTx,1,1,5.62069382387745,01-Jul-2019,5,3.89045784522973,4.94515962914175,1.27109965609966,27.1099656099664,0.191603920095075,0
DTCOLNVHFNM,1,1,34.7349496351836,01-Nov-2021,5,0.016389879911991,0.00374623666807394,0.228570110836087,-77.1429889163913,1.59991426995632e-07,1
DTCTHFNM,1,1,12.8339680853533,01-Oct-2021,5,0.0118620532627557,0.00303885163760307,0.256182599275997,-74.3817400724003,0.00704621820106666,1
INVEST,1,1,11.5173604487119,01-Mar-2011,5,0.010152119961048,0.00631291162153071,0.621831858346073,-37.8168141653927,0.0131108530711131,1
VIXCLSx,1,1,1.86851083458131,01-Jul-2007,5,2.82356079718657,3.54169216615603,1.25433536606862,25.4335366068623,0.821593752813287,0
