series_name,include_main_2007,cv2007_smooth_found,cv2007_smooth_gamma,cv2007_smooth_midpoint,cv2007_smooth_ssr_gain,cv2007_smooth_ratio,cv2007_smooth_pct_change,cv2007_smooth_abrupt
RPI,1,1,100,01-Apr-1970,0.675505172721062,1.29489455236336,29.4894552363365,1
W875RX1,1,1,100,01-Nov-1971,1.25105622870949,1.44671664087312,44.6716640873119,1
DPCERA3M086SBEA,1,1,100,01-May-1988,6.80827998500025,0.588459575096547,-41.1540424903453,1
CMRMTSPLx,1,1,2,01-Nov-1966,7.49391167885477,0.165863456054353,-83.4136543945647,0
RETAILx,1,1,100,01-Apr-1988,3.05613156022624,0.707920910511191,-29.2079089488809,1
INDPRO,1,1,100,01-Oct-1983,5.34701521534326,0.632107180562928,-36.7892819437072,1
IPFPNSS,1,1,100,01-Sep-1983,5.16845958521091,0.645005956300804,-35.4994043699196,1
IPFINAL,1,1,100,01-Sep-1983,3.71351256517746,0.693823990161447,-30.6176009838553,1
IPCONGD,1,1,100,01-Apr-1976,3.16779535705983,0.71353066767367,-28.646933232633,1
IPDCONGD,1,1,1,01-Apr-1967,1.88095340978957,0.0456103623565671,-95.4389637643433,0
IPNCONGD,1,1,100,01-Jun-1976,0.849112695166308,0.861121537502577,-13.8878462497423,1
IPBUSEQ,1,1,100,01-Apr-1983,3.84392095076503,0.693360922233161,-30.6639077766839,1
IPMAT,1,1,100,01-Aug-1983,7.73059910011665,0.570840134207433,-42.9159865792567,1
IPDMAT,1,1,100,01-Jun-1983,10.0180718328042,0.515273564233728,-48.4726435766271,1
IPNMAT,1,1,100,01-Jul-1983,3.93653034839622,0.66783120876847,-33.216879123153,1
IPMANSICS,1,1,100,01-Aug-1983,5.89158135747531,0.622721350990608,-37.7278649009392,1
IPB51222S,1,1,20,01-Feb-1972,10.8381003340839,3.00918872207168,200.918872207168,1
IPFUELS,1,1,100,01-Sep-1991,1.33486351342952,0.792390120073349,-20.7609879926651,1
CUMFNS,1,1,100,01-Jun-1983,6.45157531037377,0.610901814753307,-38.9098185246693,1
HWI,1,1,2,01-Sep-2000,14.8923454132157,57.5325402217443,5653.25402217443,0
HWIURATIO,1,1,100,01-Mar-1975,2.44103511246744,0.741343018864175,-25.8656981135825,1
CLF16OV,1,1,5,01-Jul-1966,7.56965266061039,0.366654703538817,-63.3345296461183,0
CE16OV,1,1,10,01-Oct-1966,5.7526844817138,0.490108073294971,-50.9891926705029,0
UNRATE,1,1,100,01-May-1986,2.43682103986082,0.748760165340013,-25.1239834659987,1
UEMPMEAN,1,1,100,01-Dec-1966,4.05010012830744,0.655687324387536,-34.4312675612465,1
UEMPLT5,1,1,10,01-Jul-1968,3.68872287946293,0.581550046893214,-41.8449953106786,0
UEMP5TO14,1,1,100,01-Jul-1976,5.04042494675923,0.692444496796855,-30.7555503203145,1
UEMP15OV,1,1,100,01-Jun-1971,4.80013905245613,0.681949051817433,-31.8050948182567,1
UEMP15T26,1,1,5,01-Oct-1966,3.76814633283928,0.518366916806705,-48.1633083193295,0
UEMP27OV,1,1,20,01-Nov-1977,6.88583851038118,0.598880680216528,-40.1119319783472,1
CLAIMSx,1,1,100,01-Jun-1984,3.77856087193971,0.694731298520675,-30.5268701479325,1
PAYEMS,1,1,100,01-Aug-1984,11.0024046000779,0.467792520297667,-53.2207479702333,1
USGOOD,1,1,100,01-Nov-1983,11.1114059158841,0.453116608974819,-54.6883391025181,1
CES1021000001,1,1,100,01-Apr-1987,3.63605167398534,0.386461255793787,-61.3538744206213,1
USCONS,1,1,50,01-Feb-1983,15.091314700943,0.403047587033017,-59.6952412966983,1
MANEMP,1,1,100,01-May-1983,10.0482292642236,0.402195984274538,-59.7804015725462,1
DMANEMP,1,1,100,01-Jun-1983,8.80594990269256,0.385402687618397,-61.4597312381603,1
NDMANEMP,1,1,100,01-Mar-1983,8.13150205768329,0.556147550025203,-44.3852449974797,1
SRVPRD,1,1,100,01-Oct-1984,5.02127566254308,0.596434177314848,-40.3565822685152,1
USTPU,1,1,5,01-Oct-1966,7.10989571759943,0.344298556315128,-65.5701443684872,0
USWTRADE,1,1,1,01-Oct-1982,4.0777148944008,-0.120945209525842,-112.094520952584,0
USTRADE,1,1,5,01-May-1967,5.09548311556132,0.399281460766429,-60.0718539233571,0
USFIRE,1,1,100,01-Aug-2000,1.02583340259049,1.27468867924131,27.4688679241311,1
USGOVT,1,1,100,01-Oct-1991,2.17145684431893,0.654827653401932,-34.5172346598068,1
CES0600000007,1,1,100,01-Nov-1983,2.01689308832227,0.729113972960308,-27.0886027039692,1
AWOTMAN,1,1,100,01-Jun-1996,2.20440198985415,0.657690541332624,-34.2309458667376,1
AWHMAN,1,1,100,01-Dec-1983,1.9598804631186,0.721591007617182,-27.8408992382818,1
HOUST,1,1,100,01-Dec-1984,3.52307643750417,0.714080812846481,-28.5919187153519,1
HOUSTNE,1,1,100,01-May-1984,2.49084071467938,0.74639122678923,-25.360877321077,1
HOUSTMW,1,1,100,01-Apr-1988,1.61414773574427,0.782173211002489,-21.7826788997511,1
HOUSTS,1,1,100,01-Apr-1984,2.36188647169208,0.761717640533329,-23.8282359466671,1
HOUSTW,1,1,100,01-Jun-1984,0.807633730507343,0.865897393844268,-13.4102606155732,1
PERMIT,1,1,100,01-Sep-1991,6.66641268686651,0.555715805484343,-44.4284194515657,1
PERMITNE,1,1,100,01-Sep-1984,3.94182933220179,0.670941952859257,-32.9058047140743,1
PERMITMW,1,1,100,01-Apr-1991,6.7548895087979,0.541814260788755,-45.8185739211245,1
PERMITS,1,1,100,01-Jul-1991,4.26645419745319,0.645446816048043,-35.4553183951957,1
PERMITW,1,1,100,01-May-1991,3.07322693650236,0.690554510406151,-30.9445489593849,1
ACOGNO,0,0,NaN,,NaN,NaN,NaN,0
AMDMNOx,1,1,100,01-Nov-1992,0.274412288366015,0.910028674149958,-8.99713258500422,1
ANDENOx,1,1,100,01-Oct-1992,4.56337607712939,0.670082158353044,-32.9917841646956,1
AMDMUOx,1,1,20,01-Sep-1966,0.93153540684,0.759864330010001,-24.0135669989999,1
BUSINVx,1,1,100,01-Aug-1973,0.715449548189587,1.28883629438344,28.8836294383436,1
ISRATIOx,1,1,100,01-Nov-1991,3.64192853765941,0.657169218789949,-34.2830781210051,1
M1SL,1,1,100,01-Sep-1999,5.74130816461525,1.77871964344618,77.8719643446183,1
M2SL,1,1,100,01-Oct-1999,3.72255591037596,1.57055324634854,57.055324634854,1
M2REAL,1,1,100,01-Feb-2000,3.2145523794317,1.48947339349155,48.9473393491547,1
BOGMBASE,1,1,100,01-Dec-1998,0.4703901913021,1.19830593454434,19.8305934544338,1
TOTRESNS,1,1,5,01-Oct-1994,8.53506034521377,4.97801304781602,397.801304781602,0
NONBORRES,1,1,100,01-Aug-2000,7.87796221515004,2.57059198014486,157.059198014486,1
BUSLOANS,1,1,100,01-Apr-1998,0.281638127279368,1.12080968482175,12.0809684821747,1
REALLN,1,1,20,01-Aug-1999,14.9633402098097,3.02811174241205,202.811174241205,1
NONREVSL,1,1,100,01-Jun-1974,0.302074050288535,1.17998748856372,17.9987488563722,1
CONSPI,1,1,100,01-Aug-1978,0.58422613373214,0.823895821725277,-17.6104178274723,1
S&P 500,1,1,100,01-May-1969,0.49985561705752,1.18620580571192,18.6205805711924,1
S&P div yield,1,1,100,01-May-1991,9.84866319304474,0.408888949905431,-59.1111050094569,1
S&P PE ratio,1,1,100,01-Apr-1969,0.569237924072662,1.1975030183112,19.7503018311202,1
FEDFUNDS,1,1,50,01-Nov-1986,8.94616007314568,0.273260242284061,-72.6739757715938,1
CP3Mx,1,1,50,01-Nov-1989,6.19963567755216,0.377478556283824,-62.2521443716176,1
TB3MS,1,1,100,01-Mar-1986,9.55104665454598,0.364932398431209,-63.5067601568791,1
TB6MS,1,1,50,01-Mar-1988,8.47424900907676,0.397394173099648,-60.2605826900352,1
GS1,1,1,50,01-Sep-1989,7.7960125762743,0.439857691037968,-56.0142308962032,1
GS5,1,1,100,01-Nov-1968,6.38037609803549,2.40040080487811,140.040080487811,1
GS10,1,1,50,01-Feb-1968,7.44440385152461,3.04858525831221,204.858525831221,1
AAA,1,1,100,01-Sep-1978,10.6768455827101,2.34631190654291,134.631190654291,1
BAA,1,1,100,01-Sep-1978,13.0444118215805,2.43726252803667,143.726252803667,1
COMPAPFFx,1,1,20,01-Jul-1990,7.93773129403522,0.354286587022557,-64.5713412977443,1
TB3SMFFM,1,1,100,01-Mar-1985,8.53573070274131,0.408788590396778,-59.1211409603222,1
TB6SMFFM,1,1,100,01-Aug-1985,8.48894796727741,0.433186779250525,-56.6813220749475,1
T1YFFM,1,1,100,01-Sep-1985,6.50330172132873,0.500307537826328,-49.9692462173672,1
T5YFFM,1,1,100,01-Dec-1986,3.37876565203744,0.620532282703048,-37.9467717296952,1
T10YFFM,1,1,100,01-Feb-1987,3.53889608122572,0.591093427220914,-40.8906572779086,1
AAAFFM,1,1,100,01-Nov-1986,4.99896665424645,0.49584957526412,-50.415042473588,1
BAAFFM,1,1,100,01-Jul-1985,4.21220455974469,0.513088494213205,-48.6911505786795,1
TWEXAFEGSMTHx,0,0,NaN,,NaN,NaN,NaN,0
EXSZUSx,1,1,100,01-Apr-1972,25.5264650811584,14.2469013549192,1324.69013549192,1
EXJPUSx,1,1,20,01-Sep-1973,25.1766163668275,35.3158596525912,3431.58596525912,1
EXUSUKx,1,1,100,01-Apr-1972,21.6036901376851,7.66496283081466,666.496283081466,1
EXCAUSx,1,1,2,01-Aug-2000,20.189491922396,-16.6390990308833,-1763.90990308833,0
WPSFD49207,1,1,100,01-Sep-2000,3.15903160978715,1.5561609103977,55.6160910397702,1
WPSFD49502,1,1,100,01-Sep-2000,3.64619867166249,1.57568239410073,57.5682394100732,1
WPSID61,1,1,100,01-Aug-2000,6.11059700089137,1.97583771027836,97.5837710278358,1
WPSID62,1,1,50,01-Oct-1997,16.7182096766475,2.72325353129826,172.325353129826,1
OILPRICEx,1,1,100,01-Dec-1984,19.4818092857166,3.36940983872891,236.940983872891,1
PPICMM,1,1,1,01-Aug-2000,8.89270347394161,-4.30205221419054,-530.205221419054,0
CPIAUCSL,1,1,100,01-May-1972,0.865074435359489,1.25333589004593,25.3335890045931,1
CPIAPPSL,1,1,100,01-Jul-1985,9.50542276889358,1.79766874224987,79.7668742249867,1
CPITRNSL,1,1,50,01-Sep-2000,16.4677243690025,2.49246877021999,149.246877021999,1
CPIMEDSL,1,1,20,01-Jan-1982,13.1512488810152,0.404030261991193,-59.5969738008807,1
CUSR0000SAC,1,1,50,01-Sep-2000,10.3916591279913,2.07714665947517,107.714665947517,1
CUSR0000SAD,1,1,100,01-Apr-1988,6.27700806514467,0.620915378124513,-37.9084621875487,1
CUSR0000SAS,1,1,100,01-May-1984,9.62269355007976,0.478854539568588,-52.1145460431412,1
CPIULFSL,1,1,100,01-Dec-1999,3.07637392827037,1.46682961652076,46.6829616520764,1
CUSR0000SA0L2,1,1,50,01-Sep-2000,4.25094223194891,1.60915182636589,60.9151826365887,1
CUSR0000SA0L5,1,1,100,01-Sep-1987,1.65669299123866,0.782574373493649,-21.7425626506351,1
PCEPI,1,1,100,01-Feb-1972,3.37491576563006,1.5082129664635,50.82129664635,1
DDURRG3M086SBEA,1,1,100,01-Aug-1981,0.834777474424437,0.848798255909688,-15.1201744090312,1
DNDGRG3M086SBEA,1,1,100,01-Mar-1999,12.2167938971279,2.03594487034763,103.594487034763,1
DSERRG3M086SBEA,1,1,100,01-Nov-1972,5.71223891125108,1.87525918040175,87.5259180401749,1
CES0600000008,1,1,100,01-Sep-1983,7.26228314405743,0.597754456961258,-40.2245543038742,1
CES2000000008,1,1,1,01-Dec-1982,11.3285065845545,-0.390886354958395,-139.088635495839,0
CES3000000008,1,1,100,01-Apr-1983,8.21613414624574,0.542349535488916,-45.7650464511084,1
UMCSENTx,0,0,NaN,,NaN,NaN,NaN,0
DTCOLNVHFNM,1,1,100,01-Feb-1976,9.44083878709309,2.66402101487463,166.402101487463,1
DTCTHFNM,1,1,100,01-Nov-1973,3.49143546751678,1.83882906227769,83.8829062277687,1
INVEST,1,1,100,01-Feb-1976,3.01431784307866,0.735998245260118,-26.4001754739882,1
VIXCLSx,1,1,100,01-Oct-1988,0.459476372857879,0.857441742197501,-14.2558257802499,1
