series_name,fred_group,include_main_hist,include_main_2007,include_main_full_ext,hist_uv_gamma,hist_uv_abrupt,hist_uv_smooth_mid,hist_uv_lag_mo,hist_cv_gamma,hist_cv_abrupt,hist_cv_smooth_mid,hist_cv_lag_mo,p2007_uv_gamma,p2007_uv_abrupt,p2007_uv_smooth_mid,p2007_uv_lag_mo,p2007_cv_gamma,p2007_cv_abrupt,p2007_cv_smooth_mid,p2007_cv_lag_mo,full_uv_gamma,full_uv_abrupt,full_uv_smooth_mid,full_uv_lag_mo,full_cv_gamma,full_cv_abrupt,full_cv_smooth_mid,full_cv_lag_mo
RPI,Output and Income,1,1,1,,,,,,,,,,,,,,,,,,,,,50 | 100 | 100 | 100 | 2 | 100 | 50,1 | 1 | 1 | 1 | 0 | 1 | 1,01-Nov-1989 | 01-Feb-1995 | 01-Sep-2004 | 01-Feb-2008 | 01-Feb-2010 | 01-Mar-2020 | 01-Apr-2022,235 | 0 | 41 | -3 | -61 | 3 | -5
W875RX1,Output and Income,1,1,1,,,,,,,,,,,,,100 | 100,1 | 1,01-Mar-1962 | 01-Mar-1972,-44 | -3,,,,,100 | 100,1 | 1,01-Mar-1962 | 01-Oct-1990,-45 | 219
DPCERA3M086SBEA,Orders and Inventories,1,1,1,100,1,01-May-1988,15,100,1,01-Apr-1988,14,100,1,01-Jun-1988,16,100,1,01-May-1988,15,,,,,,,,
CMRMTSPLx,Orders and Inventories,1,1,1,100 | 100,1 | 1,01-Oct-1965 | 01-Aug-1992,-10 | -1,1,0,01-Sep-1965,-181,100 | 100,1 | 1,01-Nov-1965 | 01-May-1992,-9 | -4,2,0,01-Nov-1966,-167,5 | 100,0 | 1,01-Apr-1968 | 01-Jan-1992,20 | -332,10,0,01-Oct-1969,-134
RETAILx,Orders and Inventories,1,1,1,100,1,01-Mar-1988,13,100,1,01-Feb-1988,3,100,1,01-Mar-1988,13,100,1,01-Apr-1988,5,,,,,,,,
INDPRO,Output and Income,1,1,1,100,1,01-Dec-1983,-1,100,1,01-Oct-1983,-3,100,1,01-Dec-1983,-1,100,1,01-Oct-1983,-3,100,1,01-Nov-1983,-2,,,,
IPFPNSS,Output and Income,1,1,1,100 | 100 | 100,1 | 1 | 1,01-Dec-1983 | 01-Apr-1989 | 01-Apr-1992,10 | 0 | 1,100,1,01-Sep-1983,-4,100 | 100 | 100 | 100,1 | 1 | 1 | 1,01-Dec-1983 | 01-Sep-1992 | 01-Apr-1992 | 01-Dec-2001,10 | 41 | -38 | 2,100 | 100,1 | 1,01-Sep-1983 | 01-Jan-1989,-4 | -132,,,,,,,,
IPFINAL,Output and Income,1,1,1,100 | 100,1 | 1,01-Dec-1983 | 01-Mar-1989,10 | -1,100 | 100,1 | 1,01-Jan-1984 | 01-Mar-1989,11 | -1,100 | 100 | 100,1 | 1 | 1,01-Dec-1983 | 01-Mar-1989 | 01-Apr-1992,10 | -1 | -93,100 | 100 | 100 | 100,1 | 1 | 1 | 1,01-Dec-1983 | 01-Mar-1989 | 01-May-1992 | 01-May-2006,10 | -1 | -78 | 1,,,,,,,,
IPCONGD,Output and Income,1,1,1,100,1,01-Jan-1976,4,,,,,100 | 100,1 | 1,01-Jan-1976 | 01-Dec-2000,4 | 2,100,1,01-Apr-1976,7,,,,,,,,
IPDCONGD,Output and Income,1,1,1,,,,,,,,,10,0,01-Jun-1966,14,1,0,01-Apr-1967,-178,,,,,,,,
IPNCONGD,Output and Income,1,1,1,,,,,,,,,,,,,,,,,,,,,,,,
IPBUSEQ,Output and Income,1,1,1,100,1,01-Sep-1983,11,100,1,01-Apr-1983,4,100,1,01-Oct-1983,12,100,1,01-Apr-1983,4,,,,,,,,
IPMAT,Output and Income,1,1,1,10,0,01-Apr-1965,0,100,1,01-Aug-1983,5,5,0,01-Jun-1966,-211,100,1,01-Aug-1983,5,10,0,01-Mar-1969,47,100 | 100,1 | 1,01-Apr-1983 | 01-Mar-2019,1 | -6
IPDMAT,Output and Income,1,1,1,10,0,01-Apr-1965,0,100,1,01-May-1983,4,20 | 100,1 | 1,01-Nov-1962 | 01-Mar-1984,-29 | 1,100,1,01-Jun-1983,5,10,0,01-Mar-1969,47,100,1,01-Jan-1983,0
IPNMAT,Output and Income,1,1,1,100 | 100,1 | 1,01-Nov-1983 | 01-Feb-1996,-2 | 32,100 | 100 | 100,1 | 1 | 1,01-Jun-1979 | 01-Jul-1983 | 01-Jan-1996,168 | 6 | 31,100,1,01-Nov-1983,-2,100,1,01-Jul-1983,6,,,,,,,,
IPMANSICS,Output and Income,1,1,1,100,1,01-Nov-1983,1,100,1,01-Aug-1983,-5,100,1,01-Nov-1983,-3,100,1,01-Aug-1983,-5,,,,,,,,
IPB51222S,Output and Income,1,1,1,10,0,01-May-1972,-15,100 | 50,1 | 1,01-Jan-1967 | 01-May-1973,1 | -6,10,0,01-Mar-1972,-17,100 | 50,1 | 1,01-Jan-1967 | 01-Jun-1973,1 | -5,10 | 100,0 | 1,01-Sep-1971 | 01-Jun-2015,-23 | -4,20 | 100,1 | 1,01-Mar-1972 | 01-Oct-2009,-20 | 1
IPFUELS,Output and Income,1,1,1,100,1,01-Feb-1993,2,100 | 100,1 | 1,01-Nov-1973 | 01-Sep-1986,-3 | 0,,,,,,,,,,,,,,,,
CUMFNS,Output and Income,1,1,1,100,1,01-Jan-1984,-1,100,1,01-Jun-1983,14,100,1,01-Jan-1984,-1,100,1,01-Jun-1983,14,100,1,01-Oct-1983,-4,,,,
HWI,Labor Market,1,1,1,10 | 100,0 | 1,01-Jul-1972 | 01-Oct-1994,38 | 13,100 | 100,1 | 1,01-Aug-1968 | 01-Nov-1994,-1 | 14,10 | 100,0 | 1,01-Dec-1972 | 01-Mar-1995,43 | -7,10 | 20,0 | 1,01-Oct-1971 | 01-Jun-1997,-70 | 26,10 | 100 | 100,0 | 1 | 1,01-Jan-1973 | 01-Apr-1995 | 01-Sep-2019,44 | -6 | -1,5 | 20 | 100,0 | 1 | 1,01-May-1972 | 01-Sep-1997 | 01-Oct-2019,-80 | 4 | -1
HWIURATIO,Labor Market,1,1,1,100 | 100,1 | 1,01-Jun-1975 | 01-Dec-1995,5 | 26,100 | 10 | 100,1 | 0 | 1,01-Aug-1967 | 01-Jul-1971 | 01-Oct-1994,1 | -43 | 12,,,,,,,,,100 | 100,1 | 1,01-May-1975 | 01-Nov-2019,-464 | -4,100 | 20 | 100 | 20 | 100 | 100 | 20 | 100,1 | 1 | 1 | 1 | 1 | 1 | 1 | 1,01-Jul-1981 | 01-Jul-1996 | 01-Dec-1997 | 01-Feb-2008 | 01-Jun-2009 | 01-Jun-2014 | 01-Jul-2019 | 01-Feb-2020,7 | 24 | -34 | 14 | -37 | 1 | 46 | -4
CLF16OV,Labor Market,1,1,1,100 | 100 | 10,1 | 1 | 0,01-Nov-1962 | 01-Jan-1984 | 01-Jun-1997,-69 | 3 | 45,100 | 100 | 100,1 | 1 | 1,01-Dec-1962 | 01-Dec-1983 | 01-Dec-1996,-33 | 2 | 39,100 | 100,1 | 1,01-Nov-1962 | 01-Feb-1984,-69 | 4,100 | 100,1 | 1,01-Dec-1962 | 01-Dec-1983,-33 | 2,10,0,01-Mar-1969,-76,10 | 100,0 | 1,01-Jun-1968 | 01-Feb-2019,-182 | -9
CE16OV,Labor Market,1,1,1,50 | 10,1 | 0,01-Feb-1964 | 01-Oct-1994,-20 | 32,20 | 10,1 | 0,01-May-1964 | 01-Oct-1994,-17 | 31,50 | 100,1 | 1,01-Dec-1962 | 01-Dec-1984,-34 | 4,50 | 100,1 | 1,01-Jun-1963 | 01-Dec-1985,-28 | -2,,,,,,,,
UNRATE,Labor Market,1,1,1,100,1,01-Feb-1985,7,100,1,01-Sep-1986,-3,100,1,01-Apr-1985,9,100,1,01-May-1986,3,,,,,,,,
UEMPMEAN,Labor Market,1,1,1,,,,,100,1,01-Sep-1965,1,,,,,50 | 100,1 | 1,01-Nov-1965 | 01-May-1974,-7 | -6,100 | 50 | 100,1 | 1 | 1,01-Nov-2007 | 01-Sep-2018 | 01-May-2022,-8 | 8 | -24,100 | 50 | 100,1 | 1 | 1,01-Jan-2008 | 01-Nov-2018 | 01-Jul-2022,-8 | 8 | -24
UEMPLT5,Labor Market,1,1,1,100 | 100 | 50,1 | 1 | 1,01-May-1963 | 01-Nov-1984 | 01-Mar-1993,-24 | -3 | -6,5 | 100,0 | 1,01-Nov-1983 | 01-Aug-1993,0 | 0,,,,,100 | 100 | 100,1 | 1 | 1,01-Jul-1970 | 01-Sep-1984 | 01-Apr-1993,3 | 0 | -3,,,,,,,,
UEMP5TO14,Labor Market,1,1,1,100,1,01-Dec-1975,11,20,1,01-Aug-1979,-16,100,1,01-Jan-1976,12,100,1,01-Jul-1976,12,,,,,,,,
UEMP15OV,Labor Market,1,1,1,100,1,01-Jul-1976,1,10,0,01-Apr-1973,25,100,1,01-Aug-1976,2,100,1,01-Jun-1971,4,,,,,100,1,01-Jan-2016,-46
UEMP15T26,Labor Market,1,1,1,100,1,01-Apr-1971,2,10,0,01-Nov-1973,-32,10,0,01-Feb-1970,-12,5,0,01-Oct-1966,-50,100,1,01-Oct-2015,-47,,,,
UEMP27OV,Labor Market,1,1,1,20,1,01-Sep-1979,38,20,1,01-Apr-1978,-24,50,1,01-Jan-1978,18,20,1,01-Nov-1977,17,100,1,01-Dec-1976,5,20 | 100 | 100 | 100,1 | 1 | 1 | 1,01-Dec-1978 | 01-May-1998 | 01-Jul-2009 | 01-Jan-2020,-18 | 5 | 1 | 3
CLAIMSx,Labor Market,1,1,1,100 | 100,1 | 1,01-Apr-1984 | 01-Jul-1994,7 | 19,100 | 100,1 | 1,01-Apr-1984 | 01-Jul-1994,3 | 19,100,1,01-Jul-1984,3,100,1,01-Jun-1984,9,,,,,,,,
PAYEMS,Labor Market,1,1,1,50 | 100 | 100 | 50,1 | 1 | 1 | 1,01-May-1980 | 01-Jun-1984 | 01-Jun-1990 | 01-Nov-1991,67 | 4 | 1 | -10,100,1,01-Jul-1984,10,100,1,01-Sep-1984,2,100,1,01-Aug-1984,11,,,,,,,,
USGOOD,Labor Market,1,1,1,100 | 100 | 50,1 | 1 | 1,01-Jun-1984 | 01-Apr-1990 | 01-Sep-1991,7 | 3 | -5,100,1,01-Oct-1983,3,100 | 100,1 | 1,01-Jun-1984 | 01-Oct-2000,0 | -3,100,1,01-Nov-1983,1,100,1,01-Apr-1984,-2,100,1,01-Jun-1983,-1
CES1021000001,Labor Market,1,1,1,100 | 100 | 100,1 | 1 | 1,01-Feb-1977 | 01-Jul-1978 | 01-Jan-1987,7 | -55 | -31,100,1,01-Sep-1983,-36,100 | 100,1 | 1,01-Apr-1987 | 01-Sep-2004,7 | 36,100 | 100 | 50,1 | 1 | 1,01-Feb-1987 | 01-May-1994 | 01-Apr-1997,5 | 2 | -51,,,,,100 | 100,1 | 1,01-Apr-1977 | 01-Aug-1982,29 | 10
USCONS,Labor Market,1,1,1,100 | 100 | 50,1 | 1 | 1,01-Aug-1984 | 01-Nov-1989 | 01-Oct-1991,12 | 1 | -4,100 | 100,1 | 1,01-Sep-1968 | 01-Dec-1983,3 | -3,100 | 100 | 20,1 | 1 | 1,01-Aug-1984 | 01-Oct-1989 | 01-Aug-1992,11 | -1 | -42,50,1,01-Feb-1983,-13,100,1,01-Apr-1984,-2,100,1,01-Aug-1983,-7
MANEMP,Labor Market,1,1,1,100,1,01-May-1984,1,100,1,01-Aug-1983,-1,100,1,01-May-1984,1,100 | 50,1 | 1,01-Jul-1983 | 01-Nov-1987,2 | -23,100,1,01-Apr-1984,0,100,1,01-Mar-1983,-2
DMANEMP,Labor Market,1,1,1,100 | 100 | 50,1 | 1 | 1,01-Jun-1984 | 01-May-1984 | 01-Sep-1991,19 | -63 | -4,100,1,01-Sep-1983,-2,100 | 100 | 100,1 | 1 | 1,01-Jun-1984 | 01-Sep-2000 | 01-Aug-2003,-1 | 39 | 0,100 | 100 | 50,1 | 1 | 1,01-Aug-1983 | 01-Feb-1998 | 01-Sep-1992,3 | 98 | -105,100,1,01-Apr-1984,0,100,1,01-May-1983,-4
NDMANEMP,Labor Market,1,1,1,100 | 10,1 | 0,01-Mar-1974 | 01-May-1978,-4 | -54,100 | 10,1 | 0,01-Apr-1974 | 01-Jul-1978,-5 | -49,100 | 10 | 100 | 100,1 | 0 | 1 | 1,01-Mar-1974 | 01-Feb-1978 | 01-Oct-2000 | 01-Jun-2000,-4 | -74 | 34 | -44,100 | 20,1 | 1,01-Apr-1974 | 01-Sep-1979,-5 | -35,,,,,,,,
SRVPRD,Labor Market,1,1,1,100,1,01-Sep-1992,6,100 | 100,1 | 1,01-Apr-1964 | 01-Jul-1991,-234 | 0,100,1,01-Mar-1985,4,100 | 100,1 | 1,01-Apr-1964 | 01-Aug-1991,-233 | 2,,,,,,,,
USTPU,Labor Market,1,1,1,100,1,01-Jan-1993,4,20,1,01-Jul-1965,-2,100 | 100 | 100 | 10,1 | 1 | 1 | 0,01-Dec-1984 | 01-Apr-1995 | 01-Dec-2000 | 01-Oct-2002,1 | 6 | 0 | -17,5,0,01-Oct-1966,13,,,,,,,,
USWTRADE,Labor Market,1,1,1,100,1,01-Oct-1993,7,5,0,01-Nov-1993,33,,,,,1,0,01-Oct-1982,25,,,,,,,,
USTRADE,Labor Market,1,1,1,20,1,01-Apr-1965,-329,10,0,01-Aug-1965,-29,20 | 100 | 100 | 100,1 | 1 | 1 | 1,01-Mar-1964 | 01-Aug-1992 | 01-Dec-2000 | 01-Jun-2003,-13 | -1 | 13 | -1,5,0,01-May-1967,-8,,,,,,,,
USFIRE,Labor Market,1,1,1,100,1,01-May-1966,-1,100 | 100,1 | 1,01-Jan-1966 | 01-Feb-1980,0 | -2,100,1,01-Jun-1966,1,,,,,,,,,,,,
USGOVT,Labor Market,1,1,1,50 | 100,1 | 1,01-Dec-1978 | 01-Jul-1983,143 | 12,100,1,01-Aug-1991,9,100,1,01-Mar-1983,8,100,1,01-Oct-1991,11,,,,,,,,
CES0600000007,Labor Market,1,1,1,100 | 100 | 100 | 50,1 | 1 | 1 | 1,01-Apr-1974 | 01-Jun-1983 | 01-May-1983 | 01-Jun-1993,1 | 32 | -45 | -1,100,1,01-Jan-1984,-2,100 | 100 | 100 | 50 | 100 | 20,1 | 1 | 1 | 1 | 1 | 1,01-Apr-1974 | 01-Jun-1983 | 01-May-1983 | 01-Jun-1993 | 01-Sep-2000 | 01-May-2001,1 | 32 | -45 | -1 | 6 | -60,100 | 100,1 | 1,01-Jan-1984 | 01-Apr-1993,-1 | 4,100 | 100 | 50 | 100 | 100 | 100 | 50 | 100,1 | 1 | 1 | 1 | 1 | 1 | 1 | 1,01-Nov-1983 | 01-Sep-1991 | 01-Jul-1993 | 01-Jun-2000 | 01-Oct-2008 | 01-Oct-2008 | 01-Aug-2019 | 01-May-2022,4 | 1 | 4 | 13 | 39 | -36 | -8 | 0,,,,
AWOTMAN,Labor Market,1,1,1,,,,,,,,,100,1,01-May-1996,0,100,1,01-Jun-1996,1,,,,,,,,
AWHMAN,Labor Market,1,1,1,100 | 100 | 100 | 100 | 50,1 | 1 | 1 | 1 | 1,01-Oct-1979 | 01-Jul-1983 | 01-Jan-1987 | 01-Jul-1989 | 01-Jun-1993,60 | 1 | 2 | 2 | -2,100,1,01-Jan-1984,-2,100 | 100 | 100 | 100 | 50 | 100 | 100,1 | 1 | 1 | 1 | 1 | 1 | 1,01-Oct-1979 | 01-Jul-1983 | 01-Jan-1987 | 01-Jul-1989 | 01-Jun-1993 | 01-Sep-2000 | 01-Feb-2006,62 | 1 | 2 | 2 | -4 | 9 | 0,,,,,,,,,,,,
HOUST,Housing / Construction,1,1,1,100 | 100 | 50 | 100,1 | 1 | 1 | 1,01-Mar-1966 | 01-Dec-1970 | 01-Apr-1974 | 01-Sep-1993,25 | 1 | -102 | 1,20,1,01-Aug-1993,30,100 | 100 | 50,1 | 1 | 1,01-Oct-1970 | 01-Sep-1993 | 01-Dec-2002,-1 | 1 | 14,20 | 5 | 100,1 | 0 | 1,01-Mar-1993 | 01-Feb-2000 | 01-Dec-2001,25 | -1 | 0,100 | 100 | 100 | 50 | 100 | 20 | 20 | 100,1 | 1 | 1 | 1 | 1 | 1 | 1 | 1,01-Nov-1970 | 01-Aug-1973 | 01-May-1987 | 01-May-2002 | 01-Sep-2008 | 01-Jul-2012 | 01-Dec-2014 | 01-Jul-2022,0 | -64 | 2 | 5 | 3 | -1 | -11 | -2,,,,
HOUSTNE,Housing / Construction,1,1,1,,,,,,,,,100,1,01-Apr-1998,6,100 | 100,1 | 1,01-Feb-1984 | 01-Dec-1991,-1 | 6,100 | 100 | 100 | 100 | 100 | 100 | 100 | 100,1 | 1 | 1 | 1 | 1 | 1 | 1 | 1,01-Apr-1966 | 01-Apr-1974 | 01-Nov-1973 | 01-Oct-1984 | 01-Sep-1988 | 01-Aug-2008 | 01-Sep-2008 | 01-Oct-2020,0 | 36 | -45 | 0 | -36 | 23 | -50 | 15,100,1,01-Sep-2007,-7
HOUSTMW,Housing / Construction,1,1,1,100 | 100 | 50 | 100 | 100,1 | 1 | 1 | 1 | 1,01-Feb-1971 | 01-Apr-1981 | 01-Sep-1983 | 01-Feb-1992 | 01-Sep-1998,3 | 51 | -3 | 2 | 0,20,1,01-Oct-1991,8,100 | 100 | 50 | 100 | 100 | 10,1 | 1 | 1 | 1 | 1 | 0,01-Feb-1971 | 01-Mar-1981 | 01-Aug-1983 | 01-May-1990 | 01-Feb-1992 | 01-Sep-2005,3 | 50 | -27 | 42 | -14 | 47,100,1,01-Apr-1988,0,100 | 100 | 100 | 2 | 100 | 20 | 20 | 5,1 | 1 | 1 | 0 | 1 | 1 | 1 | 0,01-Jan-1971 | 01-Feb-1983 | 01-Jul-1993 | 01-Mar-1995 | 01-Mar-2006 | 01-Mar-2008 | 01-Jan-2013 | 01-Aug-2014,-1 | 2 | 22 | -32 | 1 | 4 | 5 | -57,20 | 20 | 50,1 | 1 | 1,01-Mar-1992 | 01-Sep-2001 | 01-Mar-2007,12 | 20 | 2
HOUSTS,Housing / Construction,1,1,1,100 | 100,1 | 1,01-May-1992 | 01-May-1998,3 | 1,100,1,01-Mar-1984,0,,,,,100,1,01-Apr-1984,1,,,,,,,,
HOUSTW,Housing / Construction,1,1,1,100 | 100 | 100 | 10 | 100,1 | 1 | 1 | 0 | 1,01-Apr-1965 | 01-Nov-1986 | 01-Apr-1987 | 01-Aug-1992 | 01-Oct-1997,-1 | 48 | -41 | -11 | 0,100,1,01-Sep-1984,-4,100 | 100 | 100 | 20 | 100,1 | 1 | 1 | 1 | 1,01-Feb-1965 | 01-Feb-1983 | 01-Sep-1990 | 01-Nov-1992 | 01-Oct-2002,-2 | 3 | 0 | -11 | 12,,,,,100 | 100 | 1 | 100 | 50 | 100 | 20 | 20,1 | 1 | 0 | 1 | 1 | 1 | 1 | 1,01-Aug-1962 | 01-Sep-1976 | 01-Mar-1979 | 01-Jan-1992 | 01-Jun-2002 | 01-Jul-2008 | 01-Jul-2012 | 01-Sep-2015,-34 | 1 | -96 | -16 | 2 | 1 | -16 | -2,100,1,01-Mar-2008,-2
PERMIT,Housing / Construction,1,1,1,50 | 100 | 100 | 100 | 100,1 | 1 | 1 | 1 | 1,01-Aug-1961 | 01-Feb-1971 | 01-Sep-1975 | 01-Mar-1987 | 01-Jun-1993,0 | 20 | 1 | 0 | 0,100 | 100,1 | 1,01-Nov-1965 | 01-Jul-1991,-4 | 4,,,,,100 | 100,1 | 1,01-Oct-1965 | 01-Jul-1991,-5 | 4,50 | 100 | 100 | 20 | 5 | 100 | 100,1 | 1 | 1 | 1 | 0 | 1 | 1,01-Jun-1999 | 01-Aug-2006 | 01-Aug-2008 | 01-May-2012 | 01-Jul-2014 | 01-Jul-2020 | 01-Oct-2022,-10 | 2 | 0 | -9 | -6 | 12 | -17,100 | 100 | 100,1 | 1 | 1,01-Dec-1965 | 01-Sep-1991 | 01-Jan-2007,-4 | 5 | -3
PERMITNE,Housing / Construction,1,1,1,,,,,100,1,01-Jul-1984,-6,100,1,01-Nov-1997,0,100,1,01-Sep-1984,-4,100 | 100 | 100 | 20 | 100 | 100 | 100 | 10,1 | 1 | 1 | 1 | 1 | 1 | 1 | 0,01-Mar-1971 | 01-Nov-1973 | 01-Mar-1980 | 01-Mar-1993 | 01-May-2008 | 01-Jul-2008 | 01-Jul-2016 | 01-Mar-2018,44 | 2 | 1 | 5 | 14 | -58 | 6 | -6,100 | 100,1 | 1,01-Jan-1985 | 01-Jul-2007,-1 | -7
PERMITMW,Housing / Construction,1,1,1,100 | 100 | 20 | 50,1 | 1 | 1 | 1,01-Nov-1970 | 01-Mar-1981 | 01-Aug-1984 | 01-Jul-1997,0 | 49 | 8 | 87,100,1,01-Feb-1991,9,100 | 20 | 100 | 100 | 100 | 50 | 100,1 | 1 | 1 | 1 | 1 | 1 | 1,01-Mar-1963 | 01-Apr-1965 | 01-Mar-1971 | 01-Apr-1973 | 01-Jan-1980 | 01-Aug-1983 | 01-Sep-1998,0 | -14 | 1 | 2 | 0 | -31 | 0,100,1,01-Apr-1991,11,10 | 100 | 100 | 10 | 100 | 50 | 100 | 100,0 | 1 | 1 | 0 | 1 | 1 | 1 | 1,01-Jan-1964 | 01-Nov-1970 | 01-Jun-1983 | 01-May-1997 | 01-Jul-2008 | 01-Dec-2007 | 01-Jun-2015 | 01-Jul-2020,13 | 1 | 2 | -7 | 25 | -56 | -6 | 3,100 | 100,1 | 1,01-May-1991 | 01-Oct-2006,11 | 1
PERMITS,Housing / Construction,1,1,1,50 | 100 | 50 | 20,1 | 1 | 1 | 1,01-Jun-1963 | 01-Nov-1982 | 01-May-1986 | 01-Dec-1997,-158 | 1 | -31 | 0,20 | 100 | 100,1 | 1 | 1,01-May-1965 | 01-Aug-1991 | 01-Dec-1997,-11 | 6 | 1,50 | 100 | 20 | 50,1 | 1 | 1 | 1,01-Jun-1962 | 01-Oct-1976 | 01-May-2002 | 01-Nov-2006,-58 | 2 | 19 | -1,20 | 100,1 | 1,01-May-1965 | 01-May-1991,-11 | 3,50 | 100 | 100 | 5 | 100 | 50 | 20 | 100,1 | 1 | 1 | 0 | 1 | 1 | 1 | 1,01-Jun-1962 | 01-Sep-1976 | 01-Jun-1993 | 01-May-2002 | 01-Nov-2008 | 01-Jul-2012 | 01-Feb-2013 | 01-Jul-2020,-58 | 1 | 18 | 51 | 55 | 7 | -60 | 12,10 | 100,0 | 1,01-Nov-1964 | 01-Sep-1991,-18 | 6
PERMITW,Housing / Construction,1,1,1,100 | 100 | 100,1 | 1 | 1,01-Mar-1965 | 01-Feb-1987 | 01-Sep-1993,-11 | 1 | 1,100 | 2,1 | 0,01-Mar-1978 | 01-Aug-1981,-2 | -66,100 | 1 | 100,1 | 0 | 1,01-Jan-1965 | 01-May-1996 | 01-Aug-2002,-13 | 33 | 10,100 | 100 | 100,1 | 1 | 1,01-Oct-1979 | 01-Feb-1983 | 01-Feb-1996,17 | -48 | 2,100 | 100 | 100 | 10 | 100 | 20 | 50 | 100,1 | 1 | 1 | 0 | 1 | 1 | 1 | 1,01-Jun-1965 | 01-May-1987 | 01-Apr-1993 | 01-Mar-2000 | 01-Aug-2008 | 01-May-2012 | 01-Jan-2015 | 01-Dec-2022,-8 | 4 | -1 | -26 | 1 | -13 | -4 | -2,,,,
ACOGNO,Orders and Inventories,0,0,0,,,,,,,,,,,,,,,,,,,,,,,,
AMDMNOx,Orders and Inventories,1,1,1,,,,,,,,,,,,,,,,,,,,,,,,
ANDENOx,Orders and Inventories,0,1,1,,,,,,,,,20,1,01-Feb-1974,-215,50 | 100,1 | 1,01-Aug-1988 | 01-Jun-1992,34 | 3,20 | 100,1 | 1,01-Jul-1974 | 01-Sep-2010,-210 | 3,50 | 100 | 100 | 100,1 | 1 | 1 | 1,01-Apr-1971 | 01-Aug-1989 | 01-Jun-1992 | 01-Mar-2008,-48 | 45 | 1 | -3
AMDMUOx,Orders and Inventories,1,1,1,100,1,01-Sep-1979,5,,,,,100 | 100 | 100 | 100,1 | 1 | 1 | 1,01-Jul-1979 | 01-Mar-1991 | 01-Dec-1990 | 01-Nov-1997,3 | 39 | -39 | -30,,,,,100 | 100 | 100 | 5 | 100 | 100 | 50,1 | 1 | 1 | 0 | 1 | 1 | 1,01-Oct-1979 | 01-Apr-2005 | 01-Feb-2010 | 01-Feb-2011 | 01-Sep-2017 | 01-Oct-2018 | 01-Apr-2020,6 | 59 | 2 | -17 | 1 | 1 | -2,100,1,01-Jan-2016,14
BUSINVx,Orders and Inventories,1,1,1,100 | 100 | 100,1 | 1 | 1,01-Jul-1961 | 01-Dec-1972 | 01-Jul-1983,-63 | 0 | 4,100,1,01-Nov-1992,5,100 | 100 | 100,1 | 1 | 1,01-Jul-1961 | 01-Nov-1972 | 01-Jul-1983,-63 | -1 | 4,,,,,100 | 100 | 100 | 20 | 100 | 100,1 | 1 | 1 | 1 | 1 | 1,01-Jun-1961 | 01-Jan-1966 | 01-Feb-1967 | 01-Aug-1973 | 01-Jan-1975 | 01-Oct-1983,0 | 17 | 1 | 8 | 1 | 7,,,,
ISRATIOx,Orders and Inventories,1,1,1,20,1,01-Dec-1992,70,20,1,01-Oct-1992,68,100,1,01-Jul-1991,53,100 | 100,1 | 1,01-Jan-1992 | 01-Mar-2000,8 | 2,,,,,,,,
M1SL,Money and Credit,1,1,1,100,1,01-May-1978,5,100,1,01-Jun-1978,-8,100 | 20 | 100,1 | 1 | 1,01-Apr-1978 | 01-Mar-1998 | 01-Nov-1999,4 | 31 | -23,100,1,01-Sep-1999,0,,,,,,,,
M2SL,Money and Credit,1,1,1,100 | 20,1 | 1,01-Apr-1966 | 01-Aug-1967,53 | -29,100 | 100,1 | 1,01-Feb-1966 | 01-Dec-1987,-2 | 6,100 | 100,1 | 1,01-Jan-1966 | 01-Oct-1999,-3 | -3,100 | 100,1 | 1,01-Dec-1965 | 01-Dec-1999,-4 | -3,100 | 100,1 | 1,01-Jan-1966 | 01-Aug-1999,-3 | -5,100 | 100 | 100,1 | 1 | 1,01-Aug-1969 | 01-Jan-1988 | 01-Nov-1999,-5 | 7 | -2
M2REAL,Money and Credit,1,1,1,100 | 100 | 100 | 100 | 100 | 100 | 100,1 | 1 | 1 | 1 | 1 | 1 | 1,01-Jun-1960 | 01-May-1969 | 01-Apr-1979 | 01-Feb-1983 | 01-Sep-1984 | 01-Mar-1992 | 01-Jun-1995,0 | 19 | 64 | 0 | -1 | -13 | 0,100 | 20 | 100 | 100,1 | 1 | 1 | 1,01-Apr-1972 | 01-May-1981 | 01-Jun-1983 | 01-Nov-1994,27 | 52 | 1 | 16,100 | 100 | 100 | 100,1 | 1 | 1 | 1,01-Jun-1960 | 01-Apr-1969 | 01-Mar-1979 | 01-Jul-1983,0 | 18 | 63 | 4,20 | 100,1 | 1,01-Apr-1991 | 01-Jan-2000,95 | -2,100 | 100 | 100,1 | 1 | 1,01-May-1969 | 01-Jun-1983 | 01-Mar-2019,3 | 3 | -6,100 | 20 | 100 | 100 | 100,1 | 1 | 1 | 1 | 1,01-Jun-1972 | 01-Jul-1981 | 01-Aug-1983 | 01-Feb-1995 | 01-Dec-1999,27 | 52 | 1 | 12 | -5
BOGMBASE,Money and Credit,1,1,1,1 | 100,0 | 1,01-Jan-1971 | 01-Jun-1992,-11 | 1,,,,,1 | 100,0 | 1,01-Apr-1969 | 01-Jun-1992,-32 | 1,,,,,100,1,01-Aug-2007,-12,100 | 50,1 | 1,01-Dec-2006 | 01-Apr-2011,-20 | -48
TOTRESNS,Money and Credit,1,1,1,5,0,01-Apr-1965,-80,100 | 100,1 | 1,01-Oct-1968 | 01-Apr-1990,-2 | -6,5 | 100,0 | 1,01-Jul-1965 | 01-Apr-2000,-77 | -13,100 | 100 | 100 | 100,1 | 1 | 1 | 1,01-Oct-1968 | 01-Jan-1980 | 01-May-1990 | 01-Mar-2001,-2 | 15 | -5 | -5,10 | 100 | 100,0 | 1 | 1,01-Nov-1966 | 01-Dec-1989 | 01-Feb-2000,-61 | 71 | -15,100 | 100 | 100 | 100,1 | 1 | 1 | 1,01-May-1978 | 01-Oct-1990 | 01-May-1993 | 01-Dec-2000,-5 | 45 | 1 | -8
NONBORRES,Money and Credit,1,1,1,50,1,01-Oct-1970,-14,50,1,01-Nov-1978,-14,1,0,01-Aug-2000,-9,100 | 100,1 | 1,01-Aug-1979 | 01-Jan-2001,-5 | -7,,,,,,,,
BUSLOANS,Money and Credit,1,1,1,,,,,100 | 100,1 | 1,01-Oct-1972 | 01-Mar-1976,77 | 10,,,,,,,,,,,,,50,1,01-Jan-2016,-46
REALLN,Money and Credit,1,1,1,,,,,,,,,20,1,01-Aug-2000,10,20,1,01-Aug-1999,1,100 | 20 | 100 | 100 | 20 | 100,1 | 1 | 1 | 1 | 1 | 1,01-Jun-1970 | 01-Dec-1997 | 01-Jun-2006 | 01-May-2010 | 01-Sep-2021 | 01-Nov-2023,-195 | 18 | 35 | 0 | 62 | 2,100 | 100 | 100 | 100 | 10 | 100,1 | 1 | 1 | 1 | 0 | 1,01-Aug-1969 | 01-Jun-1999 | 01-Mar-2010 | 01-Feb-2010 | 01-Dec-2021 | 01-Sep-2023,-207 | -1 | 44 | -34 | 26 | 1
NONREVSL,Money and Credit,1,1,1,,,,,,,,,,,,,,,,,,,,,,,,
CONSPI,Money and Credit,1,1,1,,,,,,,,,,,,,,,,,,,,,50,1,01-Feb-2016,-45
S&P 500,Stock Market,1,1,1,,,,,,,,,,,,,,,,,,,,,,,,
S&P div yield,Stock Market,1,1,1,100 | 100 | 100,1 | 1 | 1,01-Sep-1973 | 01-Apr-1983 | 01-May-1991,-1 | 5 | 2,100 | 100 | 100,1 | 1 | 1,01-Sep-1973 | 01-Feb-1983 | 01-May-1991,-1 | 4 | 3,100 | 100 | 100 | 100 | 100 | 100,1 | 1 | 1 | 1 | 1 | 1,01-Sep-1973 | 01-Apr-1983 | 01-May-1991 | 01-Mar-1999 | 01-Feb-2001 | 01-Jul-2003,-1 | 5 | 2 | 2 | 0 | 1,100 | 100 | 100 | 100 | 100 | 100,1 | 1 | 1 | 1 | 1 | 1,01-Sep-1973 | 01-Feb-1983 | 01-May-1991 | 01-Feb-1999 | 01-Feb-2001 | 01-Jun-2003,-1 | 4 | 3 | -6 | 0 | 0,100 | 100 | 100,1 | 1 | 1,01-Sep-1973 | 01-Apr-1983 | 01-May-1991,-1 | 5 | 2,100 | 100 | 100,1 | 1 | 1,01-Oct-1973 | 01-Feb-1983 | 01-Jul-1991,-1 | 3 | 4
S&P PE ratio,Stock Market,1,1,1,,,,,,,,,,,,,,,,,,,,,,,,
FEDFUNDS,Interest and Exchange Rates,1,1,1,10 | 100 | 100 | 20 | 100 | 100,0 | 1 | 1 | 1 | 1 | 1,01-Feb-1972 | 01-Jun-1975 | 01-Aug-1979 | 01-Mar-1982 | 01-Apr-1989 | 01-Aug-1992,35 | -5 | 1 | -33 | 17 | 1,50 | 100 | 100 | 50 | 100 | 20 | 100 | 100,1 | 1 | 1 | 1 | 1 | 1 | 1 | 1,01-May-1962 | 01-May-1966 | 01-Mar-1973 | 01-Oct-1975 | 01-Aug-1979 | 01-Jan-1982 | 01-Feb-1988 | 01-Nov-1992,-1 | 1 | 48 | -3 | 1 | -36 | 2 | 2,10 | 100 | 100 | 20 | 100 | 100,0 | 1 | 1 | 1 | 1 | 1,01-Feb-1972 | 01-Jun-1975 | 01-Aug-1979 | 01-Mar-1982 | 01-Mar-1992 | 01-Jul-1992,35 | -5 | 1 | -33 | 52 | -31,100 | 100 | 100 | 100 | 20 | 100 | 100,1 | 1 | 1 | 1 | 1 | 1 | 1,01-Jan-1969 | 01-Mar-1973 | 01-Mar-1975 | 01-Jul-1979 | 01-Feb-1982 | 01-Mar-1988 | 01-Feb-2002,26 | -1 | -10 | 0 | -43 | -53 | 4,100 | 100 | 100 | 100 | 100 | 20 | 100 | 20,1 | 1 | 1 | 1 | 1 | 1 | 1 | 1,01-Dec-1968 | 01-Sep-1979 | 01-Oct-1982 | 01-Mar-1992 | 01-Jul-1992 | 01-Nov-2006 | 01-Apr-2009 | 01-Dec-2017,-3 | 11 | -26 | 52 | -31 | 67 | 4 | -19,100 | 20 | 10 | 100 | 50,1 | 1 | 0 | 1 | 1,01-May-1979 | 01-Oct-1981 | 01-May-1989 | 01-May-2009 | 01-Oct-2017,-4 | -49 | -39 | 5 | -1
CP3Mx,Interest and Exchange Rates,1,1,1,100 | 10 | 100 | 50 | 100 | 20 | 100 | 100,1 | 0 | 1 | 1 | 1 | 1 | 1 | 1,01-Sep-1960 | 01-Aug-1967 | 01-Mar-1973 | 01-Oct-1975 | 01-Aug-1979 | 01-Apr-1982 | 01-Aug-1989 | 01-Feb-1995,1 | 8 | 32 | -3 | 1 | -38 | 1 | 2,100 | 100 | 100 | 100 | 100 | 100,1 | 1 | 1 | 1 | 1 | 1,01-Dec-1968 | 01-Feb-1973 | 01-Dec-1979 | 01-Nov-1982 | 01-Jun-1989 | 01-Feb-1995,24 | -3 | -4 | -7 | -5 | 2,100 | 20 | 100 | 100 | 100 | 100 | 100 | 100,1 | 1 | 1 | 1 | 1 | 1 | 1 | 1,01-Sep-1960 | 01-Aug-1968 | 01-Jul-1970 | 01-Aug-1979 | 01-Oct-1982 | 01-Aug-1989 | 01-Aug-1992 | 01-May-1999,1 | 20 | -31 | 4 | -32 | 12 | -28 | -29,20 | 100 | 100 | 100 | 100,1 | 1 | 1 | 1 | 1,01-Mar-1969 | 01-Sep-1979 | 01-Nov-1982 | 01-Aug-1989 | 01-Mar-2002,1 | 1 | -35 | -29 | 5,100 | 20 | 100 | 20 | 10 | 20 | 100 | 100,1 | 1 | 1 | 1 | 0 | 1 | 1 | 1,01-Sep-1960 | 01-Jan-1969 | 01-Aug-1979 | 01-May-1982 | 01-Jan-1993 | 01-Oct-2006 | 01-Jul-2009 | 01-Dec-2021,1 | -3 | 1 | -40 | 6 | 71 | 2 | 49,100 | 20 | 100 | 100 | 100 | 50 | 100 | 100,1 | 1 | 1 | 1 | 1 | 1 | 1 | 1,01-Dec-1961 | 01-Apr-1969 | 01-Nov-1979 | 01-Nov-1982 | 01-Oct-1989 | 01-Nov-2006 | 01-Aug-2009 | 01-Nov-2021,-2 | -2 | 1 | -37 | -41 | 59 | 4 | 46
TB3MS,Interest and Exchange Rates,1,1,1,100 | 100 | 100 | 100 | 100 | 50 | 100,1 | 1 | 1 | 1 | 1 | 1 | 1,01-Sep-1960 | 01-Jun-1966 | 01-Apr-1973 | 01-Nov-1975 | 01-Aug-1979 | 01-Aug-1982 | 01-Nov-1992,-1 | 0 | 47 | -2 | 0 | -38 | -2,100 | 100 | 100 | 100 | 100 | 100 | 100 | 100,1 | 1 | 1 | 1 | 1 | 1 | 1 | 1,01-Jan-1961 | 01-Jun-1966 | 01-May-1969 | 01-Jul-1978 | 01-Jan-1980 | 01-Sep-1982 | 01-Jul-1985 | 01-Oct-1992,0 | 0 | 0 | 62 | -2 | -1 | 1 | 3,100 | 100 | 100 | 100 | 100 | 50 | 100,1 | 1 | 1 | 1 | 1 | 1 | 1,01-Sep-1960 | 01-Jun-1966 | 01-Apr-1973 | 01-Nov-1975 | 01-Aug-1979 | 01-Aug-1982 | 01-Oct-1992,-1 | 0 | 47 | -2 | 0 | -38 | 3,100 | 10 | 50 | 100 | 100 | 100 | 20 | 100,1 | 0 | 1 | 1 | 1 | 1 | 1 | 1,01-Jan-1961 | 01-Jul-1967 | 01-Apr-1978 | 01-Jan-1980 | 01-Sep-1982 | 01-Jul-1985 | 01-Aug-1987 | 01-Mar-2002,0 | 4 | 59 | -3 | -1 | 5 | -63 | 5,100 | 10 | 100 | 100 | 20 | 100 | 50 | 100,1 | 0 | 1 | 1 | 1 | 1 | 1 | 1,01-Aug-1960 | 01-Jun-1967 | 01-Dec-1975 | 01-Sep-1979 | 01-Dec-1983 | 01-Jun-2009 | 01-Apr-2009 | 01-Jan-2022,-2 | 6 | 31 | 1 | -22 | 16 | -60 | 78,50 | 20 | 100 | 100 | 100 | 50 | 100 | 100,1 | 1 | 1 | 1 | 1 | 1 | 1 | 1,01-Jul-1961 | 01-May-1968 | 01-Jun-1979 | 01-Oct-1982 | 01-Nov-1992 | 01-Aug-2006 | 01-Jun-2009 | 01-May-2019,5 | -12 | 4 | -30 | 0 | 75 | 4 | 0
TB6MS,Interest and Exchange Rates,1,1,1,100 | 100 | 100 | 100 | 100 | 20 | 100 | 100,1 | 1 | 1 | 1 | 1 | 1 | 1 | 1,01-Sep-1960 | 01-May-1966 | 01-May-1973 | 01-Feb-1976 | 01-Aug-1979 | 01-May-1982 | 01-Aug-1989 | 01-Apr-1995,0 | -1 | 40 | 1 | 0 | -37 | 1 | 5,100 | 100 | 100 | 50 | 100 | 100 | 100 | 100,1 | 1 | 1 | 1 | 1 | 1 | 1 | 1,01-Jan-1961 | 01-May-1966 | 01-Jan-1970 | 01-Sep-1978 | 01-Dec-1979 | 01-Nov-1982 | 01-Jun-1989 | 01-Jun-1989,1 | 0 | 0 | 67 | -4 | 1 | 47 | -37,100 | 100 | 100 | 100 | 100 | 50 | 100,1 | 1 | 1 | 1 | 1 | 1 | 1,01-Sep-1960 | 01-May-1966 | 01-May-1973 | 01-Feb-1976 | 01-Aug-1979 | 01-Jul-1982 | 01-Sep-1992,0 | -1 | 40 | 1 | 0 | -39 | -27,50 | 10 | 100 | 100 | 100 | 100,1 | 0 | 1 | 1 | 1 | 1,01-Apr-1961 | 01-Dec-1967 | 01-Aug-1979 | 01-Nov-1982 | 01-Jun-1989 | 01-Mar-2002,4 | -17 | 3 | -32 | -67 | 5,100 | 100 | 100 | 100 | 20 | 100 | 100 | 10,1 | 1 | 1 | 1 | 1 | 1 | 1 | 0,01-Sep-1960 | 01-May-1966 | 01-Apr-1976 | 01-Sep-1979 | 01-May-1982 | 01-Sep-1992 | 01-Jun-2009 | 01-Sep-2017,0 | -6 | 35 | 1 | -41 | 2 | 4 | -20,50 | 10 | 100 | 100 | 100 | 100 | 100,1 | 0 | 1 | 1 | 1 | 1 | 1,01-Apr-1961 | 01-Dec-1967 | 01-Aug-1979 | 01-Nov-1982 | 01-Aug-1989 | 01-Jun-2009 | 01-Apr-2019,4 | -17 | 3 | -32 | -39 | 4 | -1
GS1,Interest and Exchange Rates,1,1,1,100 | 100 | 100 | 100 | 100 | 20 | 100 | 100,1 | 1 | 1 | 1 | 1 | 1 | 1 | 1,01-Sep-1960 | 01-Jun-1966 | 01-Jan-1970 | 01-Apr-1976 | 01-Aug-1979 | 01-May-1982 | 01-Oct-1992 | 01-Dec-1993,0 | 0 | 8 | 3 | 0 | -41 | -1 | -1,100 | 10 | 100 | 100 | 100 | 100 | 100,1 | 0 | 1 | 1 | 1 | 1 | 1,01-Jan-1961 | 01-Mar-1968 | 01-May-1969 | 01-Aug-1979 | 01-Nov-1982 | 01-Sep-1989 | 01-Aug-1995,-1 | 22 | -45 | 4 | -31 | 1 | 6,100 | 10 | 100 | 100 | 20 | 100 | 100 | 100,1 | 0 | 1 | 1 | 1 | 1 | 1 | 1,01-Sep-1960 | 01-Aug-1967 | 01-Dec-1969 | 01-Aug-1979 | 01-May-1982 | 01-Dec-1993 | 01-Jul-1995 | 01-Jul-2002,0 | 9 | -41 | 0 | -37 | 52 | 1 | 9,100 | 10 | 100 | 100 | 100 | 100 | 100,1 | 0 | 1 | 1 | 1 | 1 | 1,01-Jan-1961 | 01-Feb-1968 | 01-May-1969 | 01-Aug-1979 | 01-Nov-1982 | 01-Sep-1989 | 01-Apr-2002,-3 | 20 | -45 | 4 | -31 | -34 | 6,100 | 20 | 100 | 20 | 100 | 50 | 100 | 100,1 | 1 | 1 | 1 | 1 | 1 | 1 | 1,01-Sep-1960 | 01-Oct-1967 | 01-Aug-1979 | 01-Apr-1982 | 01-Jun-1995 | 01-Jan-2007 | 01-Apr-2009 | 01-Oct-2021,0 | -19 | 0 | -42 | 0 | 65 | 2 | 29,100 | 100 | 100 | 100 | 50 | 100 | 100 | 100,1 | 1 | 1 | 1 | 1 | 1 | 1 | 1,01-May-1979 | 01-Nov-1982 | 01-Oct-1989 | 01-May-1995 | 01-Feb-2007 | 01-Apr-2009 | 01-Jul-2015 | 01-Apr-2019,0 | -32 | 2 | -5 | 58 | 2 | 0 | -1
GS5,Interest and Exchange Rates,1,1,1,100 | 50 | 100 | 100 | 100 | 100 | 100,1 | 1 | 1 | 1 | 1 | 1 | 1,01-Sep-1960 | 01-Jan-1966 | 01-Aug-1969 | 01-Sep-1971 | 01-Sep-1979 | 01-Nov-1982 | 01-May-1988,-1 | -5 | -4 | -65 | 1 | 0 | -14,100 | 100 | 100 | 100 | 100 | 100 | 100,1 | 1 | 1 | 1 | 1 | 1 | 1,01-Sep-1961 | 01-Jul-1966 | 01-Jul-1969 | 01-Jun-1977 | 01-Sep-1979 | 01-Nov-1982 | 01-Aug-1988,12 | 0 | -6 | -1 | 1 | 0 | -12,100 | 100 | 100 | 100 | 100 | 20 | 1,1 | 1 | 1 | 1 | 1 | 1 | 0,01-Sep-1960 | 01-Oct-1965 | 01-Aug-1969 | 01-Sep-1971 | 01-Aug-1979 | 01-Apr-1982 | 01-Aug-1989,-1 | -8 | 0 | -65 | 0 | -49 | -87,100 | 100 | 100 | 100 | 100 | 100 | 100,1 | 1 | 1 | 1 | 1 | 1 | 1,01-Sep-1961 | 01-Jul-1966 | 01-Jul-1969 | 01-Jun-1977 | 01-Sep-1979 | 01-Nov-1982 | 01-Oct-1988,12 | -4 | -1 | 0 | 1 | 0 | -10,100 | 100 | 100 | 100 | 100 | 10 | 50 | 100,1 | 1 | 1 | 1 | 1 | 0 | 1 | 1,01-Sep-1960 | 01-Oct-1965 | 01-Aug-1969 | 01-Mar-1977 | 01-Sep-1979 | 01-Sep-1981 | 01-Oct-1988 | 01-Jul-2011,-1 | -8 | 4 | 1 | 1 | -14 | -10 | -1,10 | 100 | 100 | 100 | 100 | 100 | 100 | 100,0 | 1 | 1 | 1 | 1 | 1 | 1 | 1,01-Jul-1961 | 01-Jul-1966 | 01-Jul-1969 | 01-Jun-1977 | 01-Sep-1979 | 01-Nov-1982 | 01-Oct-1988 | 01-Oct-2011,10 | 1 | -1 | -1 | 1 | 0 | -10 | -1
GS10,Interest and Exchange Rates,1,1,1,100 | 20 | 100 | 100 | 100 | 100,1 | 1 | 1 | 1 | 1 | 1,01-Sep-1960 | 01-Sep-1966 | 01-Nov-1971 | 01-Sep-1979 | 01-Dec-1982 | 01-Jun-1988,1 | -1 | -13 | 1 | 1 | -13,100 | 20 | 100 | 100 | 100 | 100,1 | 1 | 1 | 1 | 1 | 1,01-Sep-1960 | 01-Dec-1966 | 01-Jun-1977 | 01-Sep-1979 | 01-Nov-1982 | 01-Jul-1988,0 | 1 | 53 | 4 | 0 | -11,100 | 20 | 100 | 100 | 100 | 100 | 100,1 | 1 | 1 | 1 | 1 | 1 | 1,01-Sep-1960 | 01-Sep-1966 | 01-Nov-1971 | 01-Sep-1979 | 01-Nov-1982 | 01-Jun-1988 | 01-Aug-2004,1 | -1 | -13 | 1 | 0 | -13 | 50,100 | 20 | 100 | 100 | 100 | 100 | 100,1 | 1 | 1 | 1 | 1 | 1 | 1,01-Sep-1960 | 01-Dec-1966 | 01-Jun-1977 | 01-Sep-1979 | 01-Nov-1982 | 01-Jul-1988 | 01-Jun-2004,0 | 1 | 53 | 4 | 0 | -11 | 38,100 | 50 | 100 | 100 | 100 | 100 | 100 | 100,1 | 1 | 1 | 1 | 1 | 1 | 1 | 1,01-Sep-1960 | 01-Jan-1966 | 01-Nov-1969 | 01-Oct-1971 | 01-Sep-1979 | 01-Nov-1982 | 01-Jul-1988 | 01-Dec-2011,1 | -5 | 8 | 0 | 1 | 0 | -12 | 2,100 | 100 | 100 | 100 | 100 | 100 | 100 | 100,1 | 1 | 1 | 1 | 1 | 1 | 1 | 1,01-Sep-1960 | 01-Dec-1965 | 01-Aug-1969 | 01-Oct-1971 | 01-Sep-1979 | 01-Nov-1982 | 01-Aug-1988 | 01-Nov-2011,0 | -6 | 0 | -1 | 1 | 0 | -10 | 0
AAA,Interest and Exchange Rates,1,1,1,50 | 50 | 100 | 100 | 100,1 | 1 | 1 | 1 | 1,01-Apr-1966 | 01-Feb-1966 | 01-Sep-1979 | 01-Jul-1979 | 01-May-1988,38 | -38 | 35 | -41 | -13,100 | 100 | 100 | 100 | 100 | 100,1 | 1 | 1 | 1 | 1 | 1,01-Jun-1966 | 01-Jun-1966 | 01-Oct-1979 | 01-Aug-1979 | 01-Sep-1988 | 01-Sep-1993,39 | -35 | 38 | -38 | 0 | -1,50 | 50 | 100 | 100 | 100 | 100,1 | 1 | 1 | 1 | 1 | 1,01-Feb-1966 | 01-Feb-1966 | 01-Sep-1979 | 01-Jul-1979 | 01-May-1988 | 01-Apr-1993,54 | -29 | 36 | -40 | -8 | -51,100 | 100 | 100 | 100 | 100 | 100,1 | 1 | 1 | 1 | 1 | 1,01-Mar-1966 | 01-Jul-1966 | 01-Oct-1979 | 01-Aug-1979 | 01-Jun-1988 | 01-Aug-1993,60 | -24 | 37 | -39 | 2 | -10,10 | 50 | 10 | 100 | 100 | 100 | 100 | 100,0 | 1 | 0 | 1 | 1 | 1 | 1 | 1,01-Apr-1960 | 01-Feb-1966 | 01-Nov-1969 | 01-Jun-1971 | 01-Jun-1973 | 01-Sep-1979 | 01-Dec-1982 | 01-May-1989,-16 | -3 | 7 | 0 | 1 | 1 | 1 | 4,100 | 50 | 10 | 100 | 100 | 100 | 100 | 100,1 | 1 | 0 | 1 | 1 | 1 | 1 | 1,01-Mar-1963 | 01-Apr-1966 | 01-Feb-1970 | 01-Jun-1971 | 01-Jul-1973 | 01-Oct-1979 | 01-Dec-1982 | 01-May-1989,1 | 2 | 9 | 0 | 0 | 5 | 1 | 4
BAA,Interest and Exchange Rates,1,1,1,50 | 100 | 100 | 100 | 10,1 | 1 | 1 | 1 | 0,01-Sep-1965 | 01-Jan-1966 | 01-Nov-1976 | 01-Aug-1979 | 01-Mar-1985,61 | -11 | 2 | 11 | -13,100 | 100 | 100 | 100 | 10,1 | 1 | 1 | 1 | 0,01-Feb-1966 | 01-Mar-1966 | 01-Nov-1976 | 01-Aug-1979 | 01-Mar-1985,59 | -18 | 2 | 8 | -4,50 | 100 | 20 | 100 | 10 | 100,1 | 1 | 1 | 1 | 0 | 1,01-Sep-1965 | 01-Jan-1966 | 01-Apr-1978 | 01-Jul-1979 | 01-Jun-1984 | 01-Sep-2004,60 | -11 | 49 | -10 | -25 | 86,100 | 100 | 100 | 20,1 | 1 | 1 | 1,01-Mar-1966 | 01-Jun-1975 | 01-Jul-1979 | 01-Dec-1983,1 | 38 | -2 | -27,100 | 100 | 100 | 100 | 100 | 50,1 | 1 | 1 | 1 | 1 | 1,01-Dec-1960 | 01-Jan-1966 | 01-Jun-1971 | 01-Aug-1979 | 01-Dec-1980 | 01-Oct-1987,3 | 0 | -9 | 0 | 0 | -4,100 | 100 | 100 | 100 | 100 | 50,1 | 1 | 1 | 1 | 1 | 1,01-Mar-1961 | 01-Feb-1966 | 01-Jan-1969 | 01-Jun-1971 | 01-Aug-1979 | 01-Jan-1986,0 | 0 | -4 | -63 | 8 | 6
COMPAPFFx,Interest and Exchange Rates,1,1,1,100 | 100,1 | 1,01-Apr-1983 | 01-Mar-1987,3 | -34,100,1,01-May-1985,2,100 | 100 | 100,1 | 1 | 1,01-Apr-1983 | 01-Mar-1987 | 01-Jan-2002,3 | -34 | 3,100 | 100,1 | 1,01-May-1985 | 01-Dec-1995,2 | -63,50,1,01-Aug-1986,-5,50 | 100 | 100,1 | 1 | 1,01-Dec-1986 | 01-Feb-2010 | 01-Nov-2017,20 | 7 | 0
TB3SMFFM,Interest and Exchange Rates,1,1,1,100 | 100 | 100 | 100 | 100,1 | 1 | 1 | 1 | 1,01-Apr-1976 | 01-Nov-1974 | 01-Nov-1982 | 01-Nov-1991 | 01-Mar-1995,37 | -54 | -1 | 10 | -24,100 | 20 | 100 | 50 | 100,1 | 1 | 1 | 1 | 1,01-Jul-1962 | 01-Feb-1967 | 01-Sep-1979 | 01-Sep-1982 | 01-Oct-1987,-1 | -23 | 11 | -27 | -41,100 | 100 | 100 | 100 | 50 | 100 | 100 | 100,1 | 1 | 1 | 1 | 1 | 1 | 1 | 1,01-Apr-1976 | 01-Nov-1974 | 01-Nov-1982 | 01-Jun-1984 | 01-Aug-1992 | 01-Mar-1995 | 01-Mar-1996 | 01-Nov-2001,37 | -54 | -1 | 0 | -2 | 0 | 0 | 0,100 | 20 | 100 | 100 | 100,1 | 1 | 1 | 1 | 1,01-Jul-1962 | 01-Jan-1967 | 01-Sep-1979 | 01-Sep-1982 | 01-Jan-2002,-1 | -24 | 11 | -27 | 6,100 | 100,1 | 1,01-Jun-1983 | 01-Aug-2007,6 | 1,100 | 20 | 100 | 20 | 100 | 50 | 100 | 20,1 | 1 | 1 | 1 | 1 | 1 | 1 | 1,01-Jun-1962 | 01-Jan-1967 | 01-Aug-1979 | 01-Feb-1982 | 01-May-1991 | 01-Sep-2006 | 01-May-2009 | 01-Dec-2016,0 | -24 | -1 | -46 | -10 | 98 | 1 | 2
TB6SMFFM,Interest and Exchange Rates,1,1,1,100 | 100 | 20 | 100,1 | 1 | 1 | 1,01-Dec-1978 | 01-Aug-1982 | 01-Apr-1993 | 01-Apr-1995,66 | 2 | 51 | 1,100 | 100 | 100 | 50,1 | 1 | 1 | 1,01-Jul-1962 | 01-May-1966 | 01-Aug-1979 | 01-Oct-1982,-1 | -29 | -1 | -38,100 | 50 | 50 | 20 | 100 | 20 | 100 | 20,1 | 1 | 1 | 1 | 1 | 1 | 1 | 1,01-Jun-1973 | 01-Jul-1976 | 01-Aug-1979 | 01-Jun-1982 | 01-May-1984 | 01-Jun-1993 | 01-Mar-1995 | 01-Apr-2001,51 | 4 | 4 | -5 | -1 | 8 | 1 | -6,100 | 100,1 | 1,01-Jul-1985 | 01-Apr-2002,4 | 9,100 | 100 | 100 | 50 | 20 | 100 | 100 | 100,1 | 1 | 1 | 1 | 1 | 1 | 1 | 1,01-Aug-1970 | 01-May-1973 | 01-Dec-1974 | 01-Jul-1979 | 01-May-1982 | 01-Aug-1985 | 01-Apr-1995 | 01-May-2000,42 | 1 | -16 | 2 | -8 | 2 | 2 | -38,100 | 20 | 100 | 10,1 | 1 | 1 | 0,01-Jul-1979 | 01-Feb-1984 | 01-May-2009 | 01-May-2017,-2 | -22 | 3 | -5
T1YFFM,Interest and Exchange Rates,1,1,1,100 | 100 | 100,1 | 1 | 1,01-Mar-1962 | 01-Apr-1973 | 01-Apr-1982,-59 | 0 | 8,100 | 50 | 100 | 50,1 | 1 | 1 | 1,01-Aug-1962 | 01-Dec-1966 | 01-Aug-1979 | 01-Oct-1982,0 | -25 | -1 | -38,100 | 100 | 50 | 50 | 100,1 | 1 | 1 | 1 | 1,01-Mar-1962 | 01-Apr-1973 | 01-Sep-1975 | 01-Feb-1993 | 01-Jun-1995,-59 | 0 | -71 | 49 | 3,100 | 100 | 100 | 50 | 100 | 50 | 100 | 50,1 | 1 | 1 | 1 | 1 | 1 | 1 | 1,01-Aug-1962 | 01-May-1966 | 01-May-1973 | 01-Jan-1976 | 01-Aug-1979 | 01-Mar-1982 | 01-Aug-1998 | 01-Mar-1996,0 | 1 | 52 | -2 | 0 | -43 | 55 | -60,100 | 100 | 50 | 100 | 100 | 50 | 100 | 100,1 | 1 | 1 | 1 | 1 | 1 | 1 | 1,01-Feb-1962 | 01-May-1979 | 01-Aug-1976 | 01-May-1985 | 01-Jan-2000 | 01-Aug-2009 | 01-Jun-2015 | 01-Dec-2021,-60 | 73 | -60 | -118 | -49 | -8 | -1 | 51,100 | 50 | 100 | 20 | 100 | 100 | 100 | 100,1 | 1 | 1 | 1 | 1 | 1 | 1 | 1,01-Aug-1962 | 01-Oct-1966 | 01-Aug-1979 | 01-Feb-1983 | 01-Apr-2002 | 01-Apr-2009 | 01-Aug-2015 | 01-Oct-2021,0 | -27 | -1 | -34 | 1 | 2 | 46 | 46
T5YFFM,Interest and Exchange Rates,1,1,1,100 | 100,1 | 1,01-Feb-1973 | 01-Jan-1982,-2 | 5,100 | 20 | 100 | 50,1 | 1 | 1 | 1,01-Sep-1962 | 01-Jul-1967 | 01-Jul-1979 | 01-Oct-1982,0 | -18 | -2 | -38,100 | 100 | 100,1 | 1 | 1,01-Feb-1973 | 01-Nov-1981 | 01-Mar-1995,-2 | 3 | 2,100 | 20 | 100 | 20 | 50 | 100,1 | 1 | 1 | 1 | 1 | 1,01-Sep-1962 | 01-Jul-1967 | 01-Jul-1979 | 01-Nov-1981 | 01-Jan-1999 | 01-Jun-2004,0 | -18 | -2 | -49 | 60 | 37,100 | 100 | 100 | 100 | 100 | 100 | 100 | 100,1 | 1 | 1 | 1 | 1 | 1 | 1 | 1,01-May-1968 | 01-Apr-1979 | 01-Dec-1981 | 01-Apr-1995 | 01-Jun-2000 | 01-Jun-2011 | 01-Sep-2011 | 01-Jan-2022,25 | 72 | 4 | 3 | -16 | 20 | -51 | 0,100 | 20 | 100 | 50 | 100 | 100 | 100 | 100,1 | 1 | 1 | 1 | 1 | 1 | 1 | 1,01-Sep-1962 | 01-Jul-1967 | 01-Jul-1979 | 01-Jul-1982 | 01-Jul-2007 | 01-Aug-2011 | 01-May-2020 | 01-Dec-2021,0 | -18 | -2 | -41 | 108 | 0 | 0 | 0
T10YFFM,Interest and Exchange Rates,1,1,1,2 | 100,0 | 1,01-Mar-1978 | 01-Jan-1982,59 | 5,100 | 100 | 100 | 100 | 100 | 20 | 20,1 | 1 | 1 | 1 | 1 | 1 | 1,01-Sep-1962 | 01-Apr-1966 | 01-Apr-1973 | 01-Nov-1975 | 01-Jul-1979 | 01-Nov-1981 | 01-Nov-1987,0 | 1 | 49 | 0 | 0 | -46 | -53,100 | 100,1 | 1,01-Feb-1965 | 01-Apr-1968,54 | 0,100 | 100 | 100 | 20 | 100 | 100,1 | 1 | 1 | 1 | 1 | 1,01-Sep-1962 | 01-Nov-1968 | 01-Jul-1979 | 01-Jan-1982 | 01-May-1999 | 01-Oct-2003,0 | -4 | -2 | -47 | 52 | 24,2 | 100 | 100 | 50 | 100,0 | 1 | 1 | 1 | 1,01-Mar-1978 | 01-Feb-1982 | 01-May-2001 | 01-Jun-2015 | 01-Nov-2022,59 | 6 | -5 | -6 | 0,100 | 100 | 100 | 20 | 100,1 | 1 | 1 | 1 | 1,01-Sep-1962 | 01-Nov-1968 | 01-Jul-1979 | 01-Jul-1984 | 01-Jun-2011,0 | -4 | -2 | -17 | -2
AAAFFM,Interest and Exchange Rates,1,1,1,2 | 100,0 | 1,01-Mar-1978 | 01-Feb-1995,59 | 162,100 | 50,1 | 1,01-May-1979 | 01-Oct-1982,-4 | -37,2 | 100,0 | 1,01-Apr-1978 | 01-Mar-1982,60 | 6,100 | 20,1 | 1,01-May-1979 | 01-Nov-1983,-2 | -22,50 | 100 | 100 | 100 | 100 | 100 | 100 | 100,1 | 1 | 1 | 1 | 1 | 1 | 1 | 1,01-Apr-1964 | 01-Mar-1979 | 01-Mar-1982 | 01-May-2001 | 01-Jul-2004 | 01-Aug-2011 | 01-May-2017 | 01-Nov-2022,-12 | 71 | 6 | -3 | -50 | -52 | 1 | 1,100 | 20,1 | 1,01-May-1979 | 01-Jul-1986,-2 | 10
BAAFFM,Interest and Exchange Rates,1,1,1,50 | 100 | 100,1 | 1 | 1,01-Feb-1964 | 01-Feb-1979 | 01-Dec-1994,-14 | 70 | 160,100 | 100 | 20 | 100 | 20 | 100,1 | 1 | 1 | 1 | 1 | 1,01-Oct-1968 | 01-Mar-1973 | 01-May-1975 | 01-Jul-1979 | 01-Mar-1982 | 01-Oct-1987,24 | -1 | -6 | 1 | -41 | -61,50 | 100 | 100,1 | 1 | 1,01-Oct-1963 | 01-Feb-1979 | 01-Jan-1982,-18 | 70 | 5,100 | 20,1 | 1,01-May-1979 | 01-Dec-1983,-4 | -23,1 | 100 | 100 | 100 | 100 | 10 | 50 | 100,0 | 1 | 1 | 1 | 1 | 0 | 1 | 1,01-Mar-1978 | 01-Dec-1981 | 01-Jun-2000 | 01-Jul-2001 | 01-May-2008 | 01-Dec-2010 | 01-Feb-2017 | 01-Dec-2022,59 | 4 | 33 | -28 | 1 | -60 | -1 | 1,100 | 20 | 100,1 | 1 | 1,01-Jun-1979 | 01-Mar-1984 | 01-Dec-2009,-3 | -21 | 9
TWEXAFEGSMTHx,Interest and Exchange Rates,0,0,0,,,,,,,,,,,,,,,,,,,,,,,,
EXSZUSx,Interest and Exchange Rates,1,1,1,100,1,01-Jul-1972,-6,100 | 100,1 | 1,01-Dec-1970 | 01-Aug-1972,50 | -5,100 | 10,1 | 0,01-Jul-1972 | 01-Sep-2002,-6 | 12,100 | 100 | 10,1 | 1 | 0,01-Dec-1970 | 01-Sep-1972 | 01-Oct-2000,50 | -4 | 67,100 | 5,1 | 0,01-May-1972 | 01-Apr-2014,-8 | 28,20 | 20 | 100,1 | 1 | 1,01-May-1971 | 01-Jan-1974 | 01-Nov-2012,48 | 6 | 14
EXJPUSx,Interest and Exchange Rates,1,1,1,100 | 100,1 | 1,01-Jun-1971 | 01-Aug-1977,-1 | -1,100 | 100,1 | 1,01-Jun-1971 | 01-Aug-1977,-2 | -6,100 | 100 | 100,1 | 1 | 1,01-Jun-1971 | 01-Jul-1977 | 01-Aug-2002,-1 | -2 | 29,100 | 100 | 50,1 | 1 | 1,01-Jun-1971 | 01-Aug-1977 | 01-Jan-2002,-2 | -6 | 18,50,1,01-Aug-1972,-5,50,1,01-Jan-1973,0
EXUSUKx,Interest and Exchange Rates,1,1,1,100 | 50 | 5 | 100,1 | 1 | 0 | 1,01-Jun-1967 | 01-Apr-1972 | 01-Feb-1990 | 01-Jul-1993,14 | -2 | 68 | 3,100 | 5 | 100,1 | 0 | 1,01-Feb-1972 | 01-Feb-1990 | 01-Jul-1993,-3 | 68 | 3,100 | 50 | 100 | 5 | 100 | 100,1 | 1 | 1 | 0 | 1 | 1,01-Jun-1967 | 01-Nov-1971 | 01-Nov-1977 | 01-Apr-1990 | 01-Jul-1993 | 01-May-2002,15 | -6 | 49 | 70 | 3 | 34,100 | 50 | 100 | 100 | 100 | 100,1 | 1 | 1 | 1 | 1 | 1,01-Dec-1961 | 01-Jan-1972 | 01-Mar-1972 | 01-Jun-1984 | 01-Jul-1993 | 01-Jun-1993,-1 | 52 | -20 | 0 | 34 | -41,50 | 5 | 100 | 100,1 | 0 | 1 | 1,01-Mar-1972 | 01-Feb-1990 | 01-Jul-1993 | 01-Aug-2002,-2 | 68 | 3 | 3,100 | 5 | 100,1 | 0 | 1,01-Feb-1972 | 01-Apr-1990 | 01-Oct-1993,-3 | 70 | 4
EXCAUSx,Interest and Exchange Rates,1,1,1,50,1,01-Oct-1974,-5,50,1,01-Dec-1974,-3,100 | 100 | 100 | 100,1 | 1 | 1 | 1,01-Sep-1962 | 01-Mar-1970 | 01-Jan-1976 | 01-Nov-2002,1 | -2 | -6 | 13,50 | 100,1 | 1,01-Nov-1974 | 01-Jan-2003,-4 | 28,100 | 100 | 100 | 100 | 100 | 100,1 | 1 | 1 | 1 | 1 | 1,01-Sep-1962 | 01-Feb-1970 | 01-Dec-1975 | 01-Jul-1980 | 01-Jan-2003 | 01-May-2018,1 | -3 | -7 | -194 | 0 | 96,50 | 100 | 100 | 100,1 | 1 | 1 | 1,01-Oct-1974 | 01-Nov-1997 | 01-Apr-2007 | 01-May-2010,-5 | 14 | 48 | 0
WPSFD49207,Prices,1,1,1,100,1,01-Sep-1975,5,100,1,01-Feb-1992,0,100 | 20,1 | 1,01-Sep-1975 | 01-May-2002,5 | 28,100 | 5,1 | 0,01-Jan-1992 | 01-Apr-2005,6 | 47,100 | 100,1 | 1,01-Sep-1975 | 01-Apr-2000,5 | 3,50,1,01-Dec-2002,-21
WPSFD49502,Prices,1,1,1,100,1,01-Aug-1975,4,100,1,01-Mar-1992,1,100 | 20,1 | 1,01-Aug-1975 | 01-Apr-2002,4 | 27,100 | 5,1 | 0,01-Feb-1992 | 01-Nov-2004,3 | 42,100 | 50,1 | 1,01-Aug-1975 | 01-Sep-2000,4 | 8,100 | 20 | 100,1 | 1 | 1,01-Jan-1992 | 01-May-1999 | 01-Mar-2005,-1 | 8 | -1
WPSID61,Prices,1,1,1,100 | 20,1 | 1,01-Oct-1972 | 01-Dec-1976,-1 | -25,100 | 10 | 100 | 100,1 | 0 | 1 | 1,01-Feb-1962 | 01-Jul-1963 | 01-Nov-1972 | 01-Nov-1975,1 | 3 | 15 | -24,100 | 20 | 20,1 | 1 | 1,01-Oct-1972 | 01-Jan-1977 | 01-Oct-2002,-1 | -24 | 29,100 | 100 | 100 | 5,1 | 1 | 1 | 0,01-Oct-1972 | 01-Jul-1975 | 01-Feb-1992 | 01-Jun-2005,2 | -39 | 6 | 48,100 | 50,1 | 1,01-Apr-1976 | 01-Jul-2001,5 | -17,100 | 50 | 50,1 | 1 | 1,01-Oct-1972 | 01-Mar-1977 | 01-Dec-2001,2 | -19 | -12
WPSID62,Prices,1,1,1,100 | 50,1 | 1,01-Jun-1970 | 01-Apr-1977,-33 | -156,100 | 100 | 100 | 50 | 5,1 | 1 | 1 | 1 | 0,01-Dec-1969 | 01-Jul-1967 | 01-Feb-1975 | 01-Jun-1975 | 01-Oct-1996,46 | -51 | 28 | -42 | 77,100 | 100,1 | 1,01-Oct-1989 | 01-Jul-1999,-6 | -2,100 | 50,1 | 1,01-May-1972 | 01-Sep-1998,-5 | 22,100 | 100,1 | 1,01-May-1972 | 01-Aug-1996,-10 | 6,100 | 100 | 100,1 | 1 | 1,01-Dec-1972 | 01-Aug-1975 | 01-Mar-1996,32 | -11 | -7
OILPRICEx,Prices,1,1,1,5,0,01-Apr-1977,45,100 | 100,1 | 1,01-Jan-1969 | 01-Apr-1985,-1 | -7,100 | 100,1 | 1,01-Jan-1973 | 01-Jun-1985,-6 | -5,100 | 100,1 | 1,01-Jan-1969 | 01-Mar-1985,-1 | -8,100 | 100,1 | 1,01-Jan-1973 | 01-May-1985,-6 | -6,100 | 100 | 100,1 | 1 | 1,01-Jan-1969 | 01-Feb-1979 | 01-Feb-1998,-1 | 1 | 147
PPICMM,Prices,1,1,1,5,0,01-Apr-1965,-29,5,0,01-Feb-1966,-19,100 | 100 | 50,1 | 1 | 1,01-May-1967 | 01-Apr-1987 | 01-Oct-2004,-4 | 2 | 67,100 | 100 | 100,1 | 1 | 1,01-Jun-1967 | 01-Jan-1983 | 01-May-1987,-3 | 25 | 1,100 | 20,1 | 1,01-Apr-1967 | 01-Sep-1998,-5 | -6,100 | 100 | 100,1 | 1 | 1,01-Jul-1967 | 01-Feb-1983 | 01-Oct-1987,-2 | 26 | 6
CPIAUCSL,Prices,1,1,1,100,1,01-Aug-1991,9,100 | 2,1 | 0,01-Oct-1972 | 01-Jan-1977,-2 | -75,100 | 100,1 | 1,01-Nov-1991 | 01-Jan-1999,-5 | -2,,,,,,,,,,,,
CPIAPPSL,Prices,1,1,1,20 | 100,1 | 1,01-Jul-1985 | 01-Oct-1987,18 | -30,100 | 50,1 | 1,01-May-1972 | 01-Apr-1986,-20 | -2,100,1,01-Dec-1986,-11,50 | 100,1 | 1,01-Aug-1971 | 01-Dec-1985,-11 | -1,100,1,01-Sep-1986,-14,100 | 100,1 | 1,01-Oct-1985 | 01-Feb-2018,-6 | 1
CPITRNSL,Prices,1,1,1,,,,,,,,,100,1,01-Oct-1999,-4,1 | 100 | 100 | 5,0 | 1 | 1 | 0,01-Feb-1987 | 01-Mar-1987 | 01-Nov-1998 | 01-Apr-2002,16 | -57 | 69 | 26,100,1,01-Aug-1999,-6,100 | 100 | 100,1 | 1 | 1,01-Jan-1986 | 01-Nov-1991 | 01-Oct-1999,70 | 5 | -7
CPIMEDSL,Prices,1,1,1,100 | 100 | 100 | 100,1 | 1 | 1 | 1,01-Apr-1978 | 01-Jun-1984 | 01-Nov-1985 | 01-May-1994,0 | 0 | -1 | 8,20 | 100,1 | 1,01-Apr-1982 | 01-Dec-1993,-12 | 4,100 | 100 | 100,1 | 1 | 1,01-Apr-1978 | 01-Sep-1984 | 01-Dec-2000,0 | 3 | -6,20 | 100 | 50,1 | 1 | 1,01-Feb-1982 | 01-Dec-1993 | 01-Jun-2001,-14 | 4 | 0,50 | 100,1 | 1,01-Feb-1979 | 01-Dec-2012,10 | -2,100 | 100 | 100 | 100 | 100,1 | 1 | 1 | 1 | 1,01-May-1978 | 01-Sep-1984 | 01-Mar-1994 | 01-Aug-2001 | 01-Dec-2014,-1 | 1 | 4 | -1 | -1
CUSR0000SAC,Prices,1,1,1,,,,,,,,,50,1,01-Aug-2000,17,100 | 100 | 10,1 | 1 | 0,01-Sep-1972 | 01-Oct-1991 | 01-Aug-2000,-3 | 3 | 17,100,1,01-May-1999,2,100 | 100 | 100,1 | 1 | 1,01-Nov-1972 | 01-Nov-1991 | 01-Apr-1999,-4 | 1 | -2
CUSR0000SAD,Prices,1,1,1,50,1,01-May-1987,0,20 | 100,1 | 1,01-May-1990 | 01-May-1991,26 | -67,50,1,01-Feb-1987,21,100,1,01-Apr-1988,2,,,,,,,,
CUSR0000SAS,Prices,1,1,1,100 | 100,1 | 1,01-Dec-1983 | 01-Apr-1995,7 | 24,100 | 100,1 | 1,01-Feb-1984 | 01-Jan-1995,10 | 21,100,1,01-Feb-1984,9,100,1,01-May-1984,5,100 | 100 | 100 | 100 | 100 | 100,1 | 1 | 1 | 1 | 1 | 1,01-May-1970 | 01-Apr-1970 | 01-Jul-1983 | 01-Jan-1984 | 01-Sep-2006 | 01-Dec-2019,40 | -37 | 41 | -30 | 7 | 4,100,1,01-Dec-1984,9
CPIULFSL,Prices,1,1,1,100,1,01-Mar-1991,4,100,1,01-May-1991,2,100 | 100,1 | 1,01-Apr-1991 | 01-Jan-1999,5 | -2,100 | 10 | 100,1 | 0 | 1,01-Feb-1979 | 01-May-1989 | 01-Jan-1999,0 | -22 | -2,100 | 5 | 100 | 100 | 100,1 | 0 | 1 | 1 | 1,01-Mar-1991 | 01-Oct-2006 | 01-Oct-2009 | 01-Jan-2020 | 01-May-2023,4 | 79 | 2 | 36 | -3,100,1,01-Nov-1999,5
CUSR0000SA0L2,Prices,1,1,1,,,,,100 | 5,1 | 0,01-May-1972 | 01-Jan-1977,-7 | -120,50 | 100 | 20,1 | 1 | 1,01-May-1972 | 01-Nov-1975 | 01-Sep-2002,34 | 2 | 44,100 | 2 | 10,1 | 0 | 0,01-Mar-1972 | 01-Jul-1976 | 01-Jan-2000,-3 | -176 | 10,50 | 100 | 100 | 100 | 100 | 100,1 | 1 | 1 | 1 | 1 | 1,01-May-1972 | 01-Nov-1975 | 01-Dec-1998 | 01-Sep-2009 | 01-Sep-2009 | 01-Aug-2023,34 | 2 | -1 | 51 | -23 | 58,100 | 100,1 | 1,01-Oct-1991 | 01-Jan-1999,4 | -3
CUSR0000SA0L5,Prices,1,1,1,100,1,01-Dec-1990,-2,100 | 100 | 100,1 | 1 | 1,01-Dec-1972 | 01-Jun-1983 | 01-Dec-1991,0 | 2 | 9,,,,,,,,,,,,,,,,
PCEPI,Prices,1,1,1,100 | 100 | 100,1 | 1 | 1,01-Jul-1972 | 01-Aug-1991 | 01-May-1998,1 | 2 | 0,100 | 50 | 100,1 | 1 | 1,01-Aug-1972 | 01-Jun-1975 | 01-Jun-1991,0 | -104 | 1,100,1,01-May-1972,-1,100,1,01-Feb-1972,-6,100,1,01-Apr-1972,-2,100,1,01-Mar-1972,-11
DDURRG3M086SBEA,Prices,1,1,1,,,,,,,,,,,,,,,,,100 | 50,1 | 1,01-Sep-1967 | 01-Mar-2017,-5 | 12,100 | 100,1 | 1,01-Nov-1981 | 01-Apr-2019,5 | -2
DNDGRG3M086SBEA,Prices,1,1,1,100,1,01-Apr-1972,-10,100 | 50,1 | 1,01-Jul-1972 | 01-Jan-1977,-5 | -178,100,1,01-Mar-1999,2,100 | 100 | 100,1 | 1 | 1,01-Sep-1972 | 01-Oct-1991 | 01-Nov-1998,-3 | 2 | -4,100 | 50 | 2 | 100,1 | 1 | 0 | 1,01-Nov-1985 | 01-Sep-1991 | 01-Dec-2006 | 01-Dec-2009,-2 | -6 | 95 | 4,100 | 50 | 100,1 | 1 | 1,01-Aug-1972 | 01-Jan-1977 | 01-Nov-1998,-5 | -176 | -5
DSERRG3M086SBEA,Prices,1,1,1,100 | 100 | 100 | 20 | 100 | 100,1 | 1 | 1 | 1 | 1 | 1,01-Apr-1962 | 01-Nov-1972 | 01-Oct-1978 | 01-Jan-1987 | 01-Feb-1990 | 01-Jul-1993,-39 | 4 | 1 | 4 | 0 | 1,100 | 100 | 10 | 100 | 100,1 | 1 | 0 | 1 | 1,01-Nov-1972 | 01-Oct-1978 | 01-Mar-1987 | 01-May-1990 | 01-Apr-1994,4 | 1 | 3 | 3 | 0,100 | 100 | 100,1 | 1 | 1,01-Nov-1972 | 01-Oct-1978 | 01-Jul-1986,4 | 1 | -2,100 | 100 | 50,1 | 1 | 1,01-Nov-1972 | 01-Oct-1978 | 01-Apr-1986,4 | 1 | -8,100 | 100 | 100 | 100,1 | 1 | 1 | 1,01-Apr-1962 | 01-Nov-1972 | 01-Oct-1978 | 01-Jul-1986,-39 | 4 | 1 | -2,100 | 100 | 50,1 | 1 | 1,01-Dec-1972 | 01-Nov-1978 | 01-Mar-1986,4 | 1 | -10
CES0600000008,Labor Market,1,1,1,100,1,01-Feb-1983,8,100,1,01-Aug-1983,3,100 | 100,1 | 1,01-Feb-1983 | 01-May-1999,8 | 6,100 | 100 | 100,1 | 1 | 1,01-Aug-1983 | 01-Oct-2001 | 01-Apr-2006,3 | 23 | 1,100,1,01-Jun-1983,12,100,1,01-Oct-1983,5
CES2000000008,Labor Market,1,1,1,20,1,01-Oct-1967,26,2,0,01-Dec-1993,68,100 | 5,1 | 0,01-Jan-1966 | 01-Jun-1999,5 | 133,10 | 10,0 | 0,01-Mar-1964 | 01-Dec-1990,-27 | 32,10,0,01-Mar-1969,43,5,0,01-Nov-1969,-221
CES3000000008,Labor Market,1,1,1,100,1,01-Nov-1982,8,100,1,01-Apr-1983,1,100,1,01-Dec-1982,9,100,1,01-Apr-1983,1,20,1,01-Nov-1978,-40,100,1,01-Mar-1983,11
UMCSENTx,Orders and Inventories,0,0,0,,,,,,,,,,,,,,,,,,,,,,,,
DTCOLNVHFNM,Money and Credit,1,1,1,100 | 100,1 | 1,01-Sep-1966 | 01-Mar-1976,1 | -6,100,1,01-Feb-1976,-7,100 | 100,1 | 1,01-Sep-1966 | 01-Jan-1976,1 | -8,100,1,01-Feb-1976,-7,100 | 100 | 100 | 100,1 | 1 | 1 | 1,01-Sep-1966 | 01-Apr-1976 | 01-Feb-1998 | 01-Sep-2011,1 | -5 | 110 | 8,100 | 2 | 100,1 | 0 | 1,01-Jan-1970 | 01-Sep-1976 | 01-Jan-2012,-6 | -1 | 8
DTCTHFNM,Money and Credit,1,1,1,100 | 100,1 | 1,01-Sep-1967 | 01-Jul-1974,10 | -5,100 | 100 | 5,1 | 1 | 0,01-Apr-1971 | 01-Oct-1974 | 01-Feb-1979,40 | -7 | -96,100 | 100,1 | 1,01-Sep-1967 | 01-May-1974,10 | -7,100 | 100 | 100,1 | 1 | 1,01-Aug-1962 | 01-Dec-1967 | 01-Dec-1973,0 | 48 | -8,100,1,01-Jan-1974,-11,100 | 100 | 100,1 | 1 | 1,01-Jul-1970 | 01-May-1974 | 01-Mar-2009,32 | 4 | -19
INVEST,Money and Credit,1,1,1,100 | 100,1 | 1,01-Nov-1978 | 01-Nov-1993,1 | 1,100,1,01-Jul-1976,-6,100 | 100,1 | 1,01-Nov-1978 | 01-Oct-1993,1 | -3,100 | 10 | 50,1 | 0 | 1,01-Aug-1976 | 01-Nov-2001 | 01-Apr-2006,-5 | 57 | 0,100 | 5 | 100,1 | 0 | 1,01-Nov-1978 | 01-Nov-2004 | 01-Jul-2010,1 | 130 | 12,100,1,01-Oct-1972,-5
VIXCLSx,Stock Market,1,1,1,,,,,,,,,50 | 100,1 | 1,01-Nov-1967 | 01-Nov-1997,-88 | -8,,,,,100 | 100,1 | 1,01-May-1975 | 01-Oct-1992,2 | 61,,,,
