series_name,include_main_hist,include_main_2007,include_main_full_ext,uv_mb_nbreaks_hist,uv_mb_break_dates_hist,uv_mb_break_stats_hist,uv_mb_break_pvals_hist,cv_mb_nbreaks_hist,cv_mb_break_dates_hist,cv_mb_break_stats_hist,cv_mb_break_pvals_hist,uv2007_mb_nbreaks,uv2007_mb_break_dates,uv2007_mb_break_stats,uv2007_mb_break_pvals,cv2007_mb_nbreaks,cv2007_mb_break_dates,cv2007_mb_break_stats,cv2007_mb_break_pvals,uvfull_mb_nbreaks,uvfull_mb_break_dates,uvfull_mb_break_stats,uvfull_mb_break_pvals,cvfull_mb_nbreaks,cvfull_mb_break_dates,cvfull_mb_break_stats,cvfull_mb_break_pvals
RPI,1,1,1,0,,,,0,,,,0,,,,0,,,,0,,,,5,01-Apr-1970 | 01-Feb-1995 | 01-Nov-2004 | 01-Jul-2016 | 01-Sep-2022,7.231 | 16.477 | 24.36 | 2.268 | 6.336,0.007165 | 4.9e-05 | 1e-06 | 0.13206 | 0.011828
W875RX1,1,1,1,0,,,,0,,,,0,,,,2,01-Nov-1965 | 01-Jun-1972,6.859 | 18.344,0.008819 | 1.8e-05,0,,,,2,01-Dec-1965 | 01-Jul-1972,6.414 | 11.658,0.011323 | 0.01227
DPCERA3M086SBEA,1,1,1,1,01-Feb-1987,28.64,0,1,01-Feb-1987,29.383,0,1,01-Feb-1987,30.214,0,1,01-Feb-1987,35.526,0,0,,,,0,,,
CMRMTSPLx,1,1,1,2,01-Aug-1966 | 01-Sep-1992,27.23 | 20.608,0 | 6e-06,1,01-Oct-1980,16.972,3.8e-05,2,01-Aug-1966 | 01-Sep-1992,27.49 | 17.191,0 | 3.4e-05,1,01-Oct-1980,22.938,2e-06,2,01-Aug-1966 | 01-Sep-2019,19.555 | 21.402,0.000279 | 0.000114,1,01-Dec-1980,17.994,2.2e-05
RETAILx,1,1,1,1,01-Feb-1987,22.577,2e-06,1,01-Nov-1987,24.754,1e-06,1,01-Feb-1987,13.191,0.000281,1,01-Nov-1987,16.803,4.1e-05,0,,,,0,,,
INDPRO,1,1,1,1,01-Jan-1984,30.233,0,1,01-Jan-1984,28.809,0,1,01-Jan-1984,31.72,0,1,01-Jan-1984,29.634,0,1,01-Jan-1984,8.846,0.002938,0,,,
IPFPNSS,1,1,1,3,01-Feb-1983 | 01-Apr-1989 | 01-Mar-1992,25.309 | 14.249 | 9.046,0 | 0.00016 | 0.002633,1,01-Jan-1984,18.687,1.5e-05,4,01-Feb-1983 | 01-Apr-1989 | 01-Jun-1995 | 01-Oct-2001,24.001 | 2.886 | 0.081 | 4.976,1e-06 | 0.089329 | 0.77639 | 0.025704,2,01-Jan-1984 | 01-Jan-2000,16 | 3.138,6.3e-05 | 0.076474,0,,,,0,,,
IPFINAL,1,1,1,2,01-Feb-1983 | 01-Apr-1989,27.49 | 12.028,0 | 0.000524,2,01-Feb-1983 | 01-Apr-1989,23.245 | 11.229,1e-06 | 0.000805,3,01-Feb-1983 | 01-Apr-1989 | 01-Jan-2000,27.057 | 11.915 | 6.162,0 | 0.000557 | 0.01305,4,01-Feb-1983 | 01-Apr-1989 | 01-Nov-1998 | 01-Apr-2006,25.492 | 10.012 | 6.103 | 11.118,0 | 0.001555 | 0.013495 | 0.000855,0,,,,0,,,
IPCONGD,1,1,1,1,01-Sep-1975,9.387,0.002185,0,,,,2,01-Sep-1975 | 01-Oct-2000,9.905 | 6.721,0.001648 | 0.00953,1,01-Sep-1975,10.298,0.001331,0,,,,0,,,
IPDCONGD,1,1,1,0,,,,0,,,,1,01-Apr-1965,12.067,0.010125,1,01-Feb-1982,6.034,0.014033,0,,,,0,,,
IPNCONGD,1,1,1,0,,,,0,,,,0,,,,0,,,,0,,,,0,,,
IPBUSEQ,1,1,1,1,01-Oct-1982,19.029,1.3e-05,1,01-Dec-1982,21.106,4e-06,1,01-Oct-1982,14.439,0.000145,1,01-Dec-1982,17.172,3.4e-05,0,,,,0,,,
IPMAT,1,1,1,1,01-Apr-1965,8.132,0.00435,1,01-Mar-1983,60.552,0,1,01-Jan-1984,35.042,0,1,01-Mar-1983,36.287,0,1,01-Apr-1965,15.804,0.001709,2,01-Mar-1983 | 01-Sep-2019,31.582 | 10.117,0 | 0.025214
IPDMAT,1,1,1,1,01-Apr-1965,5.518,0.018823,1,01-Jan-1983,38.176,0,2,01-Apr-1965 | 01-Feb-1984,3.129 | 30.184,0.076901 | 0,1,01-Jan-1983,43.154,0,1,01-Apr-1965,14.912,0.00262,1,01-Jan-1983,15.249,9.4e-05
IPNMAT,1,1,1,2,01-Jan-1984 | 01-Jun-1993,18.949 | 7.11,1.3e-05 | 0.007664,3,01-Jun-1965 | 01-Jan-1983 | 01-Jun-1993,1.26 | 13.097 | 7.174,0.26157 | 0.000296 | 0.007396,1,01-Jan-1984,15.329,9e-05,1,01-Jan-1983,14.709,0.000125,0,,,,0,,,
IPMANSICS,1,1,1,1,01-Oct-1983,25.232,1e-06,1,01-Jan-1984,29.544,0,1,01-Feb-1984,28.262,0,1,01-Jan-1984,32.882,0,0,,,,0,,,
IPB51222S,1,1,1,1,01-Aug-1973,89.147,0,2,01-Dec-1966 | 01-Nov-1973,15.827 | 36.564,6.9e-05 | 0,1,01-Aug-1973,108.98,0,2,01-Dec-1966 | 01-Nov-1973,15.684 | 46.662,7.5e-05 | 0,2,01-Aug-1973 | 01-Oct-2015,125.643 | 9.818,0 | 0.001728,2,01-Nov-1973 | 01-Sep-2009,110.482 | 18.696,0 | 1.5e-05
IPFUELS,1,1,1,1,01-Dec-1992,20.706,5e-06,2,01-Feb-1974 | 01-Sep-1986,19.214 | 21.476,1.2e-05 | 4e-06,0,,,,0,,,,0,,,,0,,,
CUMFNS,1,1,1,1,01-Feb-1984,28.312,0,1,01-Apr-1982,27.023,0,1,01-Feb-1984,30.63,0,1,01-Apr-1982,33.999,0,1,01-Feb-1984,10.176,0.001422,0,,,
HWI,1,1,1,2,01-May-1969 | 01-Sep-1993,30.751 | 14.531,0 | 0.000138,2,01-Sep-1968 | 01-Dec-1993,47.988 | 14.864,0 | 0.000116,2,01-May-1969 | 01-Oct-1995,34.668 | 34.565,0 | 0,2,01-Aug-1977 | 01-Apr-1995,20.214 | 26.625,7e-06 | 0,3,01-May-1969 | 01-Oct-1995 | 01-Oct-2019,34.802 | 60.771 | 29.826,0 | 0 | 0,3,01-Jan-1979 | 01-May-1997 | 01-Nov-2019,26.557 | 39.725 | 20.284,0 | 0 | 7e-06
HWIURATIO,1,1,1,2,01-Jan-1975 | 01-Oct-1993,14.676 | 8.555,0.000128 | 0.003446,3,01-Jul-1967 | 01-Feb-1975 | 01-Oct-1993,5.154 | 12.239 | 3.836,0.023196 | 0.000468 | 0.05017,0,,,,0,,,,2,01-Jan-2014 | 01-Mar-2020,17.357 | 17.907,0.000809 | 2.3e-05,5,01-May-1975 | 01-Oct-2007 | 01-May-2014 | 01-Sep-2015 | 01-Jun-2020,5.712 | 25.298 | 25.075 | 4.473 | 13.368,0.01685 | 0 | 1e-06 | 0.034439 | 0.000256
CLF16OV,1,1,1,3,01-Aug-1968 | 01-Oct-1983 | 01-Sep-1993,4.67 | 8.923 | 5.46,0.030687 | 0.002816 | 0.019459,3,01-Sep-1965 | 01-Oct-1983 | 01-Sep-1993,4.192 | 17.824 | 3.908,0.040604 | 2.4e-05 | 0.048045,2,01-Aug-1968 | 01-Oct-1983,4.484 | 21.415,0.034223 | 4e-06,2,01-Sep-1965 | 01-Oct-1983,4.097 | 28.306,0.042963 | 0,1,01-Jul-1975,15.982,6.4e-05,2,01-Aug-1983 | 01-Nov-2019,36.478 | 13.573,0 | 0.004962
CE16OV,1,1,1,2,01-Oct-1965 | 01-Feb-1992,6.037 | 36.648,0.014013 | 0,2,01-Jul-1965 | 01-Mar-1992,6.507 | 28.194,0.010745 | 0,2,01-Oct-1965 | 01-Aug-1984,4.717 | 14.541,0.029867 | 0.000137,2,01-Oct-1965 | 01-Feb-1986,5.404 | 11.756,0.020089 | 0.000606,0,,,,0,,,
UNRATE,1,1,1,1,01-Jul-1984,15.643,7.6e-05,1,01-Dec-1986,18.146,2e-05,1,01-Jul-1984,19.414,1.1e-05,1,01-Feb-1986,13.395,0.000252,0,,,,0,,,
UEMPMEAN,1,1,1,0,,,,1,01-Aug-1965,11.311,0.00077,0,,,,2,01-Jun-1966 | 01-Nov-1974,19.508 | 10.845,1e-05 | 0.000991,3,01-Jul-2008 | 01-Jan-2018 | 01-May-2024,49.488 | 10.641 | 9.652,0 | 0.001106 | 0.001892,3,01-Sep-2008 | 01-Mar-2018 | 01-Jul-2024,50.732 | 10.664 | 9.723,0 | 0.001092 | 0.00182
UEMPLT5,1,1,1,3,01-May-1965 | 01-Feb-1985 | 01-Sep-1993,5.261 | 29.624 | 32.277,0.021811 | 0 | 0,2,01-Nov-1983 | 01-Aug-1993,55.423 | 15.816,0 | 7e-05,0,,,,3,01-Apr-1970 | 01-Sep-1984 | 01-Jul-1993,7.761 | 27.084 | 33.116,0.00534 | 0 | 0,0,,,,0,,,
UEMP5TO14,1,1,1,1,01-Jan-1975,14.98,0.000109,1,01-Dec-1980,25.71,0,1,01-Jan-1975,13.698,0.000215,1,01-Jul-1975,17.385,3.1e-05,0,,,,0,,,
UEMP15OV,1,1,1,1,01-Jun-1976,14.329,0.000153,1,01-Mar-1971,20.907,5e-06,1,01-Jun-1976,15.085,0.000103,1,01-Feb-1971,17.158,3.4e-05,0,,,,1,01-Nov-2019,9.504,0.03349
UEMP15T26,1,1,1,1,01-Feb-1971,19.662,9e-06,1,01-Jul-1976,23.835,1e-06,1,01-Feb-1971,24.997,1e-06,1,01-Dec-1970,20.962,5e-06,1,01-Sep-2019,9.062,0.041057,0,,,
UEMP27OV,1,1,1,1,01-Jul-1976,27.601,0,1,01-Apr-1980,36.215,0,1,01-Jul-1976,24.475,1e-06,1,01-Jun-1976,27.659,0,1,01-Jul-1976,18.503,1.7e-05,4,01-Jun-1980 | 01-Dec-1997 | 01-Jun-2009 | 01-Oct-2019,36.611 | 17.075 | 28.48 | 21.48,0 | 3.6e-05 | 0 | 4e-06
CLAIMSx,1,1,1,2,01-Sep-1983 | 01-Dec-1992,10.349 | 7.993,0.001296 | 0.004696,2,01-Jan-1984 | 01-Dec-1992,11.584 | 7.633,0.000665 | 0.00573,1,01-Apr-1984,18.452,1.7e-05,1,01-Sep-1983,18.445,1.7e-05,0,,,,0,,,
PAYEMS,1,1,1,4,01-Oct-1974 | 01-Feb-1984 | 01-May-1990 | 01-Sep-1992,2.002 | 27.435 | 13.305 | 16.829,0.1571 | 0 | 0.000265 | 4.1e-05,1,01-Sep-1983,57.575,0,1,01-Jul-1984,38.461,0,1,01-Sep-1983,63.021,0,0,,,,0,,,
USGOOD,1,1,1,3,01-Nov-1983 | 01-Jan-1990 | 01-Feb-1992,38.978 | 15.806 | 19.083,0 | 7e-05 | 1.3e-05,1,01-Jul-1983,67.37,0,2,01-Jun-1984 | 01-Jan-2001,50.766 | 3.233,0 | 0.072167,1,01-Oct-1983,65.38,0,1,01-Jun-1984,11.954,0.000545,1,01-Jul-1983,15.733,7.3e-05
CES1021000001,1,1,1,3,01-Jul-1976 | 01-Feb-1983 | 01-Aug-1989,5.42 | 6.896 | 3.717,0.019902 | 0.008641 | 0.053863,1,01-Sep-1986,14.544,0.000137,2,01-Sep-1986 | 01-Sep-2001,16.458 | 2.284,5e-05 | 0.13071,3,01-Sep-1986 | 01-Mar-1994 | 01-Jul-2001,13.062 | 3.399 | 1.596,0.000301 | 0.065221 | 0.20646,0,,,,2,01-Nov-1974 | 01-Oct-1981,4.509 | 18.259,0.033718 | 0.000523
USCONS,1,1,1,3,01-Aug-1983 | 01-Oct-1989 | 01-Feb-1992,25.215 | 19.58 | 25.591,1e-06 | 1e-05 | 0,2,01-Jun-1968 | 01-Mar-1984,5.7 | 38.191,0.016963 | 0,3,01-Sep-1983 | 01-Nov-1989 | 01-Feb-1996,26.105 | 4.21 | 9.204,0 | 0.040194 | 0.002415,1,01-Mar-1984,81.571,0,1,01-Jun-1984,25.771,0,1,01-Mar-1984,51.818,0
MANEMP,1,1,1,1,01-Apr-1984,45.653,0,1,01-Sep-1983,37.463,0,1,01-Apr-1984,36.114,0,2,01-May-1983 | 01-Oct-1989,50.527 | 6.603,0 | 0.010183,1,01-Apr-1984,17.037,3.7e-05,1,01-May-1983,12.537,0.000399
DMANEMP,1,1,1,3,01-Nov-1982 | 01-Aug-1989 | 01-Jan-1992,21.825 | 7.109 | 18.733,3e-06 | 0.00767 | 1.5e-05,1,01-Nov-1983,32.057,0,3,01-Jul-1984 | 01-Jun-1997 | 01-Aug-2003,48.684 | 5.735 | 11.192,0 | 0.01663 | 0.000821,3,01-May-1983 | 01-Dec-1989 | 01-Jun-2001,47.298 | 5.209 | 3.215,0 | 0.022466 | 0.072986,1,01-Apr-1984,21.687,3e-06,1,01-Sep-1983,15.31,9.1e-05
NDMANEMP,1,1,1,2,01-Jul-1974 | 01-Nov-1982,4.501 | 11.806,0.03388 | 0.00059,2,01-Sep-1974 | 01-Aug-1982,5.898 | 19.501,0.015162 | 1e-05,4,01-Jul-1974 | 01-Apr-1984 | 01-Dec-1997 | 01-Feb-2004,4.225 | 17.498 | 11.244 | 5.722,0.039827 | 2.9e-05 | 0.000799 | 0.016753,2,01-Sep-1974 | 01-Aug-1982,5.713 | 17.446,0.01684 | 3e-05,0,,,,0,,,
SRVPRD,1,1,1,1,01-Mar-1992,48.612,0,2,01-Oct-1983 | 01-Jul-1991,6.597 | 3.443,0.010216 | 0.063511,1,01-Nov-1984,14.36,0.000151,2,01-Sep-1983 | 01-Jun-1991,9.832 | 2.508,0.001715 | 0.1133,0,,,,0,,,
USTPU,1,1,1,1,01-Sep-1992,22.079,3e-06,1,01-Jul-1965,9.203,0.002416,4,01-Nov-1984 | 01-Oct-1994 | 01-Dec-2000 | 01-Mar-2004,4.322 | 7.081 | 21.101 | 33.185,0.03763 | 0.007793 | 4e-06 | 0,1,01-Sep-1965,22.889,5.5e-05,0,,,,0,,,
USWTRADE,1,1,1,1,01-Mar-1993,43.078,0,1,01-Feb-1991,24.495,1e-06,0,,,,1,01-Sep-1980,13.387,0.000253,0,,,,0,,,
USTRADE,1,1,1,1,01-Sep-1992,35.718,0,1,01-Jan-1968,9.929,0.001627,4,01-Apr-1965 | 01-Sep-1992 | 01-Nov-1999 | 01-Jul-2003,2.808 | 32.085 | 21.276 | 13.762,0.093788 | 0 | 4e-06 | 0.000207,1,01-Jan-1968,8.718,0.003151,0,,,,0,,,
USFIRE,1,1,1,1,01-Jun-1966,49.605,0,2,01-Jan-1966 | 01-Apr-1980,18.878 | 13.358,1.4e-05 | 0.000257,1,01-May-1966,64.849,0,0,,,,0,,,,0,,,
USGOVT,1,1,1,2,01-Jan-1967 | 01-Jul-1982,2.016 | 7.253,0.15566 | 0.007076,1,01-Nov-1990,32.376,0,1,01-Jul-1982,13.311,0.000264,1,01-Nov-1990,8.658,0.003256,0,,,,0,,,
CES0600000007,1,1,1,4,01-Mar-1974 | 01-Oct-1980 | 01-Feb-1987 | 01-Jul-1993,1.941 | 0.44 | 2.897 | 133.297,0.16355 | 0.50698 | 0.088726 | 0,1,01-Mar-1984,12.303,0.000452,5,01-Mar-1974 | 01-May-1983 | 01-Mar-1993 | 01-Mar-2000 | 01-May-2006,5.77 | 27.206 | 180.353 | 87.26 | 10.783,0.016302 | 0 | 0 | 0 | 0.001024,2,01-Feb-1984 | 01-Dec-1992,22.907 | 9.821,2e-06 | 0.001725,5,01-Jul-1983 | 01-Jul-1993 | 01-Nov-2011 | 01-Apr-2020 | 01-May-2022,45.686 | 47.241 | 67.576 | 36.394 | 14.464,0 | 0 | 0 | 0 | 0.000143,0,,,
AWOTMAN,1,1,1,0,,,,0,,,,1,01-May-1996,14.125,0.000171,1,01-May-1996,17.769,2.5e-05,0,,,,0,,,
AWHMAN,1,1,1,5,01-Oct-1974 | 01-Jun-1983 | 01-Nov-1986 | 01-May-1989 | 01-Aug-1993,6.208 | 28.474 | 126.811 | 17.134 | 94.602,0.012718 | 0 | 0 | 3.5e-05 | 0,1,01-Mar-1984,9.939,0.001618,5,01-Aug-1974 | 01-May-1983 | 01-Aug-1993 | 01-Dec-1999 | 01-Feb-2006,7.455 | 20.36 | 121.154 | 68.721 | 24.744,0.006325 | 6e-06 | 0 | 0 | 1e-06,0,,,,0,,,,0,,,
HOUST,1,1,1,4,01-Feb-1964 | 01-Nov-1970 | 01-Oct-1982 | 01-Aug-1993,0 | 20.341 | 7.192 | 25.594,0.98604 | 6e-06 | 0.007324 | 0,1,01-Feb-1991,27.333,0,3,01-Nov-1970 | 01-Aug-1993 | 01-Oct-2001,16.455 | 57.236 | 28.405,5e-05 | 0 | 0,3,01-Feb-1991 | 01-Mar-2000 | 01-Dec-2001,28.47 | 13.414 | 42.768,0 | 0.00025 | 0,5,01-Oct-1970 | 01-Nov-2004 | 01-Aug-2012 | 01-Nov-2015 | 01-Sep-2022,27.221 | 19.848 | 8.808 | 39.562 | 61.695,0 | 8e-06 | 0.002999 | 0 | 0,0,,,
HOUSTNE,1,1,1,0,,,,0,,,,1,01-Oct-1997,56.897,0,2,01-Mar-1984 | 01-Jun-1991,1.687 | 1.81,0.19394 | 0.17854,5,01-Jan-1966 | 01-Feb-1974 | 01-Jan-1996 | 01-Apr-2007 | 01-Jun-2013,0.884 | 9.811 | 45.563 | 63.553 | 22.618,0.34712 | 0.001735 | 0 | 0 | 2e-06,1,01-Apr-2008,27.823,0
HOUSTMW,1,1,1,5,01-Nov-1970 | 01-Jan-1977 | 01-Dec-1983 | 01-Dec-1991 | 01-Sep-1998,10.744 | 7.784 | 23.462 | 28.234 | 12.35,0.001046 | 0.005272 | 1e-06 | 0 | 0.000441,1,01-Feb-1991,13.853,0.000198,5,01-Nov-1970 | 01-Jan-1977 | 01-Dec-1983 | 01-Dec-1991 | 01-Oct-2001,10.439 | 8.405 | 22.403 | 24.476 | 20.652,0.001234 | 0.003742 | 2e-06 | 1e-06 | 6e-06,1,01-Apr-1988,9.871,0.001679,5,01-Dec-1982 | 01-Nov-1997 | 01-Jan-2007 | 01-Mar-2013 | 01-May-2019,51.847 | 52.661 | 38.239 | 15.892 | 18.124,0 | 0 | 0 | 6.7e-05 | 2.1e-05,3,01-Mar-1991 | 01-Jan-2000 | 01-Jan-2007,12.357 | 2.315 | 17.724,0.000439 | 0.12813 | 2.6e-05
HOUSTS,1,1,1,2,01-Feb-1992 | 01-Apr-1998,30.047 | 21.172,0 | 4e-06,1,01-Mar-1984,8.113,0.004395,0,,,,1,01-Mar-1984,12.995,0.000312,0,,,,0,,,
HOUSTW,1,1,1,5,01-May-1965 | 01-Nov-1982 | 01-Sep-1990 | 01-Jul-1993 | 01-Oct-1997,30.212 | 10.798 | 3.274 | 51.198 | 29.856,0 | 0.001016 | 0.070405 | 0 | 0,1,01-Jan-1985,9.177,0.002451,5,01-Apr-1965 | 01-Nov-1982 | 01-Sep-1990 | 01-Oct-1993 | 01-Oct-2001,33.02 | 17.925 | 9.433 | 44.887 | 30.609,0 | 2.3e-05 | 0.002131 | 0 | 0,0,,,,5,01-Oct-1965 | 01-Sep-1987 | 01-Apr-2002 | 01-Jun-2008 | 01-Aug-2014,24.686 | 32.026 | 27.901 | 28.464 | 75.842,1e-06 | 0 | 0 | 0 | 0,1,01-May-2008,13.748,0.000209
PERMIT,1,1,1,5,01-Aug-1961 | 01-Aug-1969 | 01-Aug-1975 | 01-Dec-1991 | 01-Dec-1997,23.631 | 13.577 | 4.277 | 25.462 | 38.81,1e-06 | 0.000229 | 0.03864 | 0 | 0,2,01-Jan-1966 | 01-Mar-1991,14.911 | 48.687,0.000113 | 0,0,,,,2,01-Mar-1966 | 01-Mar-1991,12.165 | 47.589,0.000487 | 0,5,01-Apr-2000 | 01-Jun-2006 | 01-Aug-2008 | 01-Feb-2013 | 01-Sep-2019,26.065 | 12.686 | 85.232 | 112.333 | 2.116,1.2e-05 | 0.000368 | 0 | 0 | 0.14573,3,01-Apr-1966 | 01-Apr-1991 | 01-Apr-2007,11.725 | 50.82 | 15.469,0.000617 | 0 | 8.4e-05
PERMITNE,1,1,1,0,,,,1,01-Jan-1985,14.91,0.000113,1,01-Nov-1997,84.035,0,1,01-Jan-1985,20.446,6e-06,5,01-Oct-1992 | 01-Mar-2007 | 01-May-2013 | 01-Jan-2016 | 01-Sep-2018,60.144 | 57.393 | 19.486 | 4.328 | 20.548,0 | 0 | 1e-05 | 0.0375 | 6e-06,2,01-Feb-1985 | 01-Feb-2008,21.367 | 27.095,4e-06 | 0
PERMITMW,1,1,1,4,01-Nov-1970 | 01-Feb-1977 | 01-Dec-1983 | 01-Dec-1989,9.337 | 5.06 | 26.343 | 1.431,0.002246 | 0.024486 | 0 | 0.23154,1,01-May-1990,31.75,0,5,01-Mar-1963 | 01-Feb-1971 | 01-Feb-1979 | 01-Apr-1985 | 01-Sep-1998,4.61 | 16.275 | 4.644 | 22.381 | 28.911,0.031786 | 5.5e-05 | 0.031166 | 2e-06 | 0,1,01-May-1990,40.343,0,5,01-May-1967 | 01-Jun-2006 | 01-Aug-2012 | 01-Dec-2015 | 01-Apr-2020,33.265 | 31.661 | 7.243 | 34.433 | 32.074,0 | 1e-06 | 0.007119 | 0 | 0,2,01-Jun-1990 | 01-Sep-2006,40.286 | 21.182,0 | 4e-06
PERMITS,1,1,1,5,01-Aug-1976 | 01-Oct-1982 | 01-Oct-1988 | 01-Aug-1995 | 01-Dec-1997,23.241 | 10.294 | 10.428 | 3.362 | 121.08,1e-06 | 0.001334 | 0.001241 | 0.06673 | 0,3,01-Apr-1966 | 01-Feb-1991 | 01-Nov-1997,18.763 | 29.679 | 10.722,1.5e-05 | 0 | 0.001059,4,01-Apr-1967 | 01-Aug-1976 | 01-Oct-2000 | 01-Dec-2006,6.717 | 7.497 | 40.636 | 18.351,0.009551 | 0.006181 | 0 | 0.000501,2,01-Apr-1966 | 01-Feb-1991,18.742 | 35.668,1.5e-05 | 0,5,01-Apr-1967 | 01-Aug-1976 | 01-Nov-1982 | 01-May-2002 | 01-Apr-2012,7.265 | 17.131 | 7.405 | 36.234 | 22.544,0.007031 | 3.5e-05 | 0.006506 | 0 | 2e-06,2,01-May-1966 | 01-Mar-1991,19.492 | 22.116,1e-05 | 3e-06
PERMITW,1,1,1,3,01-Dec-1965 | 01-Jan-1987 | 01-Aug-1993,19.943 | 7.649 | 21.829,8e-06 | 0.005682 | 3e-06,2,01-May-1978 | 01-Feb-1987,8.038 | 10.232,0.004582 | 0.00138,3,01-Feb-1966 | 01-Aug-1993 | 01-Oct-2001,9.985 | 57.001 | 23.691,0.001578 | 0 | 1e-06,3,01-May-1978 | 01-Feb-1987 | 01-Dec-1995,6.256 | 7.288 | 5.592,0.012378 | 0.006942 | 0.018042,5,01-Feb-1966 | 01-Mar-1987 | 01-Apr-2002 | 01-Jun-2008 | 01-Aug-2014,22.449 | 23.127 | 23.934 | 19.728 | 66.045,2e-06 | 2e-06 | 1e-06 | 9e-06 | 0,0,,,
ACOGNO,0,0,0,NaN,,,,NaN,,,,NaN,,,,NaN,,,,NaN,,,,NaN,,,
AMDMNOx,1,1,1,0,,,,0,,,,0,,,,0,,,,0,,,,0,,,
ANDENOx,0,1,1,NaN,,,,NaN,,,,1,01-Jan-1992,10.448,0.001228,2,01-Oct-1985 | 01-Mar-1992,3.45 | 17.142,0.063245 | 3.5e-05,2,01-Jan-1992 | 01-Jun-2010,11.88 | 19.403,0.000567 | 1.1e-05,4,01-Apr-1975 | 01-Nov-1985 | 01-May-1992 | 01-Jun-2008,3.215 | 6.527 | 14.863 | 25.145,0.072976 | 0.010625 | 0.000116 | 1e-06
AMDMUOx,1,1,1,1,01-Apr-1979,23.224,1e-06,0,,,,4,01-Apr-1979 | 01-Dec-1987 | 01-Mar-1994 | 01-May-2000,18.108 | 0.685 | 3.037 | 12.977,2.1e-05 | 0.40785 | 0.081387 | 0.000315,0,,,,5,01-Apr-1979 | 01-May-2000 | 01-Dec-2009 | 01-Jul-2012 | 01-Oct-2019,25.292 | 13.555 | 28.231 | 15.41 | 6.749,0 | 0.000232 | 0 | 8.7e-05 | 0.009382,1,01-Nov-2014,13.06,0.000302
BUSINVx,1,1,1,3,01-Oct-1966 | 01-Dec-1972 | 01-Mar-1983,6.263 | 24.646 | 11.763,0.012332 | 1e-06 | 0.000604,1,01-Jun-1992,12.51,0.000405,3,01-Oct-1966 | 01-Dec-1972 | 01-Mar-1983,5.403 | 27.048 | 11.897,0.020099 | 0 | 0.000562,0,,,,5,01-Jun-1961 | 01-Aug-1964 | 01-Dec-1972 | 01-Dec-1974 | 01-Mar-1983,21.909 | 11.02 | 32.184 | 9.652 | 5.19,3e-06 | 0.000901 | 0 | 0.001891 | 0.022721,0,,,
ISRATIOx,1,1,1,1,01-Feb-1987,17.76,2.5e-05,1,01-Feb-1987,16.187,5.7e-05,1,01-Feb-1987,20.528,6e-06,2,01-May-1991 | 01-Jan-2000,18.9 | 0.939,1.4e-05 | 0.33244,0,,,,0,,,
M1SL,1,1,1,1,01-Dec-1977,9.279,0.002317,1,01-Feb-1979,17.659,2.6e-05,3,01-Dec-1977 | 01-Aug-1995 | 01-Oct-2001,8.05 | 1.619 | 0.307,0.00455 | 0.20324 | 0.57962,1,01-Sep-1999,9.085,0.002577,0,,,,0,,,
M2SL,1,1,1,2,01-Nov-1961 | 01-Jan-1970,1.361 | 5.786,0.24339 | 0.016158,2,01-Apr-1966 | 01-Jun-1987,27.224 | 10.785,0 | 0.001023,2,01-Apr-1966 | 01-Jan-2000,16.559 | 7.743,4.7e-05 | 0.005393,2,01-Apr-1966 | 01-Mar-2000,28.263 | 8.463,0 | 0.003624,2,01-Apr-1966 | 01-Jan-2000,16.561 | 11.875,4.7e-05 | 0.000569,3,01-Jan-1970 | 01-Jun-1987 | 01-Jan-2000,21.453 | 7.559 | 18.832,4e-06 | 0.005971 | 1.4e-05
M2REAL,1,1,1,5,01-Jun-1960 | 01-Oct-1967 | 01-Dec-1973 | 01-Mar-1983 | 01-Oct-1993,15.771 | 2.91 | 1.693 | 10.565 | 3.406,7.1e-05 | 0.088059 | 0.19325 | 0.001152 | 0.064941,4,01-Jan-1970 | 01-Jan-1977 | 01-May-1983 | 01-Jul-1993,10.208 | 0.158 | 8.205 | 3.931,0.001398 | 0.6908 | 0.004177 | 0.047416,4,01-Jun-1960 | 01-Oct-1967 | 01-Dec-1973 | 01-Mar-1983,14.355 | 3.317 | 1.802 | 11.43,0.000151 | 0.068583 | 0.17947 | 0.000723,2,01-May-1983 | 01-Mar-2000,15.02 | 24.445,0.000106 | 1e-06,3,01-Feb-1969 | 01-Mar-1983 | 01-Sep-2019,31.573 | 16.711 | 16.865,0 | 4.4e-05 | 0.001026,5,01-Mar-1970 | 01-Mar-1977 | 01-Jul-1983 | 01-Feb-1994 | 01-May-2000,10.478 | 0.226 | 9.028 | 6.336 | 32.239,0.001208 | 0.63432 | 0.002659 | 0.011831 | 0
BOGMBASE,1,1,1,2,01-Dec-1971 | 01-May-1992,13.22 | 30.673,0.000277 | 0,0,,,,2,01-Dec-1971 | 01-May-1992,13.273 | 19.989,0.000269 | 8e-06,0,,,,1,01-Aug-2008,20.762,5e-06,2,01-Aug-2008 | 01-Apr-2015,41.818 | 1.57,0 | 0.21025
TOTRESNS,1,1,1,1,01-Dec-1971,38.073,0,2,01-Dec-1968 | 01-Oct-1990,30.094 | 9.397,0 | 0.002174,2,01-Dec-1971 | 01-May-2001,41.413 | 3.433,0 | 0.063902,4,01-Dec-1968 | 01-Oct-1978 | 01-Oct-1990 | 01-Aug-2001,14.525 | 2.301 | 6.621 | 3.295,0.000138 | 0.1293 | 0.010078 | 0.069494,3,01-Dec-1971 | 01-Jan-1984 | 01-May-2001,15.118 | 3.68 | 4.969,0.000101 | 0.055057 | 0.025804,4,01-Oct-1978 | 01-Jan-1987 | 01-Apr-1993 | 01-Aug-2001,14.706 | 3.459 | 6.243 | 22.537,0.000126 | 0.062902 | 0.012469 | 2e-06
NONBORRES,1,1,1,1,01-Dec-1971,41.441,0,1,01-Jan-1980,18.396,1.8e-05,1,01-May-2001,40.916,0,2,01-Jan-1980 | 01-Aug-2001,19.717 | 6.752,9e-06 | 0.009362,0,,,,0,,,
BUSLOANS,1,1,1,0,,,,2,01-May-1966 | 01-May-1975,11.295 | 2.016,0.000777 | 0.15564,0,,,,0,,,,0,,,,1,01-Nov-2019,9.667,0.03107
REALLN,1,1,1,0,,,,0,,,,1,01-Oct-1999,15.441,8.5e-05,1,01-Jul-1999,23.983,1e-06,5,01-Jun-1996 | 01-Jul-2003 | 01-May-2010 | 01-Jul-2016 | 01-Sep-2023,18.288 | 5.818 | 14.894 | 0.296 | 15.814,1.9e-05 | 0.015861 | 0.000114 | 0.5862 | 7e-05,5,01-Nov-1986 | 01-Jul-1999 | 01-Jul-2006 | 01-Dec-2012 | 01-Oct-2019,2.636 | 14.644 | 1.079 | 16.777 | 1.953,0.10448 | 0.00013 | 0.29885 | 4.2e-05 | 0.1623
NONREVSL,1,1,1,0,,,,0,,,,0,,,,0,,,,0,,,,0,,,
CONSPI,1,1,1,0,,,,0,,,,0,,,,0,,,,0,,,,1,01-Nov-2019,9.769,0.029628
S&P 500,1,1,1,0,,,,0,,,,0,,,,0,,,,0,,,,0,,,
S&P div yield,1,1,1,3,01-Oct-1973 | 01-Nov-1982 | 01-Mar-1991,21.475 | 9.437 | 37.523,4e-06 | 0.002127 | 0,3,01-Oct-1973 | 01-Oct-1982 | 01-Feb-1991,20.217 | 9.592 | 47.071,7e-06 | 0.001954 | 0,5,01-Oct-1973 | 01-Nov-1982 | 01-Mar-1991 | 01-Feb-2001 | 01-Jun-2003,21.234 | 9.266 | 40.824 | 11.359 | 22.066,4e-06 | 0.002334 | 0 | 0.000751 | 3e-06,5,01-Oct-1973 | 01-Oct-1982 | 01-Feb-1991 | 01-Apr-1997 | 01-Jun-2003,20.217 | 9.357 | 48.508 | 2.455 | 8.742,7e-06 | 0.002221 | 0 | 0.11714 | 0.003109,3,01-Oct-1973 | 01-Nov-1982 | 01-Mar-1991,21.272 | 9.292 | 29.507,4e-06 | 0.002302 | 0,3,01-Nov-1973 | 01-Nov-1982 | 01-Mar-1991,20.511 | 9.277 | 36.15,6e-06 | 0.002321 | 0
S&P PE ratio,1,1,1,0,,,,0,,,,0,,,,0,,,,0,,,,0,,,
FEDFUNDS,1,1,1,5,01-Mar-1969 | 01-Oct-1978 | 01-Dec-1984 | 01-Nov-1987 | 01-Jul-1992,11.728 | 6.546 | 10.985 | 1.431 | 13.351,0.000616 | 0.010515 | 0.000918 | 0.23164 | 0.000258,5,01-Mar-1969 | 01-Oct-1978 | 01-Jan-1985 | 01-Dec-1987 | 01-Sep-1992,10.75 | 7.057 | 11.171 | 1.925 | 12.583,0.001043 | 0.007895 | 0.000831 | 0.16529 | 0.000389,5,01-Mar-1969 | 01-Oct-1978 | 01-Dec-1984 | 01-Nov-1987 | 01-Feb-1995,11.785 | 6.554 | 11.019 | 4.033 | 5.741,0.000597 | 0.010465 | 0.000902 | 0.044608 | 0.016577,5,01-Mar-1969 | 01-Oct-1978 | 01-Dec-1984 | 01-Aug-1992 | 01-Oct-2001,7.733 | 7.069 | 13.781 | 13.543 | 11.751,0.005422 | 0.007844 | 0.000205 | 0.000233 | 0.000608,5,01-Aug-1979 | 01-Oct-1985 | 01-Jan-1992 | 01-Dec-2008 | 01-Jul-2019,9.134 | 11.958 | 12.764 | 33.493 | 7.152,0.002509 | 0.000544 | 0.000353 | 0 | 0.007489,5,01-Sep-1979 | 01-Nov-1985 | 01-Aug-1992 | 01-Dec-2008 | 01-Nov-2017,9.683 | 13.589 | 15.774 | 65.136 | 13.527,0.001859 | 0.000228 | 7.1e-05 | 0 | 0.000235
CP3Mx,1,1,1,5,01-Aug-1960 | 01-Apr-1969 | 01-Jul-1979 | 01-Sep-1985 | 01-Jul-1992,13.031 | 32.259 | 9.734 | 15.265 | 16.528,0.006419 | 0 | 0.001809 | 9.3e-05 | 4.8e-05,5,01-Apr-1969 | 01-May-1977 | 01-Jun-1983 | 01-Nov-1989 | 01-Dec-1994,42.314 | 7.242 | 9.777 | 10.171 | 7.202,0 | 0.007121 | 0.001767 | 0.001427 | 0.007282,5,01-Apr-1969 | 01-Jul-1979 | 01-Sep-1985 | 01-Jul-1992 | 01-Oct-2001,28.514 | 9.743 | 15.312 | 9.044 | 3.733,0 | 0.0018 | 9.1e-05 | 0.002636 | 0.053358,5,01-Feb-1969 | 01-Aug-1979 | 01-Oct-1985 | 01-Jan-1992 | 01-Oct-2001,44.436 | 10.789 | 14.277 | 8.931 | 9.436,0 | 0.001021 | 0.000158 | 0.002804 | 0.002127,5,01-Jul-1970 | 01-Sep-1976 | 01-Nov-1982 | 01-Jul-1989 | 01-Feb-2009,28.498 | 4.162 | 8.222 | 19.103 | 12.426,0 | 0.04134 | 0.004138 | 1.2e-05 | 0.000423,5,01-Jun-1969 | 01-Oct-1979 | 01-Dec-1985 | 01-Mar-1993 | 01-Apr-2009,32.581 | 8.642 | 13.792 | 13.741 | 12.199,0 | 0.003286 | 0.000204 | 0.00021 | 0.000478
TB3MS,1,1,1,5,01-Oct-1960 | 01-May-1969 | 01-Apr-1979 | 01-Jun-1985 | 01-Jan-1993,10.415 | 37.363 | 9.029 | 16.758 | 6.999,0.00125 | 0 | 0.002657 | 4.2e-05 | 0.008157,5,01-Jan-1961 | 01-May-1969 | 01-May-1979 | 01-Jun-1985 | 01-Jul-1992,64.018 | 33.148 | 8.582 | 18.399 | 13.178,0 | 0 | 0.003395 | 1.8e-05 | 0.000283,5,01-Oct-1960 | 01-May-1969 | 01-Apr-1979 | 01-Jun-1985 | 01-Jul-1992,10.543 | 37.281 | 9.056 | 16.691 | 3.77,0.001167 | 0 | 0.002619 | 4.4e-05 | 0.052165,5,01-Jan-1961 | 01-May-1969 | 01-Aug-1979 | 01-Oct-1985 | 01-Oct-2001,68.533 | 36.447 | 7.37 | 19.853 | 8.646,0 | 0 | 0.006634 | 8e-06 | 0.003277,5,01-Oct-1960 | 01-May-1969 | 01-Apr-1979 | 01-Jun-1985 | 01-Feb-2009,10.528 | 37.293 | 9.052 | 16.877 | 19.611,0.001176 | 0 | 0.002623 | 4e-05 | 9e-06,5,01-May-1969 | 01-Feb-1979 | 01-Apr-1985 | 01-Nov-1992 | 01-Feb-2009,24.763 | 6.26 | 16.86 | 3.255 | 14.975,1e-06 | 0.012348 | 4e-05 | 0.071216 | 0.000109
TB6MS,1,1,1,5,01-May-1969 | 01-Apr-1979 | 01-Jun-1985 | 01-Jul-1989 | 01-Nov-1994,27.72 | 8.892 | 15.264 | 1.626 | 2.69,0 | 0.002865 | 9.3e-05 | 0.20229 | 0.10098,5,01-Dec-1960 | 01-May-1969 | 01-May-1979 | 01-Jun-1985 | 01-Jul-1992,23.331 | 34.63 | 8.164 | 16.967 | 3.233,4.4e-05 | 0 | 0.004272 | 3.8e-05 | 0.072178,5,01-Sep-1960 | 01-May-1969 | 01-Apr-1979 | 01-Jun-1985 | 01-Dec-1994,7.398 | 34.609 | 8.918 | 16.872 | 7.182,0.006531 | 0 | 0.002824 | 4e-05 | 0.007364,5,01-Dec-1960 | 01-May-1969 | 01-Aug-1979 | 01-Oct-1985 | 01-Jan-1995,45.187 | 35.62 | 7.214 | 15.817 | 20.617,0 | 0 | 0.007233 | 7e-05 | 6e-06,5,01-Apr-1979 | 01-Jun-1985 | 01-Nov-1992 | 01-Feb-2009 | 01-May-2019,13.123 | 16.478 | 3.905 | 44.326 | 8.259,0.000292 | 4.9e-05 | 0.048152 | 0 | 0.004055,5,01-Jun-1966 | 01-May-1973 | 01-Oct-1982 | 01-Aug-1989 | 01-Feb-2009,15.004 | 14.65 | 16.266 | 14.359 | 24.981,0.000107 | 0.000129 | 5.5e-05 | 0.000151 | 1e-06
GS1,1,1,1,5,01-Sep-1960 | 01-May-1969 | 01-Apr-1979 | 01-Jun-1985 | 01-Nov-1992,10.294 | 54.728 | 10.913 | 17.59 | 6.119,0.001335 | 0 | 0.000955 | 2.7e-05 | 0.013374,5,01-Feb-1961 | 01-May-1969 | 01-Aug-1979 | 01-Sep-1985 | 01-Jul-1992,24.102 | 69.615 | 10.465 | 17.358 | 12.278,1e-06 | 0 | 0.001216 | 3.1e-05 | 0.000458,5,01-May-1969 | 01-Aug-1979 | 01-Oct-1985 | 01-Jun-1995 | 01-Oct-2001,42.454 | 10.14 | 16.646 | 5.2 | 2.37,0 | 0.001451 | 4.5e-05 | 0.022583 | 0.12366,5,01-May-1969 | 01-Apr-1979 | 01-Jun-1985 | 01-Jul-1992 | 01-Oct-2001,40.871 | 10.69 | 17.584 | 13.237 | 7.404,0 | 0.001077 | 2.7e-05 | 0.000274 | 0.006507,5,01-May-1969 | 01-Apr-1979 | 01-Jun-1985 | 01-Dec-2008 | 01-May-2019,43.192 | 10.899 | 19.572 | 98.957 | 12.583,0 | 0.000962 | 1e-05 | 0 | 0.000389,5,01-May-1973 | 01-Dec-1982 | 01-Aug-1989 | 01-Feb-2009 | 01-May-2019,21.898 | 13.789 | 18.544 | 83.982 | 21.373,3e-06 | 0.000204 | 1.7e-05 | 0 | 4e-06
GS5,1,1,1,5,01-Oct-1960 | 01-Jun-1966 | 01-Sep-1972 | 01-Sep-1979 | 01-May-1986,20.747 | 36.192 | 0.096 | 19.396 | 18.565,5e-06 | 0 | 0.75656 | 1.1e-05 | 1.6e-05,5,01-Sep-1960 | 01-Nov-1966 | 01-Apr-1973 | 01-Sep-1979 | 01-Jul-1986,17.297 | 26.644 | 0.137 | 17.807 | 20.805,3.2e-05 | 0 | 0.71171 | 2.4e-05 | 5e-06,5,01-Oct-1960 | 01-Nov-1968 | 01-Sep-1976 | 01-Nov-1982 | 01-Aug-1989,10.427 | 38.057 | 5.857 | 3.212 | 13.38,0.001242 | 0 | 0.015517 | 0.073101 | 0.000254,5,01-Sep-1960 | 01-Aug-1969 | 01-Sep-1976 | 01-Nov-1982 | 01-Aug-1989,16.482 | 36.372 | 5.585 | 3.912 | 14.367,0.001233 | 0 | 0.018115 | 0.047929 | 0.00015,5,01-Oct-1960 | 01-Nov-1968 | 01-Sep-1979 | 01-May-1986 | 01-Aug-2011,10.372 | 37.19 | 17.393 | 18.768 | 21.615,0.001279 | 0 | 3e-05 | 1.5e-05 | 3e-06,5,01-Aug-1969 | 01-Sep-1976 | 01-Nov-1982 | 01-Aug-1989 | 01-Nov-2011,31.081 | 5.651 | 3.951 | 11.223 | 12.109,0 | 0.017441 | 0.046831 | 0.000808 | 0.000502
GS10,1,1,1,5,01-Aug-1960 | 01-Oct-1966 | 01-Dec-1972 | 01-Sep-1979 | 01-May-1986,17.959 | 39.035 | 1.349 | 33.572 | 23.135,2.3e-05 | 0 | 0.2454 | 0 | 2e-06,5,01-Sep-1960 | 01-Nov-1966 | 01-Sep-1976 | 01-Nov-1982 | 01-Jun-1989,16.236 | 57.627 | 8.946 | 1.397 | 15.164,5.6e-05 | 0 | 0.00278 | 0.2372 | 9.9e-05,5,01-Aug-1960 | 01-Oct-1966 | 01-Sep-1976 | 01-Nov-1982 | 01-Jul-1989,19.95 | 61.904 | 8.798 | 1.754 | 13.864,8e-06 | 0 | 0.003016 | 0.18536 | 0.000197,5,01-Sep-1960 | 01-Nov-1966 | 01-Sep-1976 | 01-Nov-1982 | 01-Jun-1989,16.41 | 57.152 | 8.808 | 1.324 | 16.433,5.1e-05 | 0 | 0.003 | 0.24979 | 5e-05,5,01-Aug-1960 | 01-Oct-1966 | 01-Sep-1979 | 01-May-1986 | 01-Sep-2003,19.917 | 66.906 | 30.911 | 22.524 | 13.377,8e-06 | 0 | 0 | 2e-06 | 0.000255,5,01-Sep-1960 | 01-Nov-1966 | 01-Sep-1979 | 01-Mar-1988 | 01-Nov-2011,16.41 | 59.852 | 35.53 | 29.143 | 8.973,5.1e-05 | 0 | 0 | 0 | 0.002739
AAA,1,1,1,5,01-Feb-1963 | 01-Apr-1969 | 01-Oct-1976 | 01-Dec-1982 | 01-Jun-1989,2.236 | 8.986 | 11.47 | 1.776 | 18.607,0.13484 | 0.002721 | 0.000707 | 0.18268 | 1.6e-05,5,01-Mar-1963 | 01-May-1969 | 01-Aug-1976 | 01-Oct-1982 | 01-Dec-1988,0.417 | 16.648 | 10.255 | 1.292 | 16.722,0.51859 | 4.5e-05 | 0.001363 | 0.25573 | 4.3e-05,5,01-May-1966 | 01-Sep-1976 | 01-Nov-1982 | 01-Jan-1989 | 01-Jul-1997,57.721 | 11.537 | 1.653 | 16.772 | 1,0 | 0.000682 | 0.19851 | 4.2e-05 | 0.31734,5,01-Mar-1961 | 01-Jul-1968 | 01-Sep-1976 | 01-Nov-1982 | 01-Jan-1989,0.364 | 31.442 | 10.476 | 1.589 | 14.388,0.5464 | 0 | 0.001209 | 0.20745 | 0.000149,5,01-May-1966 | 01-Jul-1972 | 01-Aug-1979 | 01-Nov-1982 | 01-Jan-1989,47.103 | 2.233 | 78.085 | 30.669 | 33.078,0 | 0.13508 | 0 | 0 | 0,5,01-Feb-1963 | 01-Feb-1966 | 01-Jul-1973 | 01-Sep-1979 | 01-Mar-1986,29.162 | 43.272 | 0.909 | 36.777 | 27.611,0 | 0 | 0.34032 | 0 | 5e-06
BAA,1,1,1,5,01-Aug-1960 | 01-Dec-1966 | 01-Sep-1976 | 01-Sep-1978 | 01-Apr-1986,6.272 | 36.315 | 10.744 | 46.442 | 19.676,0.012268 | 0 | 0.001046 | 0 | 9e-06,5,01-Mar-1961 | 01-Sep-1967 | 01-Sep-1976 | 01-Dec-1978 | 01-Jul-1985,2.111 | 24.932 | 12.218 | 73.098 | 22.754,0.14629 | 1e-06 | 0.000473 | 0 | 2e-06,5,01-Feb-1966 | 01-Mar-1974 | 01-May-1980 | 01-Jul-1986 | 01-Jul-1997,45.397 | 2.49 | 5.475 | 20.286 | 3.384,0 | 0.11461 | 0.019289 | 7e-06 | 0.065815,4,01-Feb-1966 | 01-Apr-1972 | 01-Sep-1979 | 01-Mar-1986,32.756 | 0.608 | 59.207 | 31.684,0 | 0.43565 | 0 | 0,5,01-Sep-1960 | 01-Jan-1966 | 01-Mar-1972 | 01-Sep-1979 | 01-Apr-1986,40.191 | 79 | 0.82 | 36.423 | 21.723,0 | 0 | 0.36521 | 0 | 9.7e-05,5,01-Mar-1961 | 01-Feb-1966 | 01-Apr-1972 | 01-Sep-1979 | 01-Mar-1986,12.847 | 48.889 | 0.608 | 62.282 | 27.625,0.000338 | 0 | 0.43565 | 0 | 5e-06
COMPAPFFx,1,1,1,2,01-Jan-1983 | 01-Jan-1990,12.788 | 11.864,0.000349 | 0.000572,1,01-Mar-1985,15.491,8.3e-05,3,01-Jan-1983 | 01-Jan-1990 | 01-Oct-2001,13.893 | 8.543 | 7.069,0.000194 | 0.003469 | 0.007844,2,01-Mar-1985 | 01-Mar-2001,16.21 | 30.838,5.7e-05 | 0,1,01-Jan-1987,43.874,0,3,01-Apr-1985 | 01-Jul-2009 | 01-Nov-2017,18 | 48.385 | 15.358,2.2e-05 | 0 | 8.9e-05
TB3SMFFM,1,1,1,5,01-Mar-1973 | 01-May-1979 | 01-Dec-1982 | 01-Jan-1991 | 01-Mar-1997,1.32 | 4.2 | 39.798 | 9.474 | 21.006,0.25051 | 0.040413 | 0 | 0.002084 | 5e-06,5,01-Aug-1962 | 01-Jan-1969 | 01-Oct-1978 | 01-Dec-1984 | 01-Mar-1991,13.159 | 10.985 | 4.045 | 15.556 | 0.724,0.000286 | 0.000918 | 0.044305 | 8e-05 | 0.3947,5,01-Mar-1973 | 01-May-1979 | 01-Jul-1985 | 01-Mar-1995 | 01-Oct-2001,1.602 | 0.116 | 7.837 | 27.281 | 37.324,0.20562 | 0.73352 | 0.005119 | 0 | 0,5,01-Aug-1962 | 01-Jan-1969 | 01-Oct-1978 | 01-Dec-1984 | 01-Jul-2001,13.103 | 10.548 | 4.129 | 15.108 | 4.013,0.000295 | 0.001163 | 0.042145 | 0.000102 | 0.045143,2,01-Dec-1982 | 01-Jul-2007,20.399 | 9.957,6e-06 | 0.001602,5,01-Feb-1985 | 01-Apr-1991 | 01-Jul-1998 | 01-Apr-2009 | 01-Oct-2016,15.867 | 11.582 | 3.581 | 42.648 | 24.741,6.8e-05 | 0.000666 | 0.058458 | 0 | 1e-06
TB6SMFFM,1,1,1,4,01-Jun-1973 | 01-Jun-1982 | 01-Jan-1989 | 01-Mar-1995,7.118 | 23.458 | 12.104 | 22.063,0.00763 | 1e-06 | 0.000503 | 3e-06,4,01-Aug-1962 | 01-Oct-1968 | 01-Sep-1979 | 01-Dec-1985,15.849 | 9.167 | 7.008 | 16.716,6.9e-05 | 0.002464 | 0.008115 | 4.3e-05,5,01-May-1973 | 01-Jun-1982 | 01-Dec-1988 | 01-Feb-1995 | 01-Oct-2001,7.771 | 21.641 | 8.521 | 18.981 | 13.211,0.005308 | 3e-06 | 0.003511 | 1.3e-05 | 0.000278,2,01-Mar-1985 | 01-Jul-2001,18.918 | 11.655,1.4e-05 | 0.00064,5,01-Apr-1973 | 01-Jan-1983 | 01-Jun-1985 | 01-Feb-1995 | 01-Jul-2003,9.173 | 23.862 | 12.815 | 20.255 | 12.131,0.002456 | 1e-06 | 0.000344 | 7e-06 | 0.000496,4,01-Sep-1979 | 01-Dec-1985 | 01-Feb-2009 | 01-Oct-2017,7.548 | 15.845 | 97.782 | 19.103,0.006008 | 6.9e-05 | 0 | 1.2e-05
T1YFFM,1,1,1,3,01-Feb-1967 | 01-Apr-1973 | 01-Aug-1981,1.699 | 9.569 | 17.3,0.19248 | 0.001979 | 3.2e-05,4,01-Aug-1962 | 01-Jan-1969 | 01-Sep-1979 | 01-Dec-1985,18.984 | 12.175 | 7.023 | 13.773,1.3e-05 | 0.000484 | 0.008045 | 0.000206,5,01-Feb-1967 | 01-Apr-1973 | 01-Aug-1981 | 01-Jan-1989 | 01-Mar-1995,1.697 | 9.57 | 18.517 | 1.098 | 4.17,0.19266 | 0.001977 | 1.7e-05 | 0.2946 | 0.04114,5,01-Aug-1962 | 01-Oct-1968 | 01-Jan-1979 | 01-Mar-1985 | 01-Mar-2001,17.179 | 13.655 | 7.649 | 14.173 | 11.465,3.4e-05 | 0.00022 | 0.005682 | 0.000167 | 0.000709,5,01-Feb-1967 | 01-Apr-1973 | 01-Aug-1981 | 01-Aug-2009 | 01-Oct-2017,1.904 | 9.291 | 17.468 | 74.777 | 15.84,0.16766 | 0.002302 | 2.9e-05 | 0 | 6.9e-05,5,01-Mar-1985 | 01-Mar-2002 | 01-Feb-2009 | 01-Oct-2011 | 01-Dec-2017,13.345 | 2.837 | 21.559 | 0.01 | 20.725,0.000259 | 0.092115 | 3e-06 | 0.92224 | 5e-06
T5YFFM,1,1,1,2,01-Apr-1973 | 01-Aug-1981,24.596 | 14.229,1e-06 | 0.000162,4,01-Sep-1962 | 01-Jan-1969 | 01-Sep-1979 | 01-Dec-1985,20.21 | 21.248 | 7.8 | 12.383,7e-06 | 4e-06 | 0.005226 | 0.000433,3,01-Apr-1973 | 01-Aug-1981 | 01-Jan-1995,23.941 | 11.242 | 3.675,1e-06 | 0.0008 | 0.055243,5,01-Sep-1962 | 01-Jan-1969 | 01-Sep-1979 | 01-Dec-1985 | 01-May-2001,20.21 | 21.248 | 7.872 | 12.231 | 1.608,7e-06 | 4e-06 | 0.005021 | 0.00047 | 0.20471,5,01-Apr-1973 | 01-Aug-1981 | 01-Jan-1995 | 01-Jul-2011 | 01-Feb-2019,23.472 | 11.331 | 2.425 | 18.083 | 13.938,1e-06 | 0.000762 | 0.11945 | 2.1e-05 | 0.000189,5,01-Sep-1962 | 01-Jan-1969 | 01-Sep-1979 | 01-Dec-1985 | 01-Aug-2011,20.21 | 21.248 | 7.801 | 11.177 | 13.715,7e-06 | 4e-06 | 0.005221 | 0.000828 | 0.000213
T10YFFM,1,1,1,2,01-Apr-1973 | 01-Aug-1981,24.651 | 13.058,1e-06 | 0.000302,5,01-Sep-1962 | 01-Mar-1969 | 01-Feb-1979 | 01-Mar-1985 | 01-Apr-1992,14.092 | 22.278 | 8.033 | 13.913 | 0.716,0.000174 | 2e-06 | 0.004593 | 0.000191 | 0.39752,2,01-Aug-1960 | 01-Apr-1968,12.484 | 35.062,0.000411 | 0,5,01-Mar-1969 | 01-Sep-1979 | 01-Dec-1985 | 01-Jan-1995 | 01-Oct-2001,10.433 | 6.869 | 12.86 | 1.378 | 3.968,0.001238 | 0.008769 | 0.000336 | 0.24036 | 0.046384,5,01-Apr-1973 | 01-Aug-1981 | 01-Oct-2001 | 01-Dec-2015 | 01-Nov-2022,20.603 | 12.995 | 6.797 | 54.404 | 27.103,6e-06 | 0.000312 | 0.009131 | 0 | 0,5,01-Sep-1962 | 01-Mar-1969 | 01-Sep-1979 | 01-Dec-1985 | 01-Aug-2011,14.092 | 23.264 | 6.842 | 11.391 | 12.996,0.000174 | 1e-06 | 0.008905 | 0.000738 | 0.000312
AAAFFM,1,1,1,2,01-Apr-1973 | 01-Aug-1981,19.296 | 11.348,1.1e-05 | 0.000755,2,01-Sep-1979 | 01-Nov-1985,9.377 | 13.441,0.002197 | 0.000246,2,01-Apr-1973 | 01-Sep-1981,16.128 | 9.645,5.9e-05 | 0.001899,2,01-Jul-1979 | 01-Sep-1985,11.518 | 15.958,0.000689 | 6.5e-05,5,01-Dec-1994 | 01-May-2001 | 01-Sep-2008 | 01-Mar-2016 | 01-Oct-2022,48.505 | 42.073 | 4.455 | 96.898 | 17.449,0 | 0 | 0.034807 | 0 | 3e-05,2,01-Jul-1979 | 01-Sep-1985,11.211 | 15.148,0.000813 | 0.00234
BAAFFM,1,1,1,3,01-Apr-1965 | 01-Apr-1973 | 01-Aug-1981,12.802 | 9.073 | 12.445,0.000346 | 0.002594 | 0.000419,5,01-Mar-1969 | 01-Nov-1975 | 01-Jun-1979 | 01-Aug-1985 | 01-Nov-1992,13.285 | 15.394 | 16.395 | 14.763 | 1.221,0.000268 | 8.7e-05 | 5.1e-05 | 0.000122 | 0.26926,3,01-Apr-1965 | 01-Apr-1973 | 01-Aug-1981,9.667 | 7.821 | 11.515,0.001876 | 0.005164 | 0.00069,2,01-Sep-1979 | 01-Nov-1985,9.504 | 12.851,0.002051 | 0.000337,5,01-Sep-1981 | 01-Aug-2001 | 01-Aug-2008 | 01-Mar-2016 | 01-Nov-2022,13.66 | 9.189 | 4.266 | 65.842 | 37.949,0.000219 | 0.002434 | 0.038882 | 0 | 0,3,01-Sep-1979 | 01-Dec-1985 | 01-Mar-2009,9.305 | 11.754 | 3.443,0.002286 | 0.000607 | 0.063526
TWEXAFEGSMTHx,0,0,0,NaN,,,,NaN,,,,NaN,,,,NaN,,,,NaN,,,,NaN,,,
EXSZUSx,1,1,1,1,01-Jan-1973,315.275,0,2,01-Oct-1966 | 01-Jan-1973,12.165 | 241.246,0.000487 | 0,2,01-Jan-1973 | 01-Sep-2001,348.028 | 16.687,0 | 4.4e-05,3,01-Oct-1966 | 01-Jan-1973 | 01-Mar-1995,12.212 | 208.696 | 10.099,0.000475 | 0 | 0.001483,2,01-Jan-1973 | 01-Dec-2011,405.504 | 61.518,0 | 0,3,01-May-1967 | 01-Jul-1973 | 01-Sep-2011,5.652 | 479.4 | 50.478,0.017434 | 0 | 0
EXJPUSx,1,1,1,2,01-Jul-1971 | 01-Sep-1977,24.256 | 18.42,1e-06 | 1.8e-05,2,01-Aug-1971 | 01-Feb-1978,31.047 | 20.741,0 | 5e-06,3,01-Jul-1971 | 01-Sep-1977 | 01-Mar-2000,26.101 | 18.631 | 16.009,0 | 1.6e-05 | 6.3e-05,3,01-Aug-1971 | 01-Feb-1978 | 01-Jul-2000,31.294 | 21.656 | 10.496,0 | 3e-06 | 0.001196,1,01-Jan-1973,243.89,0,1,01-Jan-1973,337.355,0
EXUSUKx,1,1,1,4,01-Apr-1966 | 01-Jun-1972 | 01-Jun-1984 | 01-Apr-1993,3.774 | 36.149 | 11.725 | 41.643,0.052066 | 0 | 0.000617 | 0,3,01-May-1972 | 01-Jun-1984 | 01-Apr-1993,109.238 | 13.489 | 29.802,0 | 0.00024 | 0,5,01-Mar-1966 | 01-May-1972 | 01-Jun-1984 | 01-Apr-1993 | 01-Jul-1999,3.258 | 38.518 | 11.466 | 42.795 | 7.375,0.071062 | 0 | 0.000709 | 0 | 0.006613,5,01-Jan-1962 | 01-Jul-1971 | 01-Sep-1977 | 01-Jun-1984 | 01-Apr-1993,0.337 | 41.042 | 3.92 | 7.576 | 20.823,0.56171 | 0 | 0.047725 | 0.005914 | 5e-06,4,01-May-1972 | 01-Jun-1984 | 01-Apr-1993 | 01-May-2002,93.946 | 11.672 | 40.872 | 10.262,0 | 0.000635 | 0 | 0.001358,3,01-May-1972 | 01-Jun-1984 | 01-Jun-1993,80.824 | 14.69 | 20.711,0 | 0.000127 | 5e-06
EXCAUSx,1,1,1,1,01-Mar-1975,75.516,0,1,01-Mar-1975,84.45,0,4,01-Aug-1962 | 01-May-1970 | 01-Jul-1976 | 01-Oct-2001,21.724 | 39.063 | 24.354 | 14.147,3e-06 | 0 | 1e-06 | 0.000169,2,01-Mar-1975 | 01-Sep-2000,85.983 | 16.673,0 | 4.4e-05,5,01-Jan-1969 | 01-Mar-1975 | 01-Aug-1992 | 01-Jan-2003 | 01-May-2010,2.621 | 26.309 | 2.859 | 22.81 | 9.206,0.10543 | 0 | 0.090836 | 2e-06 | 0.002413,4,01-Mar-1975 | 01-Sep-1996 | 01-Apr-2003 | 01-May-2010,70.383 | 4.373 | 19.498 | 9.367,0 | 0.036522 | 1e-05 | 0.00221
WPSFD49207,1,1,1,1,01-Apr-1975,5.863,0.015462,1,01-Feb-1992,10.888,0.000968,2,01-Apr-1975 | 01-Jan-2000,5.91 | 30.738,0.015053 | 0,2,01-Jul-1991 | 01-May-2001,11.704 | 25.126,0.000624 | 1e-06,2,01-Apr-1975 | 01-Jan-2000,5.913 | 49.288,0.015026 | 0,1,01-Sep-2004,31.618,0
WPSFD49502,1,1,1,1,01-Apr-1975,6.705,0.009612,1,01-Feb-1992,9.868,0.001682,2,01-Apr-1975 | 01-Jan-2000,6.713 | 29.963,0.009574 | 0,2,01-Nov-1991 | 01-May-2001,10.67 | 25.011,0.001089 | 1e-06,2,01-Apr-1975 | 01-Jan-2000,6.721 | 54.354,0.009526 | 0,3,01-Feb-1992 | 01-Sep-1998 | 01-Apr-2005,13.859 | 20.941 | 13.317,0.000197 | 5e-06 | 0.000263
WPSID61,1,1,1,2,01-Nov-1972 | 01-Jan-1979,6.016 | 5.097,0.014178 | 0.023966,4,01-Jan-1962 | 01-Apr-1963 | 01-Aug-1971 | 01-Nov-1977,30.864 | 17.436 | 10.495 | 6.209,0 | 0.000779 | 0.001197 | 0.012711,3,01-Nov-1972 | 01-Jan-1979 | 01-May-2000,6.014 | 5.095 | 18.431,0.014191 | 0.023994 | 1.8e-05,4,01-Aug-1972 | 01-Oct-1978 | 01-Aug-1991 | 01-Jun-2001,9.318 | 4.059 | 6.841 | 19.211,0.00227 | 0.043934 | 0.008911 | 1.2e-05,2,01-Nov-1975 | 01-Dec-2002,2.676 | 44.275,0.10185 | 0,3,01-Aug-1972 | 01-Oct-1978 | 01-Dec-2002,8.853 | 4.744 | 40.265,0.002926 | 0.029401 | 0
WPSID62,1,1,1,2,01-Mar-1973 | 01-Apr-1990,4.347 | 5.071,0.037077 | 0.024326,5,01-Feb-1966 | 01-Oct-1971 | 01-Oct-1972 | 01-Oct-1978 | 01-May-1990,2.424 | 12.416 | 11.934 | 11.229 | 18.371,0.11948 | 0.000426 | 0.010778 | 0.000806 | 1.8e-05,2,01-Apr-1990 | 01-Sep-1999,10.493 | 11.985,0.001198 | 0.000536,2,01-Oct-1972 | 01-Nov-1996,11.339 | 25.663,0.000759 | 0,2,01-Mar-1973 | 01-Feb-1996,8.695 | 21.905,0.003192 | 3e-06,3,01-Apr-1970 | 01-Jul-1976 | 01-Oct-1996,12.139 | 4.636 | 47.106,0.000494 | 0.031304 | 0
OILPRICEx,1,1,1,1,01-Jul-1973,69.43,0,2,01-Feb-1969 | 01-Nov-1985,33.712 | 26.498,0 | 0,2,01-Jul-1973 | 01-Nov-1985,11.951 | 10.295,0.000546 | 0.001334,2,01-Feb-1969 | 01-Nov-1985,36.319 | 47.376,0 | 0,2,01-Jul-1973 | 01-Nov-1985,11.958 | 11.315,0.000544 | 0.000769,3,01-Feb-1969 | 01-Jan-1979 | 01-Nov-1985,14.816 | 3.128 | 50.111,0.000119 | 0.076972 | 0
PPICMM,1,1,1,1,01-Sep-1967,55.154,0,1,01-Sep-1967,52.007,0,3,01-Sep-1967 | 01-Feb-1987 | 01-Mar-1999,25.351 | 4.14 | 4.78,0 | 0.041888 | 0.028788,3,01-Sep-1967 | 01-Dec-1980 | 01-Apr-1987,24.153 | 5.406 | 30.179,1e-06 | 0.020073 | 0,2,01-Sep-1967 | 01-Mar-1999,53.225 | 23.057,0 | 2e-06,3,01-Sep-1967 | 01-Dec-1980 | 01-Apr-1987,28.427 | 7.413 | 15.93,0 | 0.006475 | 0.001609
CPIAUCSL,1,1,1,1,01-Nov-1990,9.315,0.002273,2,01-Dec-1972 | 01-Apr-1983,16.129 | 14.076,5.9e-05 | 0.000176,2,01-Apr-1992 | 01-Mar-1999,21.845 | 27.56,3e-06 | 0,0,,,,0,,,,0,,,
CPIAPPSL,1,1,1,2,01-Jan-1984 | 01-Apr-1990,10.8 | 0.608,0.001015 | 0.43557,2,01-Jan-1974 | 01-Jun-1986,11.959 | 21.651,0.000544 | 3e-06,1,01-Nov-1987,47.024,0,2,01-Jul-1972 | 01-Jan-1986,8.559 | 20.409,0.003437 | 6e-06,1,01-Nov-1987,70.446,0,2,01-Apr-1986 | 01-Jan-2018,60.737 | 5.008,0 | 0.025226
CPITRNSL,1,1,1,0,,,,0,,,,1,01-Feb-2000,29.169,0,4,01-Oct-1985 | 01-Dec-1991 | 01-Feb-1993 | 01-Feb-2000,6.01 | 33.632 | 16.159 | 34.46,0.014225 | 0 | 0.001441 | 0,1,01-Feb-2000,47.435,0,3,01-Mar-1980 | 01-Jun-1991 | 01-May-2000,4.955 | 6.705 | 61.486,0.026019 | 0.009615 | 0
CPIMEDSL,1,1,1,4,01-Apr-1978 | 01-Jun-1984 | 01-Dec-1985 | 01-Sep-1993,21.493 | 20.988 | 9.654 | 9.802,4e-06 | 5e-06 | 0.001889 | 0.001743,2,01-Apr-1983 | 01-Aug-1993,62.723 | 15.198,0 | 9.7e-05,3,01-Apr-1978 | 01-Jun-1984 | 01-Jun-2001,21.486 | 16.192 | 12.205,4e-06 | 5.7e-05 | 0.000477,3,01-Apr-1983 | 01-Aug-1993 | 01-Jun-2001,68.254 | 13.584 | 18.136,0 | 0.000228 | 2.1e-05,2,01-Apr-1978 | 01-Feb-2013,75.236 | 26.362,0 | 0,5,01-Jun-1978 | 01-Aug-1984 | 01-Nov-1993 | 01-Sep-2001 | 01-Jan-2015,7.787 | 15.049 | 13.558 | 27.863 | 20.2,0.005264 | 0.000105 | 0.000231 | 0 | 7e-06
CUSR0000SAC,1,1,1,0,,,,0,,,,1,01-Mar-1999,25.35,0,3,01-Dec-1972 | 01-Jul-1991 | 01-Mar-1999,20.843 | 20.541 | 38.088,5e-06 | 6e-06 | 0,1,01-Mar-1999,33.446,0,3,01-Mar-1973 | 01-Oct-1991 | 01-Jun-1999,17.204 | 14.813 | 55.868,3.4e-05 | 0.000119 | 0
CUSR0000SAD,1,1,1,1,01-May-1987,22.755,2e-06,2,01-Mar-1988 | 01-Dec-1996,45.976 | 3.742,0 | 0.05305,1,01-May-1985,18.779,1.5e-05,1,01-Feb-1988,35.042,0,0,,,,0,,,
CUSR0000SAS,1,1,1,2,01-May-1983 | 01-Apr-1993,43.37 | 6.967,0 | 0.008303,2,01-Apr-1983 | 01-Apr-1993,26.885 | 6.586,0 | 0.010277,1,01-May-1983,54.504,0,1,01-Dec-1983,35.851,0,5,01-Apr-1970 | 01-Feb-1980 | 01-Jul-1986 | 01-Feb-2006 | 01-Aug-2019,14.781 | 2.901 | 10.068 | 16.198 | 20.992,0.000121 | 0.088499 | 0.001508 | 5.7e-05 | 5e-06,1,01-Mar-1984,37.506,0
CPIULFSL,1,1,1,1,01-Nov-1990,16.053,6.2e-05,1,01-Mar-1991,15.953,6.5e-05,2,01-Nov-1990 | 01-Mar-1999,29.891 | 32.73,0 | 0,3,01-Feb-1979 | 01-Mar-1991 | 01-Mar-1999,8.965 | 38.767 | 36.554,0.002752 | 0 | 0,5,01-Nov-1990 | 01-Mar-2000 | 01-Aug-2009 | 01-Jan-2017 | 01-Aug-2023,16.7 | 29.645 | 15.549 | 3.566 | 10.885,4.4e-05 | 0 | 8e-05 | 0.058988 | 0.00097,1,01-Jun-1999,9.4,0.00217
CUSR0000SA0L2,1,1,1,0,,,,2,01-Dec-1972 | 01-Jan-1987,7.77 | 14.48,0.005312 | 0.000142,3,01-Jul-1969 | 01-Sep-1975 | 01-Jan-1999,5.395 | 8.457 | 23.726,0.020192 | 0.003636 | 1e-06,3,01-Jun-1972 | 01-Mar-1991 | 01-Mar-1999,4.975 | 39.636 | 41.977,0.025718 | 0 | 0,5,01-Jul-1969 | 01-Sep-1975 | 01-Feb-2003 | 01-Aug-2009 | 01-Oct-2018,5.397 | 6.091 | 18.152 | 13.453 | 0.857,0.02017 | 0.013591 | 2e-05 | 0.000245 | 0.35451,2,01-Jun-1991 | 01-Apr-1999,35.392 | 47.522,0 | 0
CUSR0000SA0L5,1,1,1,1,01-Feb-1991,18.694,1.5e-05,3,01-Dec-1972 | 01-Apr-1983 | 01-Mar-1991,16.769 | 8.718 | 7.205,4.2e-05 | 0.00315 | 0.007271,0,,,,0,,,,0,,,,0,,,
PCEPI,1,1,1,3,01-Jun-1972 | 01-Jun-1991 | 01-May-1998,17.997 | 29.311 | 19.244,2.2e-05 | 0 | 1.2e-05,3,01-Aug-1972 | 01-Feb-1984 | 01-May-1991,23.733 | 1.389 | 17.589,1e-06 | 0.23858 | 2.7e-05,1,01-Jun-1972,16.797,4.2e-05,1,01-Aug-1972,23.088,2e-06,1,01-Jun-1972,17.594,2.7e-05,1,01-Feb-1973,30.181,0
DDURRG3M086SBEA,1,1,1,0,,,,0,,,,0,,,,0,,,,2,01-Feb-1968 | 01-Mar-2016,3.868 | 24.744,0.049219 | 1e-06,2,01-Jun-1981 | 01-Jun-2019,6.553 | 11.602,0.010472 | 0.0126
DNDGRG3M086SBEA,1,1,1,1,01-Feb-1973,10.308,0.001325,2,01-Dec-1972 | 01-Nov-1991,19.449 | 12.118,1e-05 | 0.000499,1,01-Jan-1999,33.156,0,3,01-Dec-1972 | 01-Aug-1991 | 01-Mar-1999,29.054 | 15.358 | 37.773,0 | 8.9e-05 | 0,4,01-Jan-1986 | 01-Mar-1992 | 01-Jan-1999 | 01-Aug-2009,11.448 | 15.407 | 37.301 | 10.355,0.000716 | 8.7e-05 | 0 | 0.001291,3,01-Jan-1973 | 01-Sep-1991 | 01-Apr-1999,18.429 | 13.618 | 40.814,1.8e-05 | 0.000224 | 0
DSERRG3M086SBEA,1,1,1,5,01-Jul-1965 | 01-Jul-1972 | 01-Sep-1978 | 01-Jul-1986 | 01-Jun-1993,2.312 | 13.91 | 29.417 | 20.264 | 3.471,0.12842 | 0.000192 | 0 | 7e-06 | 0.062449,5,01-Aug-1972 | 01-Sep-1978 | 01-Dec-1986 | 01-Feb-1990 | 01-Apr-1994,23.728 | 24.884 | 86.312 | 17.663 | 12.602,1e-06 | 1e-06 | 0 | 2.6e-05 | 0.000385,3,01-Jul-1972 | 01-Sep-1978 | 01-Sep-1986,11.559 | 29.566 | 27.562,0.000674 | 0 | 0,3,01-Jul-1972 | 01-Sep-1978 | 01-Dec-1986,20.725 | 24.718 | 41.668,5e-06 | 1e-06 | 0,4,01-Jul-1965 | 01-Jul-1972 | 01-Sep-1978 | 01-Sep-1986,2.315 | 13.919 | 29.576 | 47.997,0.12815 | 0.000191 | 0 | 0,3,01-Aug-1972 | 01-Oct-1978 | 01-Jan-1987,20.725 | 24.718 | 55.742,5e-06 | 1e-06 | 0
CES0600000008,1,1,1,1,01-Jun-1982,16.052,6.2e-05,1,01-May-1983,21.392,4e-06,2,01-Jun-1982 | 01-Nov-1998,14.431 | 8.283,0.000145 | 0.004001,3,01-May-1983 | 01-Nov-1999 | 01-Mar-2006,22.274 | 7.684 | 8.505,2e-06 | 0.005573 | 0.003541,1,01-Jun-1982,30.911,0,1,01-May-1983,38.003,0
CES2000000008,1,1,1,1,01-Aug-1965,9.392,0.002179,1,01-Apr-1988,35.536,0,2,01-Aug-1965 | 01-May-1988,6.518 | 20.419,0.010676 | 6e-06,2,01-Jun-1966 | 01-Apr-1988,4.807 | 36.663,0.028344 | 0,1,01-Aug-1965,27.95,5e-06,1,01-Apr-1988,48.632,0
CES3000000008,1,1,1,1,01-Mar-1982,20.574,6e-06,1,01-Mar-1983,23.728,1e-06,1,01-Mar-1982,27,0,1,01-Mar-1983,34.019,0,1,01-Mar-1982,27.045,0,1,01-Apr-1982,34.531,0
UMCSENTx,0,0,0,NaN,,,,NaN,,,,NaN,,,,NaN,,,,NaN,,,,NaN,,,
DTCOLNVHFNM,1,1,1,2,01-Aug-1966 | 01-Sep-1976,6.111 | 25.246,0.013432 | 1e-06,1,01-Sep-1976,41.594,0,2,01-Aug-1966 | 01-Sep-1976,6.16 | 37.634,0.013071 | 0,1,01-Sep-1976,74.234,0,4,01-Aug-1966 | 01-Sep-1976 | 01-Dec-1988 | 01-Jan-2011,6.162 | 5.472 | 2.575 | 17.773,0.013055 | 0.019319 | 0.10855 | 2.5e-05,3,01-Jul-1970 | 01-Oct-1976 | 01-May-2011,2.023 | 41.267 | 16.65,0.15492 | 0 | 4.5e-05
DTCTHFNM,1,1,1,2,01-Nov-1966 | 01-Dec-1974,2.044 | 11.462,0.1528 | 0.00071,3,01-Dec-1967 | 01-May-1975 | 01-Feb-1987,4.544 | 19.152 | 11.441,0.033032 | 1.2e-05 | 0.000719,2,01-Nov-1966 | 01-Dec-1974,2.044 | 11.606,0.15278 | 0.000657,3,01-Aug-1962 | 01-Dec-1963 | 01-Aug-1974,21.119 | 10.919 | 29.818,4e-06 | 0.017354 | 0,1,01-Dec-1974,8.809,0.002997,3,01-Nov-1967 | 01-Jan-1974 | 01-Oct-2010,2.813 | 9.212 | 1.136,0.093489 | 0.03833 | 0.2865
INVEST,1,1,1,2,01-Oct-1978 | 01-Oct-1993,64.583 | 11.146,0 | 0.000842,1,01-Jan-1977,21.957,3e-06,2,01-Oct-1978 | 01-Jan-1994,65.619 | 22.932,0 | 2e-06,3,01-Jan-1977 | 01-Feb-1997 | 01-Apr-2006,24.715 | 14.454 | 13.067,1e-06 | 0.000144 | 0.000301,3,01-Oct-1978 | 01-Jan-1994 | 01-Jul-2009,65.616 | 22.924 | 15.408,0 | 2e-06 | 8.7e-05,1,01-Mar-1973,10.591,0.001137
VIXCLSx,1,1,1,0,,,,0,,,,2,01-Mar-1975 | 01-Jul-1998,6.734 | 14.719,0.009461 | 0.000125,0,,,,2,01-Mar-1975 | 01-Sep-1987,27.178 | 29.152,0 | 0,0,,,
