series_name,fred_group,include_hist,include_2007,include_full,uv_nb_hist,uv_break_dates_hist,cv_nb_hist,cv_break_dates_hist,uv_nb_2007,uv_break_dates_2007,cv_nb_2007,cv_break_dates_2007,uv_nb_full,uv_break_dates_full,cv_nb_full,cv_break_dates_full
RPI,Output and Income,1,1,1,0,,0,,0,,0,,0,,5,01-Apr-1970 | 01-Feb-1995 | 01-Nov-2004 | 01-Jul-2016 | 01-Sep-2022
W875RX1,Output and Income,1,1,1,0,,0,,0,,2,01-Nov-1965 | 01-Jun-1972,0,,2,01-Dec-1965 | 01-Jul-1972
DPCERA3M086SBEA,Orders and Inventories,1,1,1,1,01-Feb-1987,1,01-Feb-1987,1,01-Feb-1987,1,01-Feb-1987,0,,0,
CMRMTSPLx,Orders and Inventories,1,1,1,2,01-Aug-1966 | 01-Sep-1992,1,01-Oct-1980,2,01-Aug-1966 | 01-Sep-1992,1,01-Oct-1980,2,01-Aug-1966 | 01-Sep-2019,1,01-Dec-1980
RETAILx,Orders and Inventories,1,1,1,1,01-Feb-1987,1,01-Nov-1987,1,01-Feb-1987,1,01-Nov-1987,0,,0,
INDPRO,Output and Income,1,1,1,1,01-Jan-1984,1,01-Jan-1984,1,01-Jan-1984,1,01-Jan-1984,1,01-Jan-1984,0,
IPFPNSS,Output and Income,1,1,1,3,01-Feb-1983 | 01-Apr-1989 | 01-Mar-1992,1,01-Jan-1984,4,01-Feb-1983 | 01-Apr-1989 | 01-Jun-1995 | 01-Oct-2001,2,01-Jan-1984 | 01-Jan-2000,0,,0,
IPFINAL,Output and Income,1,1,1,2,01-Feb-1983 | 01-Apr-1989,2,01-Feb-1983 | 01-Apr-1989,3,01-Feb-1983 | 01-Apr-1989 | 01-Jan-2000,4,01-Feb-1983 | 01-Apr-1989 | 01-Nov-1998 | 01-Apr-2006,0,,0,
IPCONGD,Output and Income,1,1,1,1,01-Sep-1975,0,,2,01-Sep-1975 | 01-Oct-2000,1,01-Sep-1975,0,,0,
IPDCONGD,Output and Income,1,1,1,0,,0,,1,01-Apr-1965,1,01-Feb-1982,0,,0,
IPNCONGD,Output and Income,1,1,1,0,,0,,0,,0,,0,,0,
IPBUSEQ,Output and Income,1,1,1,1,01-Oct-1982,1,01-Dec-1982,1,01-Oct-1982,1,01-Dec-1982,0,,0,
IPMAT,Output and Income,1,1,1,1,01-Apr-1965,1,01-Mar-1983,1,01-Jan-1984,1,01-Mar-1983,1,01-Apr-1965,2,01-Mar-1983 | 01-Sep-2019
IPDMAT,Output and Income,1,1,1,1,01-Apr-1965,1,01-Jan-1983,2,01-Apr-1965 | 01-Feb-1984,1,01-Jan-1983,1,01-Apr-1965,1,01-Jan-1983
IPNMAT,Output and Income,1,1,1,2,01-Jan-1984 | 01-Jun-1993,3,01-Jun-1965 | 01-Jan-1983 | 01-Jun-1993,1,01-Jan-1984,1,01-Jan-1983,0,,0,
IPMANSICS,Output and Income,1,1,1,1,01-Oct-1983,1,01-Jan-1984,1,01-Feb-1984,1,01-Jan-1984,0,,0,
IPB51222S,Output and Income,1,1,1,1,01-Aug-1973,2,01-Dec-1966 | 01-Nov-1973,1,01-Aug-1973,2,01-Dec-1966 | 01-Nov-1973,2,01-Aug-1973 | 01-Oct-2015,2,01-Nov-1973 | 01-Sep-2009
IPFUELS,Output and Income,1,1,1,1,01-Dec-1992,2,01-Feb-1974 | 01-Sep-1986,0,,0,,0,,0,
CUMFNS,Output and Income,1,1,1,1,01-Feb-1984,1,01-Apr-1982,1,01-Feb-1984,1,01-Apr-1982,1,01-Feb-1984,0,
HWI,Labor Market,1,1,1,2,01-May-1969 | 01-Sep-1993,2,01-Sep-1968 | 01-Dec-1993,2,01-May-1969 | 01-Oct-1995,2,01-Aug-1977 | 01-Apr-1995,3,01-May-1969 | 01-Oct-1995 | 01-Oct-2019,3,01-Jan-1979 | 01-May-1997 | 01-Nov-2019
HWIURATIO,Labor Market,1,1,1,2,01-Jan-1975 | 01-Oct-1993,3,01-Jul-1967 | 01-Feb-1975 | 01-Oct-1993,0,,0,,2,01-Jan-2014 | 01-Mar-2020,5,01-May-1975 | 01-Oct-2007 | 01-May-2014 | 01-Sep-2015 | 01-Jun-2020
CLF16OV,Labor Market,1,1,1,3,01-Aug-1968 | 01-Oct-1983 | 01-Sep-1993,3,01-Sep-1965 | 01-Oct-1983 | 01-Sep-1993,2,01-Aug-1968 | 01-Oct-1983,2,01-Sep-1965 | 01-Oct-1983,1,01-Jul-1975,2,01-Aug-1983 | 01-Nov-2019
CE16OV,Labor Market,1,1,1,2,01-Oct-1965 | 01-Feb-1992,2,01-Jul-1965 | 01-Mar-1992,2,01-Oct-1965 | 01-Aug-1984,2,01-Oct-1965 | 01-Feb-1986,0,,0,
UNRATE,Labor Market,1,1,1,1,01-Jul-1984,1,01-Dec-1986,1,01-Jul-1984,1,01-Feb-1986,0,,0,
UEMPMEAN,Labor Market,1,1,1,0,,1,01-Aug-1965,0,,2,01-Jun-1966 | 01-Nov-1974,3,01-Jul-2008 | 01-Jan-2018 | 01-May-2024,3,01-Sep-2008 | 01-Mar-2018 | 01-Jul-2024
UEMPLT5,Labor Market,1,1,1,3,01-May-1965 | 01-Feb-1985 | 01-Sep-1993,2,01-Nov-1983 | 01-Aug-1993,0,,3,01-Apr-1970 | 01-Sep-1984 | 01-Jul-1993,0,,0,
UEMP5TO14,Labor Market,1,1,1,1,01-Jan-1975,1,01-Dec-1980,1,01-Jan-1975,1,01-Jul-1975,0,,0,
UEMP15OV,Labor Market,1,1,1,1,01-Jun-1976,1,01-Mar-1971,1,01-Jun-1976,1,01-Feb-1971,0,,1,01-Nov-2019
UEMP15T26,Labor Market,1,1,1,1,01-Feb-1971,1,01-Jul-1976,1,01-Feb-1971,1,01-Dec-1970,1,01-Sep-2019,0,
UEMP27OV,Labor Market,1,1,1,1,01-Jul-1976,1,01-Apr-1980,1,01-Jul-1976,1,01-Jun-1976,1,01-Jul-1976,4,01-Jun-1980 | 01-Dec-1997 | 01-Jun-2009 | 01-Oct-2019
CLAIMSx,Labor Market,1,1,1,2,01-Sep-1983 | 01-Dec-1992,2,01-Jan-1984 | 01-Dec-1992,1,01-Apr-1984,1,01-Sep-1983,0,,0,
PAYEMS,Labor Market,1,1,1,4,01-Oct-1974 | 01-Feb-1984 | 01-May-1990 | 01-Sep-1992,1,01-Sep-1983,1,01-Jul-1984,1,01-Sep-1983,0,,0,
USGOOD,Labor Market,1,1,1,3,01-Nov-1983 | 01-Jan-1990 | 01-Feb-1992,1,01-Jul-1983,2,01-Jun-1984 | 01-Jan-2001,1,01-Oct-1983,1,01-Jun-1984,1,01-Jul-1983
CES1021000001,Labor Market,1,1,1,3,01-Jul-1976 | 01-Feb-1983 | 01-Aug-1989,1,01-Sep-1986,2,01-Sep-1986 | 01-Sep-2001,3,01-Sep-1986 | 01-Mar-1994 | 01-Jul-2001,0,,2,01-Nov-1974 | 01-Oct-1981
USCONS,Labor Market,1,1,1,3,01-Aug-1983 | 01-Oct-1989 | 01-Feb-1992,2,01-Jun-1968 | 01-Mar-1984,3,01-Sep-1983 | 01-Nov-1989 | 01-Feb-1996,1,01-Mar-1984,1,01-Jun-1984,1,01-Mar-1984
MANEMP,Labor Market,1,1,1,1,01-Apr-1984,1,01-Sep-1983,1,01-Apr-1984,2,01-May-1983 | 01-Oct-1989,1,01-Apr-1984,1,01-May-1983
DMANEMP,Labor Market,1,1,1,3,01-Nov-1982 | 01-Aug-1989 | 01-Jan-1992,1,01-Nov-1983,3,01-Jul-1984 | 01-Jun-1997 | 01-Aug-2003,3,01-May-1983 | 01-Dec-1989 | 01-Jun-2001,1,01-Apr-1984,1,01-Sep-1983
NDMANEMP,Labor Market,1,1,1,2,01-Jul-1974 | 01-Nov-1982,2,01-Sep-1974 | 01-Aug-1982,4,01-Jul-1974 | 01-Apr-1984 | 01-Dec-1997 | 01-Feb-2004,2,01-Sep-1974 | 01-Aug-1982,0,,0,
SRVPRD,Labor Market,1,1,1,1,01-Mar-1992,2,01-Oct-1983 | 01-Jul-1991,1,01-Nov-1984,2,01-Sep-1983 | 01-Jun-1991,0,,0,
USTPU,Labor Market,1,1,1,1,01-Sep-1992,1,01-Jul-1965,4,01-Nov-1984 | 01-Oct-1994 | 01-Dec-2000 | 01-Mar-2004,1,01-Sep-1965,0,,0,
USWTRADE,Labor Market,1,1,1,1,01-Mar-1993,1,01-Feb-1991,0,,1,01-Sep-1980,0,,0,
USTRADE,Labor Market,1,1,1,1,01-Sep-1992,1,01-Jan-1968,4,01-Apr-1965 | 01-Sep-1992 | 01-Nov-1999 | 01-Jul-2003,1,01-Jan-1968,0,,0,
USFIRE,Labor Market,1,1,1,1,01-Jun-1966,2,01-Jan-1966 | 01-Apr-1980,1,01-May-1966,0,,0,,0,
USGOVT,Labor Market,1,1,1,2,01-Jan-1967 | 01-Jul-1982,1,01-Nov-1990,1,01-Jul-1982,1,01-Nov-1990,0,,0,
CES0600000007,Labor Market,1,1,1,4,01-Mar-1974 | 01-Oct-1980 | 01-Feb-1987 | 01-Jul-1993,1,01-Mar-1984,5,01-Mar-1974 | 01-May-1983 | 01-Mar-1993 | 01-Mar-2000 | 01-May-2006,2,01-Feb-1984 | 01-Dec-1992,5,01-Jul-1983 | 01-Jul-1993 | 01-Nov-2011 | 01-Apr-2020 | 01-May-2022,0,
AWOTMAN,Labor Market,1,1,1,0,,0,,1,01-May-1996,1,01-May-1996,0,,0,
AWHMAN,Labor Market,1,1,1,5,01-Oct-1974 | 01-Jun-1983 | 01-Nov-1986 | 01-May-1989 | 01-Aug-1993,1,01-Mar-1984,5,01-Aug-1974 | 01-May-1983 | 01-Aug-1993 | 01-Dec-1999 | 01-Feb-2006,0,,0,,0,
HOUST,Housing / Construction,1,1,1,4,01-Feb-1964 | 01-Nov-1970 | 01-Oct-1982 | 01-Aug-1993,1,01-Feb-1991,3,01-Nov-1970 | 01-Aug-1993 | 01-Oct-2001,3,01-Feb-1991 | 01-Mar-2000 | 01-Dec-2001,5,01-Oct-1970 | 01-Nov-2004 | 01-Aug-2012 | 01-Nov-2015 | 01-Sep-2022,0,
HOUSTNE,Housing / Construction,1,1,1,0,,0,,1,01-Oct-1997,2,01-Mar-1984 | 01-Jun-1991,5,01-Jan-1966 | 01-Feb-1974 | 01-Jan-1996 | 01-Apr-2007 | 01-Jun-2013,1,01-Apr-2008
HOUSTMW,Housing / Construction,1,1,1,5,01-Nov-1970 | 01-Jan-1977 | 01-Dec-1983 | 01-Dec-1991 | 01-Sep-1998,1,01-Feb-1991,5,01-Nov-1970 | 01-Jan-1977 | 01-Dec-1983 | 01-Dec-1991 | 01-Oct-2001,1,01-Apr-1988,5,01-Dec-1982 | 01-Nov-1997 | 01-Jan-2007 | 01-Mar-2013 | 01-May-2019,3,01-Mar-1991 | 01-Jan-2000 | 01-Jan-2007
HOUSTS,Housing / Construction,1,1,1,2,01-Feb-1992 | 01-Apr-1998,1,01-Mar-1984,0,,1,01-Mar-1984,0,,0,
HOUSTW,Housing / Construction,1,1,1,5,01-May-1965 | 01-Nov-1982 | 01-Sep-1990 | 01-Jul-1993 | 01-Oct-1997,1,01-Jan-1985,5,01-Apr-1965 | 01-Nov-1982 | 01-Sep-1990 | 01-Oct-1993 | 01-Oct-2001,0,,5,01-Oct-1965 | 01-Sep-1987 | 01-Apr-2002 | 01-Jun-2008 | 01-Aug-2014,1,01-May-2008
PERMIT,Housing / Construction,0,0,1,NaN,,NaN,,NaN,,NaN,,5,01-Apr-2000 | 01-Jun-2006 | 01-Aug-2008 | 01-Feb-2013 | 01-Sep-2019,3,01-Apr-1966 | 01-Apr-1991 | 01-Apr-2007
PERMITNE,Housing / Construction,0,0,1,NaN,,NaN,,NaN,,NaN,,5,01-Oct-1992 | 01-Mar-2007 | 01-May-2013 | 01-Jan-2016 | 01-Sep-2018,2,01-Feb-1985 | 01-Feb-2008
PERMITMW,Housing / Construction,0,0,1,NaN,,NaN,,NaN,,NaN,,5,01-May-1967 | 01-Jun-2006 | 01-Aug-2012 | 01-Dec-2015 | 01-Apr-2020,2,01-Jun-1990 | 01-Sep-2006
PERMITS,Housing / Construction,0,0,1,NaN,,NaN,,NaN,,NaN,,5,01-Apr-1967 | 01-Aug-1976 | 01-Nov-1982 | 01-May-2002 | 01-Apr-2012,2,01-May-1966 | 01-Mar-1991
PERMITW,Housing / Construction,0,0,1,NaN,,NaN,,NaN,,NaN,,5,01-Feb-1966 | 01-Mar-1987 | 01-Apr-2002 | 01-Jun-2008 | 01-Aug-2014,0,
ACOGNO,Orders and Inventories,0,0,0,NaN,,NaN,,NaN,,NaN,,NaN,,NaN,
AMDMNOx,Orders and Inventories,1,1,1,0,,0,,0,,0,,0,,0,
ANDENOx,Orders and Inventories,0,0,1,NaN,,NaN,,NaN,,NaN,,2,01-Jan-1992 | 01-Jun-2010,4,01-Apr-1975 | 01-Nov-1985 | 01-May-1992 | 01-Jun-2008
AMDMUOx,Orders and Inventories,1,1,1,1,01-Apr-1979,0,,4,01-Apr-1979 | 01-Dec-1987 | 01-Mar-1994 | 01-May-2000,0,,5,01-Apr-1979 | 01-May-2000 | 01-Dec-2009 | 01-Jul-2012 | 01-Oct-2019,1,01-Nov-2014
BUSINVx,Orders and Inventories,1,1,1,3,01-Oct-1966 | 01-Dec-1972 | 01-Mar-1983,1,01-Jun-1992,3,01-Oct-1966 | 01-Dec-1972 | 01-Mar-1983,0,,5,01-Jun-1961 | 01-Aug-1964 | 01-Dec-1972 | 01-Dec-1974 | 01-Mar-1983,0,
ISRATIOx,Orders and Inventories,1,1,1,1,01-Feb-1987,1,01-Feb-1987,1,01-Feb-1987,2,01-May-1991 | 01-Jan-2000,0,,0,
M1SL,Money and Credit,1,1,1,1,01-Dec-1977,1,01-Feb-1979,3,01-Dec-1977 | 01-Aug-1995 | 01-Oct-2001,1,01-Sep-1999,0,,0,
M2SL,Money and Credit,1,1,1,2,01-Nov-1961 | 01-Jan-1970,2,01-Apr-1966 | 01-Jun-1987,2,01-Apr-1966 | 01-Jan-2000,2,01-Apr-1966 | 01-Mar-2000,2,01-Apr-1966 | 01-Jan-2000,3,01-Jan-1970 | 01-Jun-1987 | 01-Jan-2000
M2REAL,Money and Credit,1,1,1,5,01-Jun-1960 | 01-Oct-1967 | 01-Dec-1973 | 01-Mar-1983 | 01-Oct-1993,4,01-Jan-1970 | 01-Jan-1977 | 01-May-1983 | 01-Jul-1993,4,01-Jun-1960 | 01-Oct-1967 | 01-Dec-1973 | 01-Mar-1983,2,01-May-1983 | 01-Mar-2000,3,01-Feb-1969 | 01-Mar-1983 | 01-Sep-2019,5,01-Mar-1970 | 01-Mar-1977 | 01-Jul-1983 | 01-Feb-1994 | 01-May-2000
BOGMBASE,Money and Credit,1,1,1,2,01-Dec-1971 | 01-May-1992,0,,2,01-Dec-1971 | 01-May-1992,0,,1,01-Aug-2008,2,01-Aug-2008 | 01-Apr-2015
TOTRESNS,Money and Credit,1,1,1,1,01-Dec-1971,2,01-Dec-1968 | 01-Oct-1990,2,01-Dec-1971 | 01-May-2001,4,01-Dec-1968 | 01-Oct-1978 | 01-Oct-1990 | 01-Aug-2001,3,01-Dec-1971 | 01-Jan-1984 | 01-May-2001,4,01-Oct-1978 | 01-Jan-1987 | 01-Apr-1993 | 01-Aug-2001
NONBORRES,Money and Credit,1,1,1,1,01-Dec-1971,1,01-Jan-1980,1,01-May-2001,2,01-Jan-1980 | 01-Aug-2001,0,,0,
BUSLOANS,Money and Credit,1,1,1,0,,2,01-May-1966 | 01-May-1975,0,,0,,0,,1,01-Nov-2019
REALLN,Money and Credit,1,1,1,0,,0,,1,01-Oct-1999,1,01-Jul-1999,5,01-Jun-1996 | 01-Jul-2003 | 01-May-2010 | 01-Jul-2016 | 01-Sep-2023,5,01-Nov-1986 | 01-Jul-1999 | 01-Jul-2006 | 01-Dec-2012 | 01-Oct-2019
NONREVSL,Money and Credit,1,1,1,0,,0,,0,,0,,0,,0,
CONSPI,Money and Credit,1,1,1,0,,0,,0,,0,,0,,1,01-Nov-2019
S&P 500,Stock Market,1,1,1,0,,0,,0,,0,,0,,0,
S&P div yield,Stock Market,1,1,1,3,01-Oct-1973 | 01-Nov-1982 | 01-Mar-1991,3,01-Oct-1973 | 01-Oct-1982 | 01-Feb-1991,5,01-Oct-1973 | 01-Nov-1982 | 01-Mar-1991 | 01-Feb-2001 | 01-Jun-2003,5,01-Oct-1973 | 01-Oct-1982 | 01-Feb-1991 | 01-Apr-1997 | 01-Jun-2003,3,01-Oct-1973 | 01-Nov-1982 | 01-Mar-1991,3,01-Nov-1973 | 01-Nov-1982 | 01-Mar-1991
S&P PE ratio,Stock Market,1,1,1,0,,0,,0,,0,,0,,0,
FEDFUNDS,Interest and Exchange Rates,1,1,1,5,01-Mar-1969 | 01-Oct-1978 | 01-Dec-1984 | 01-Nov-1987 | 01-Jul-1992,5,01-Mar-1969 | 01-Oct-1978 | 01-Jan-1985 | 01-Dec-1987 | 01-Sep-1992,5,01-Mar-1969 | 01-Oct-1978 | 01-Dec-1984 | 01-Nov-1987 | 01-Feb-1995,5,01-Mar-1969 | 01-Oct-1978 | 01-Dec-1984 | 01-Aug-1992 | 01-Oct-2001,5,01-Aug-1979 | 01-Oct-1985 | 01-Jan-1992 | 01-Dec-2008 | 01-Jul-2019,5,01-Sep-1979 | 01-Nov-1985 | 01-Aug-1992 | 01-Dec-2008 | 01-Nov-2017
CP3Mx,Interest and Exchange Rates,1,1,0,5,01-Aug-1960 | 01-Apr-1969 | 01-Jul-1979 | 01-Sep-1985 | 01-Jul-1992,5,01-Apr-1969 | 01-May-1977 | 01-Jun-1983 | 01-Nov-1989 | 01-Dec-1994,5,01-Apr-1969 | 01-Jul-1979 | 01-Sep-1985 | 01-Jul-1992 | 01-Oct-2001,5,01-Feb-1969 | 01-Aug-1979 | 01-Oct-1985 | 01-Jan-1992 | 01-Oct-2001,NaN,,NaN,
TB3MS,Interest and Exchange Rates,1,1,1,5,01-Oct-1960 | 01-May-1969 | 01-Apr-1979 | 01-Jun-1985 | 01-Jan-1993,5,01-Jan-1961 | 01-May-1969 | 01-May-1979 | 01-Jun-1985 | 01-Jul-1992,5,01-Oct-1960 | 01-May-1969 | 01-Apr-1979 | 01-Jun-1985 | 01-Jul-1992,5,01-Jan-1961 | 01-May-1969 | 01-Aug-1979 | 01-Oct-1985 | 01-Oct-2001,5,01-Oct-1960 | 01-May-1969 | 01-Apr-1979 | 01-Jun-1985 | 01-Feb-2009,5,01-May-1969 | 01-Feb-1979 | 01-Apr-1985 | 01-Nov-1992 | 01-Feb-2009
TB6MS,Interest and Exchange Rates,1,1,1,5,01-May-1969 | 01-Apr-1979 | 01-Jun-1985 | 01-Jul-1989 | 01-Nov-1994,5,01-Dec-1960 | 01-May-1969 | 01-May-1979 | 01-Jun-1985 | 01-Jul-1992,5,01-Sep-1960 | 01-May-1969 | 01-Apr-1979 | 01-Jun-1985 | 01-Dec-1994,5,01-Dec-1960 | 01-May-1969 | 01-Aug-1979 | 01-Oct-1985 | 01-Jan-1995,5,01-Apr-1979 | 01-Jun-1985 | 01-Nov-1992 | 01-Feb-2009 | 01-May-2019,5,01-Jun-1966 | 01-May-1973 | 01-Oct-1982 | 01-Aug-1989 | 01-Feb-2009
GS1,Interest and Exchange Rates,1,1,1,5,01-Sep-1960 | 01-May-1969 | 01-Apr-1979 | 01-Jun-1985 | 01-Nov-1992,5,01-Feb-1961 | 01-May-1969 | 01-Aug-1979 | 01-Sep-1985 | 01-Jul-1992,5,01-May-1969 | 01-Aug-1979 | 01-Oct-1985 | 01-Jun-1995 | 01-Oct-2001,5,01-May-1969 | 01-Apr-1979 | 01-Jun-1985 | 01-Jul-1992 | 01-Oct-2001,5,01-May-1969 | 01-Apr-1979 | 01-Jun-1985 | 01-Dec-2008 | 01-May-2019,5,01-May-1973 | 01-Dec-1982 | 01-Aug-1989 | 01-Feb-2009 | 01-May-2019
GS5,Interest and Exchange Rates,1,1,1,5,01-Oct-1960 | 01-Jun-1966 | 01-Sep-1972 | 01-Sep-1979 | 01-May-1986,5,01-Sep-1960 | 01-Nov-1966 | 01-Apr-1973 | 01-Sep-1979 | 01-Jul-1986,5,01-Oct-1960 | 01-Nov-1968 | 01-Sep-1976 | 01-Nov-1982 | 01-Aug-1989,5,01-Sep-1960 | 01-Aug-1969 | 01-Sep-1976 | 01-Nov-1982 | 01-Aug-1989,5,01-Oct-1960 | 01-Nov-1968 | 01-Sep-1979 | 01-May-1986 | 01-Aug-2011,5,01-Aug-1969 | 01-Sep-1976 | 01-Nov-1982 | 01-Aug-1989 | 01-Nov-2011
GS10,Interest and Exchange Rates,1,1,1,5,01-Aug-1960 | 01-Oct-1966 | 01-Dec-1972 | 01-Sep-1979 | 01-May-1986,5,01-Sep-1960 | 01-Nov-1966 | 01-Sep-1976 | 01-Nov-1982 | 01-Jun-1989,5,01-Aug-1960 | 01-Oct-1966 | 01-Sep-1976 | 01-Nov-1982 | 01-Jul-1989,5,01-Sep-1960 | 01-Nov-1966 | 01-Sep-1976 | 01-Nov-1982 | 01-Jun-1989,5,01-Aug-1960 | 01-Oct-1966 | 01-Sep-1979 | 01-May-1986 | 01-Sep-2003,5,01-Sep-1960 | 01-Nov-1966 | 01-Sep-1979 | 01-Mar-1988 | 01-Nov-2011
AAA,Interest and Exchange Rates,1,1,1,5,01-Feb-1963 | 01-Apr-1969 | 01-Oct-1976 | 01-Dec-1982 | 01-Jun-1989,5,01-Mar-1963 | 01-May-1969 | 01-Aug-1976 | 01-Oct-1982 | 01-Dec-1988,5,01-May-1966 | 01-Sep-1976 | 01-Nov-1982 | 01-Jan-1989 | 01-Jul-1997,5,01-Mar-1961 | 01-Jul-1968 | 01-Sep-1976 | 01-Nov-1982 | 01-Jan-1989,5,01-May-1966 | 01-Jul-1972 | 01-Aug-1979 | 01-Nov-1982 | 01-Jan-1989,5,01-Feb-1963 | 01-Feb-1966 | 01-Jul-1973 | 01-Sep-1979 | 01-Mar-1986
BAA,Interest and Exchange Rates,1,1,1,5,01-Aug-1960 | 01-Dec-1966 | 01-Sep-1976 | 01-Sep-1978 | 01-Apr-1986,5,01-Mar-1961 | 01-Sep-1967 | 01-Sep-1976 | 01-Dec-1978 | 01-Jul-1985,5,01-Feb-1966 | 01-Mar-1974 | 01-May-1980 | 01-Jul-1986 | 01-Jul-1997,4,01-Feb-1966 | 01-Apr-1972 | 01-Sep-1979 | 01-Mar-1986,5,01-Sep-1960 | 01-Jan-1966 | 01-Mar-1972 | 01-Sep-1979 | 01-Apr-1986,5,01-Mar-1961 | 01-Feb-1966 | 01-Apr-1972 | 01-Sep-1979 | 01-Mar-1986
COMPAPFFx,Interest and Exchange Rates,1,1,1,2,01-Jan-1983 | 01-Jan-1990,1,01-Mar-1985,3,01-Jan-1983 | 01-Jan-1990 | 01-Oct-2001,2,01-Mar-1985 | 01-Mar-2001,1,01-Jan-1987,3,01-Apr-1985 | 01-Jul-2009 | 01-Nov-2017
TB3SMFFM,Interest and Exchange Rates,1,1,1,5,01-Mar-1973 | 01-May-1979 | 01-Dec-1982 | 01-Jan-1991 | 01-Mar-1997,5,01-Aug-1962 | 01-Jan-1969 | 01-Oct-1978 | 01-Dec-1984 | 01-Mar-1991,5,01-Mar-1973 | 01-May-1979 | 01-Jul-1985 | 01-Mar-1995 | 01-Oct-2001,5,01-Aug-1962 | 01-Jan-1969 | 01-Oct-1978 | 01-Dec-1984 | 01-Jul-2001,2,01-Dec-1982 | 01-Jul-2007,5,01-Feb-1985 | 01-Apr-1991 | 01-Jul-1998 | 01-Apr-2009 | 01-Oct-2016
TB6SMFFM,Interest and Exchange Rates,1,1,1,4,01-Jun-1973 | 01-Jun-1982 | 01-Jan-1989 | 01-Mar-1995,4,01-Aug-1962 | 01-Oct-1968 | 01-Sep-1979 | 01-Dec-1985,5,01-May-1973 | 01-Jun-1982 | 01-Dec-1988 | 01-Feb-1995 | 01-Oct-2001,2,01-Mar-1985 | 01-Jul-2001,5,01-Apr-1973 | 01-Jan-1983 | 01-Jun-1985 | 01-Feb-1995 | 01-Jul-2003,4,01-Sep-1979 | 01-Dec-1985 | 01-Feb-2009 | 01-Oct-2017
T1YFFM,Interest and Exchange Rates,1,1,1,3,01-Feb-1967 | 01-Apr-1973 | 01-Aug-1981,4,01-Aug-1962 | 01-Jan-1969 | 01-Sep-1979 | 01-Dec-1985,5,01-Feb-1967 | 01-Apr-1973 | 01-Aug-1981 | 01-Jan-1989 | 01-Mar-1995,5,01-Aug-1962 | 01-Oct-1968 | 01-Jan-1979 | 01-Mar-1985 | 01-Mar-2001,5,01-Feb-1967 | 01-Apr-1973 | 01-Aug-1981 | 01-Aug-2009 | 01-Oct-2017,5,01-Mar-1985 | 01-Mar-2002 | 01-Feb-2009 | 01-Oct-2011 | 01-Dec-2017
T5YFFM,Interest and Exchange Rates,1,1,1,2,01-Apr-1973 | 01-Aug-1981,4,01-Sep-1962 | 01-Jan-1969 | 01-Sep-1979 | 01-Dec-1985,3,01-Apr-1973 | 01-Aug-1981 | 01-Jan-1995,5,01-Sep-1962 | 01-Jan-1969 | 01-Sep-1979 | 01-Dec-1985 | 01-May-2001,5,01-Apr-1973 | 01-Aug-1981 | 01-Jan-1995 | 01-Jul-2011 | 01-Feb-2019,5,01-Sep-1962 | 01-Jan-1969 | 01-Sep-1979 | 01-Dec-1985 | 01-Aug-2011
T10YFFM,Interest and Exchange Rates,1,1,1,2,01-Apr-1973 | 01-Aug-1981,5,01-Sep-1962 | 01-Mar-1969 | 01-Feb-1979 | 01-Mar-1985 | 01-Apr-1992,2,01-Aug-1960 | 01-Apr-1968,5,01-Mar-1969 | 01-Sep-1979 | 01-Dec-1985 | 01-Jan-1995 | 01-Oct-2001,5,01-Apr-1973 | 01-Aug-1981 | 01-Oct-2001 | 01-Dec-2015 | 01-Nov-2022,5,01-Sep-1962 | 01-Mar-1969 | 01-Sep-1979 | 01-Dec-1985 | 01-Aug-2011
AAAFFM,Interest and Exchange Rates,1,1,1,2,01-Apr-1973 | 01-Aug-1981,2,01-Sep-1979 | 01-Nov-1985,2,01-Apr-1973 | 01-Sep-1981,2,01-Jul-1979 | 01-Sep-1985,5,01-Dec-1994 | 01-May-2001 | 01-Sep-2008 | 01-Mar-2016 | 01-Oct-2022,2,01-Jul-1979 | 01-Sep-1985
BAAFFM,Interest and Exchange Rates,1,1,1,3,01-Apr-1965 | 01-Apr-1973 | 01-Aug-1981,5,01-Mar-1969 | 01-Nov-1975 | 01-Jun-1979 | 01-Aug-1985 | 01-Nov-1992,3,01-Apr-1965 | 01-Apr-1973 | 01-Aug-1981,2,01-Sep-1979 | 01-Nov-1985,5,01-Sep-1981 | 01-Aug-2001 | 01-Aug-2008 | 01-Mar-2016 | 01-Nov-2022,3,01-Sep-1979 | 01-Dec-1985 | 01-Mar-2009
TWEXAFEGSMTHx,Interest and Exchange Rates,0,0,0,NaN,,NaN,,NaN,,NaN,,NaN,,NaN,
EXSZUSx,Interest and Exchange Rates,1,1,0,1,01-Jan-1973,2,01-Oct-1966 | 01-Jan-1973,2,01-Jan-1973 | 01-Sep-2001,3,01-Oct-1966 | 01-Jan-1973 | 01-Mar-1995,NaN,,NaN,
EXJPUSx,Interest and Exchange Rates,1,1,0,2,01-Jul-1971 | 01-Sep-1977,2,01-Aug-1971 | 01-Feb-1978,3,01-Jul-1971 | 01-Sep-1977 | 01-Mar-2000,3,01-Aug-1971 | 01-Feb-1978 | 01-Jul-2000,NaN,,NaN,
EXUSUKx,Interest and Exchange Rates,1,1,0,4,01-Apr-1966 | 01-Jun-1972 | 01-Jun-1984 | 01-Apr-1993,3,01-May-1972 | 01-Jun-1984 | 01-Apr-1993,5,01-Mar-1966 | 01-May-1972 | 01-Jun-1984 | 01-Apr-1993 | 01-Jul-1999,5,01-Jan-1962 | 01-Jul-1971 | 01-Sep-1977 | 01-Jun-1984 | 01-Apr-1993,NaN,,NaN,
EXCAUSx,Interest and Exchange Rates,1,1,0,1,01-Mar-1975,1,01-Mar-1975,4,01-Aug-1962 | 01-May-1970 | 01-Jul-1976 | 01-Oct-2001,2,01-Mar-1975 | 01-Sep-2000,NaN,,NaN,
WPSFD49207,Prices,1,1,1,1,01-Apr-1975,1,01-Feb-1992,2,01-Apr-1975 | 01-Jan-2000,2,01-Jul-1991 | 01-May-2001,2,01-Apr-1975 | 01-Jan-2000,1,01-Sep-2004
WPSFD49502,Prices,1,1,1,1,01-Apr-1975,1,01-Feb-1992,2,01-Apr-1975 | 01-Jan-2000,2,01-Nov-1991 | 01-May-2001,2,01-Apr-1975 | 01-Jan-2000,3,01-Feb-1992 | 01-Sep-1998 | 01-Apr-2005
WPSID61,Prices,1,1,1,2,01-Nov-1972 | 01-Jan-1979,4,01-Jan-1962 | 01-Apr-1963 | 01-Aug-1971 | 01-Nov-1977,3,01-Nov-1972 | 01-Jan-1979 | 01-May-2000,4,01-Aug-1972 | 01-Oct-1978 | 01-Aug-1991 | 01-Jun-2001,2,01-Nov-1975 | 01-Dec-2002,3,01-Aug-1972 | 01-Oct-1978 | 01-Dec-2002
WPSID62,Prices,1,1,1,2,01-Mar-1973 | 01-Apr-1990,5,01-Feb-1966 | 01-Oct-1971 | 01-Oct-1972 | 01-Oct-1978 | 01-May-1990,2,01-Apr-1990 | 01-Sep-1999,2,01-Oct-1972 | 01-Nov-1996,2,01-Mar-1973 | 01-Feb-1996,3,01-Apr-1970 | 01-Jul-1976 | 01-Oct-1996
OILPRICEx,Prices,1,1,0,1,01-Jul-1973,2,01-Feb-1969 | 01-Nov-1985,2,01-Jul-1973 | 01-Nov-1985,2,01-Feb-1969 | 01-Nov-1985,NaN,,NaN,
PPICMM,Prices,1,1,1,1,01-Sep-1967,1,01-Sep-1967,3,01-Sep-1967 | 01-Feb-1987 | 01-Mar-1999,3,01-Sep-1967 | 01-Dec-1980 | 01-Apr-1987,2,01-Sep-1967 | 01-Mar-1999,3,01-Sep-1967 | 01-Dec-1980 | 01-Apr-1987
CPIAUCSL,Prices,1,1,1,1,01-Nov-1990,2,01-Dec-1972 | 01-Apr-1983,2,01-Apr-1992 | 01-Mar-1999,0,,0,,0,
CPIAPPSL,Prices,1,1,1,2,01-Jan-1984 | 01-Apr-1990,2,01-Jan-1974 | 01-Jun-1986,1,01-Nov-1987,2,01-Jul-1972 | 01-Jan-1986,1,01-Nov-1987,2,01-Apr-1986 | 01-Jan-2018
CPITRNSL,Prices,1,1,1,0,,0,,1,01-Feb-2000,4,01-Oct-1985 | 01-Dec-1991 | 01-Feb-1993 | 01-Feb-2000,1,01-Feb-2000,3,01-Mar-1980 | 01-Jun-1991 | 01-May-2000
CPIMEDSL,Prices,1,1,1,4,01-Apr-1978 | 01-Jun-1984 | 01-Dec-1985 | 01-Sep-1993,2,01-Apr-1983 | 01-Aug-1993,3,01-Apr-1978 | 01-Jun-1984 | 01-Jun-2001,3,01-Apr-1983 | 01-Aug-1993 | 01-Jun-2001,2,01-Apr-1978 | 01-Feb-2013,5,01-Jun-1978 | 01-Aug-1984 | 01-Nov-1993 | 01-Sep-2001 | 01-Jan-2015
CUSR0000SAC,Prices,1,1,1,0,,0,,1,01-Mar-1999,3,01-Dec-1972 | 01-Jul-1991 | 01-Mar-1999,1,01-Mar-1999,3,01-Mar-1973 | 01-Oct-1991 | 01-Jun-1999
CUSR0000SAD,Prices,1,1,1,1,01-May-1987,2,01-Mar-1988 | 01-Dec-1996,1,01-May-1985,1,01-Feb-1988,0,,0,
CUSR0000SAS,Prices,1,1,1,2,01-May-1983 | 01-Apr-1993,2,01-Apr-1983 | 01-Apr-1993,1,01-May-1983,1,01-Dec-1983,5,01-Apr-1970 | 01-Feb-1980 | 01-Jul-1986 | 01-Feb-2006 | 01-Aug-2019,1,01-Mar-1984
CPIULFSL,Prices,1,1,1,1,01-Nov-1990,1,01-Mar-1991,2,01-Nov-1990 | 01-Mar-1999,3,01-Feb-1979 | 01-Mar-1991 | 01-Mar-1999,5,01-Nov-1990 | 01-Mar-2000 | 01-Aug-2009 | 01-Jan-2017 | 01-Aug-2023,1,01-Jun-1999
CUSR0000SA0L2,Prices,1,1,1,0,,2,01-Dec-1972 | 01-Jan-1987,3,01-Jul-1969 | 01-Sep-1975 | 01-Jan-1999,3,01-Jun-1972 | 01-Mar-1991 | 01-Mar-1999,5,01-Jul-1969 | 01-Sep-1975 | 01-Feb-2003 | 01-Aug-2009 | 01-Oct-2018,2,01-Jun-1991 | 01-Apr-1999
CUSR0000SA0L5,Prices,1,1,1,1,01-Feb-1991,3,01-Dec-1972 | 01-Apr-1983 | 01-Mar-1991,0,,0,,0,,0,
PCEPI,Prices,1,1,1,3,01-Jun-1972 | 01-Jun-1991 | 01-May-1998,3,01-Aug-1972 | 01-Feb-1984 | 01-May-1991,1,01-Jun-1972,1,01-Aug-1972,1,01-Jun-1972,1,01-Feb-1973
DDURRG3M086SBEA,Prices,1,1,1,0,,0,,0,,0,,2,01-Feb-1968 | 01-Mar-2016,2,01-Jun-1981 | 01-Jun-2019
DNDGRG3M086SBEA,Prices,1,1,1,1,01-Feb-1973,2,01-Dec-1972 | 01-Nov-1991,1,01-Jan-1999,3,01-Dec-1972 | 01-Aug-1991 | 01-Mar-1999,4,01-Jan-1986 | 01-Mar-1992 | 01-Jan-1999 | 01-Aug-2009,3,01-Jan-1973 | 01-Sep-1991 | 01-Apr-1999
DSERRG3M086SBEA,Prices,1,1,1,5,01-Jul-1965 | 01-Jul-1972 | 01-Sep-1978 | 01-Jul-1986 | 01-Jun-1993,5,01-Aug-1972 | 01-Sep-1978 | 01-Dec-1986 | 01-Feb-1990 | 01-Apr-1994,3,01-Jul-1972 | 01-Sep-1978 | 01-Sep-1986,3,01-Jul-1972 | 01-Sep-1978 | 01-Dec-1986,4,01-Jul-1965 | 01-Jul-1972 | 01-Sep-1978 | 01-Sep-1986,3,01-Aug-1972 | 01-Oct-1978 | 01-Jan-1987
CES0600000008,Labor Market,1,1,1,1,01-Jun-1982,1,01-May-1983,2,01-Jun-1982 | 01-Nov-1998,3,01-May-1983 | 01-Nov-1999 | 01-Mar-2006,1,01-Jun-1982,1,01-May-1983
CES2000000008,Labor Market,1,1,1,1,01-Aug-1965,1,01-Apr-1988,2,01-Aug-1965 | 01-May-1988,2,01-Jun-1966 | 01-Apr-1988,1,01-Aug-1965,1,01-Apr-1988
CES3000000008,Labor Market,1,1,1,1,01-Mar-1982,1,01-Mar-1983,1,01-Mar-1982,1,01-Mar-1983,1,01-Mar-1982,1,01-Apr-1982
UMCSENTx,Orders and Inventories,0,0,0,NaN,,NaN,,NaN,,NaN,,NaN,,NaN,
DTCOLNVHFNM,Money and Credit,1,1,1,2,01-Aug-1966 | 01-Sep-1976,1,01-Sep-1976,2,01-Aug-1966 | 01-Sep-1976,1,01-Sep-1976,4,01-Aug-1966 | 01-Sep-1976 | 01-Dec-1988 | 01-Jan-2011,3,01-Jul-1970 | 01-Oct-1976 | 01-May-2011
DTCTHFNM,Money and Credit,1,1,1,2,01-Nov-1966 | 01-Dec-1974,3,01-Dec-1967 | 01-May-1975 | 01-Feb-1987,2,01-Nov-1966 | 01-Dec-1974,3,01-Aug-1962 | 01-Dec-1963 | 01-Aug-1974,1,01-Dec-1974,3,01-Nov-1967 | 01-Jan-1974 | 01-Oct-2010
INVEST,Money and Credit,1,1,1,2,01-Oct-1978 | 01-Oct-1993,1,01-Jan-1977,2,01-Oct-1978 | 01-Jan-1994,3,01-Jan-1977 | 01-Feb-1997 | 01-Apr-2006,3,01-Oct-1978 | 01-Jan-1994 | 01-Jul-2009,1,01-Mar-1973
VIXCLSx,Stock Market,0,0,1,NaN,,NaN,,NaN,,NaN,,2,01-Mar-1975 | 01-Sep-1987,0,
