series_name,include_main_full_ext,fred_group,uv_nbreaks,uv_break_dates,uv_break_stats,uv_break_pvals,cv_nbreaks,cv_break_dates,cv_break_stats,cv_break_pvals
RPI,1,Output and Income,0,,,,5,01-Jun-1968 | 01-Apr-1979 | 01-Mar-1994 | 01-May-2008 | 01-Sep-2022,0.672 | 0.493 | 1.53 | 10.426 | 12.947,0.41221 | 0.4827 | 0.21605 | 0.001243 | 0.00032
W875RX1,1,Output and Income,0,,,,2,01-Feb-1962 | 01-Jul-1972,10.423 | 20.647,0.001245 | 6e-06
DPCERA3M086SBEA,1,Orders and Inventories,0,,,,0,,,
CMRMTSPLx,1,Orders and Inventories,2,01-Mar-1969 | 01-Feb-1987,12.059 | 4.845,0.000516 | 0.02773,1,01-Dec-1980,17.994,2.2e-05
RETAILx,1,Orders and Inventories,0,,,,0,,,
INDPRO,1,Output and Income,1,01-Jan-1984,8.846,0.002938,0,,,
IPFPNSS,1,Output and Income,0,,,,0,,,
IPFINAL,1,Output and Income,0,,,,0,,,
IPCONGD,1,Output and Income,0,,,,0,,,
IPDCONGD,1,Output and Income,0,,,,0,,,
IPNCONGD,1,Output and Income,0,,,,0,,,
IPBUSEQ,1,Output and Income,0,,,,0,,,
IPMAT,1,Output and Income,1,01-Jan-1984,15.804,7e-05,2,01-Mar-1983 | 01-Jul-2008,48.823 | 6.843,0 | 0.008899
IPDMAT,1,Output and Income,1,01-Feb-1984,14.912,0.000113,1,01-Jan-1983,15.249,9.4e-05
IPNMAT,1,Output and Income,0,,,,0,,,
IPMANSICS,1,Output and Income,0,,,,0,,,
IPB51222S,1,Output and Income,2,01-Aug-1973 | 01-Oct-2015,125.643 | 9.818,0 | 0.001728,2,01-Nov-1973 | 01-Sep-2009,110.482 | 18.696,0 | 1.5e-05
IPFUELS,1,Output and Income,0,,,,0,,,
CUMFNS,1,Output and Income,1,01-Feb-1984,10.176,0.001422,0,,,
HWI,1,Labor Market,3,01-May-1969 | 01-Oct-1995 | 01-Jul-2014,34.802 | 47.27 | 19.641,0 | 0 | 9e-06,3,01-Jan-1979 | 01-Nov-1995 | 01-Jun-2014,22.666 | 33.039 | 16.801,2e-06 | 0 | 4.2e-05
HWIURATIO,1,Labor Market,2,01-Jan-1975 | 01-Jun-2015,8.17 | 20.975,0.004259 | 5e-06,5,01-Dec-1980 | 01-Jan-1996 | 01-Dec-2006 | 01-Sep-2015 | 01-Jun-2020,22.925 | 43.56 | 27.523 | 14.764 | 13.368,2e-06 | 0 | 0 | 0.000122 | 0.000256
CLF16OV,1,Labor Market,1,01-Jul-1975,15.982,6.4e-05,2,01-Aug-1969 | 01-Aug-1983,3.499 | 6.486,0.061413 | 0.010871
CE16OV,1,Labor Market,0,,,,0,,,
UNRATE,1,Labor Market,0,,,,0,,,
UEMPMEAN,1,Labor Market,2,01-Feb-2007 | 01-Aug-2017,43.981 | 10.644,0 | 0.001104,2,01-Apr-2007 | 01-Oct-2017,45.151 | 10.653,0 | 0.001099
UEMPLT5,1,Labor Market,0,,,,0,,,
UEMP5TO14,1,Labor Market,0,,,,0,,,
UEMP15OV,1,Labor Market,0,,,,1,01-Jan-2016,3.96,0.046586
UEMP15T26,1,Labor Market,1,01-Mar-2015,2.71,0.099721,0,,,
UEMP27OV,1,Labor Market,1,01-Jul-1976,18.503,1.7e-05,4,01-Jun-1980 | 01-Dec-1997 | 01-Dec-2007 | 01-Apr-2018,36.611 | 15.236 | 25.774 | 21.846,0 | 9.5e-05 | 0 | 3e-06
CLAIMSx,1,Labor Market,0,,,,0,,,
PAYEMS,1,Labor Market,0,,,,0,,,
USGOOD,1,Labor Market,1,01-Jun-1984,11.954,0.000545,1,01-Jul-1983,15.733,7.3e-05
CES1021000001,1,Labor Market,0,,,,2,01-Jun-1971 | 01-Oct-1981,5.867 | 12.693,0.015423 | 0.000367
USCONS,1,Labor Market,1,01-Jun-1984,25.771,0,1,01-Mar-1984,51.818,0
MANEMP,1,Labor Market,1,01-Apr-1984,17.037,3.7e-05,1,01-May-1983,12.537,0.000399
DMANEMP,1,Labor Market,1,01-Apr-1984,21.687,3e-06,1,01-Sep-1983,15.31,9.1e-05
NDMANEMP,1,Labor Market,0,,,,0,,,
SRVPRD,1,Labor Market,0,,,,0,,,
USTPU,1,Labor Market,0,,,,0,,,
USWTRADE,1,Labor Market,0,,,,0,,,
USTRADE,1,Labor Market,0,,,,0,,,
USFIRE,1,Labor Market,0,,,,0,,,
USGOVT,1,Labor Market,0,,,,0,,,
CES0600000007,1,Labor Market,5,01-Feb-1983 | 01-Mar-1993 | 01-Oct-2008 | 01-Apr-2020 | 01-May-2022,38.178 | 31.951 | 41.232 | 18.916 | 14.464,0 | 0 | 0 | 1.4e-05 | 0.000143,0,,,
AWOTMAN,1,Labor Market,0,,,,0,,,
AWHMAN,1,Labor Market,0,,,,0,,,
HOUST,1,Housing / Construction,5,01-Nov-1970 | 01-Mar-1987 | 01-May-2003 | 01-Nov-2015 | 01-Sep-2022,41.222 | 28.404 | 39.979 | 48.503 | 61.695,0 | 0 | 0 | 0 | 0,0,,,
HOUSTNE,1,Housing / Construction,5,01-Feb-1974 | 01-Sep-1984 | 01-Jan-1996 | 01-Feb-2008 | 01-Nov-2012,52.326 | 11.678 | 39.3 | 133.136 | 55.355,0 | 0.000632 | 0 | 0 | 0,1,01-Apr-2008,27.823,0
HOUSTMW,1,Housing / Construction,5,01-Dec-1982 | 01-Feb-1994 | 01-Nov-2007 | 01-Aug-2012 | 01-Jan-2016,63.819 | 54.47 | 152.553 | 39.41 | 27.768,0 | 0 | 0 | 0 | 0,3,01-Nov-1978 | 01-Mar-1991 | 01-Jan-2007,5.854 | 15.114 | 26.835,0.015546 | 0.000101 | 0
HOUSTS,1,Housing / Construction,0,,,,0,,,
HOUSTW,1,Housing / Construction,5,01-Dec-1970 | 01-Sep-1987 | 01-Feb-1998 | 01-Sep-2002 | 01-Nov-2013,10.301 | 40.248 | 8.645 | 43.925 | 42.457,0.00133 | 0 | 0.003279 | 0 | 0,1,01-May-2008,13.748,0.000209
PERMIT,1,Housing / Construction,5,01-Nov-1970 | 01-Mar-2003 | 01-Feb-2013 | 01-Jan-2015 | 01-Jul-2019,8.975 | 27.446 | 24.94 | 116.767 | 17.766,0.002737 | 0 | 1e-06 | 0 | 2.5e-05,3,01-Dec-1972 | 01-Apr-1991 | 01-Apr-2007,6.579 | 42.052 | 15.469,0.010318 | 0 | 8.4e-05
PERMITNE,1,Housing / Construction,5,01-Sep-1973 | 01-Feb-1996 | 01-Feb-2006 | 01-Jan-2016 | 01-Sep-2018,13.662 | 32.606 | 40.968 | 12.72 | 20.548,0.000219 | 0 | 0 | 0.000362 | 6e-06,2,01-Feb-1985 | 01-Feb-2008,21.367 | 27.095,4e-06 | 0
PERMITMW,1,Housing / Construction,5,01-Sep-1970 | 01-Apr-1983 | 01-Jun-1995 | 01-Jan-2008 | 01-Apr-2020,20.365 | 34.586 | 49.46 | 12.057 | 51.933,6e-06 | 0 | 0 | 0.000516 | 0,2,01-Jun-1990 | 01-Sep-2006,40.286 | 21.182,0 | 4e-06
PERMITS,1,Housing / Construction,5,01-Jun-1962 | 01-Aug-1976 | 01-Jul-1986 | 01-Jan-2002 | 01-Apr-2012,41.068 | 9.911 | 1.373 | 46.62 | 22.221,0 | 0.001643 | 0.24136 | 0 | 2e-06,2,01-May-1972 | 01-Apr-1984,14.343 | 19.944,0.000152 | 8e-06
PERMITW,1,Housing / Construction,5,01-Jan-1971 | 01-Jan-1987 | 01-Jul-2003 | 01-Jun-2013 | 01-May-2015,6.687 | 24.629 | 37.085 | 22.66 | 43.83,0.009709 | 1e-06 | 0 | 2e-06 | 0,0,,,
ACOGNO,0,Orders and Inventories,NaN,,,,NaN,,,
AMDMNOx,1,Orders and Inventories,0,,,,0,,,
ANDENOx,1,Orders and Inventories,2,01-Jan-1992 | 01-Jun-2010,11.88 | 19.403,0.000567 | 1.1e-05,4,01-May-1979 | 01-May-1988 | 01-Jan-1998 | 01-Aug-2008,1.393 | 0.668 | 3.13 | 19.448,0.23793 | 0.41363 | 0.076853 | 1e-05
AMDMUOx,1,Orders and Inventories,5,01-Apr-1979 | 01-Nov-1999 | 01-Dec-2009 | 01-Jul-2012 | 01-Jun-2020,25.042 | 13.519 | 28.728 | 18 | 12.052,1e-06 | 0.000236 | 0 | 2.2e-05 | 0.000518,1,01-Nov-2014,13.06,0.000302
BUSINVx,1,Orders and Inventories,5,01-Jun-1961 | 01-Aug-1964 | 01-Dec-1972 | 01-Dec-1974 | 01-Jan-1985,21.909 | 11.02 | 32.184 | 12.404 | 3.694,3e-06 | 0.000901 | 0 | 0.000428 | 0.054606,0,,,
ISRATIOx,1,Orders and Inventories,0,,,,0,,,
M1SL,1,Money and Credit,0,,,,0,,,
M2SL,1,Money and Credit,2,01-Jan-1970 | 01-Jan-2000,5.848 | 11.578,0.015598 | 0.000667,3,01-Jan-1970 | 01-Jun-1987 | 01-Jan-2000,21.453 | 7.559 | 18.832,4e-06 | 0.005971 | 1.4e-05
M2REAL,1,Money and Credit,2,01-Mar-1969 | 01-Mar-1983,30.59 | 6.246,0 | 0.012444,5,01-Feb-1970 | 01-Apr-1980 | 01-Jul-1983 | 01-Oct-1995 | 01-Oct-2005,8.786 | 10.638 | 27.535 | 3.433 | 3.23,0.003036 | 0.001108 | 0 | 0.063901 | 0.07231
BOGMBASE,1,Money and Credit,1,01-Aug-2008,20.762,5e-06,2,01-Aug-2008 | 01-Apr-2023,30.565 | 9.035,0 | 0.002648
TOTRESNS,1,Money and Credit,3,01-Dec-1971 | 01-Jan-1984 | 01-May-2001,15.118 | 3.68 | 4.969,0.000101 | 0.055057 | 0.025804,4,01-Oct-1978 | 01-Oct-1990 | 01-Apr-1993 | 01-Aug-2008,16.293 | 20.01 | 23.091 | 6.959,5.4e-05 | 8e-06 | 5e-05 | 0.008342
NONBORRES,1,Money and Credit,0,,,,0,,,
BUSLOANS,1,Money and Credit,0,,,,1,01-Jan-2016,3.086,0.078973
REALLN,1,Money and Credit,5,01-Sep-1986 | 01-Oct-1999 | 01-May-2010 | 01-Jul-2013 | 01-Sep-2023,7.411 | 16.081 | 11.896 | 2.741 | 22.286,0.006482 | 6.1e-05 | 0.000562 | 0.097813 | 2e-06,5,01-Nov-1986 | 01-Jul-1999 | 01-Feb-2010 | 01-Feb-2013 | 01-Aug-2023,2.636 | 22.059 | 14.261 | 5.691 | 21.048,0.10448 | 3e-06 | 0.000159 | 0.017052 | 4e-06
NONREVSL,1,Money and Credit,0,,,,0,,,
CONSPI,1,Money and Credit,0,,,,1,01-Nov-2015,6.484,0.010883
S&P 500,1,Stock Market,0,,,,0,,,
S&P div yield,1,Stock Market,3,01-Apr-1973 | 01-May-1983 | 01-Jun-1993,21.09 | 14.818 | 13.167,4e-06 | 0.000118 | 0.000285,3,01-Oct-1972 | 01-Nov-1982 | 01-Dec-1992,15.355 | 9.982 | 24.229,8.9e-05 | 0.001581 | 1e-06
S&P PE ratio,1,Stock Market,0,,,,0,,,
FEDFUNDS,1,Interest and Exchange Rates,5,01-Dec-1972 | 01-Jan-1983 | 01-Feb-1993 | 01-Oct-2005 | 01-Nov-2015,12.217 | 13.59 | 13.944 | 3.685 | 1.067,0.000474 | 0.000227 | 0.000188 | 0.054915 | 0.30152,5,01-Apr-1973 | 01-Apr-1983 | 01-Apr-1993 | 01-Aug-2006 | 01-Nov-2016,10.661 | 13.049 | 17.054 | 12.598 | 2.135,0.001094 | 0.000303 | 3.6e-05 | 0.000386 | 0.14401
CP3Mx,1,Interest and Exchange Rates,5,01-Dec-1972 | 01-Jan-1983 | 01-Feb-1993 | 01-Mar-2003 | 01-Apr-2013,18.747 | 13.29 | 17.189 | 0.87 | 0.443,1.5e-05 | 0.000267 | 3.4e-05 | 0.35096 | 0.50555,5,01-Jul-1973 | 01-Aug-1983 | 01-Jul-1993 | 01-Jun-2003 | 01-May-2013,18.083 | 13.281 | 20.746 | 2.227 | 0.599,2.1e-05 | 0.000268 | 5e-06 | 0.13561 | 0.43906
TB3MS,1,Interest and Exchange Rates,5,01-Aug-1966 | 01-Oct-1969 | 01-Sep-1982 | 01-Nov-1992 | 01-Feb-2009,10.483 | 16.836 | 13.199 | 5.662 | 12.286,0.001205 | 4.1e-05 | 0.00028 | 0.017333 | 0.000456,5,01-Jun-1966 | 01-May-1969 | 01-Nov-1982 | 01-Nov-1992 | 01-Feb-2009,7.713 | 18.269 | 20.757 | 6.258 | 14.975,0.005484 | 1.9e-05 | 5e-06 | 0.012364 | 0.000109
TB6MS,1,Interest and Exchange Rates,5,01-May-1973 | 01-Jun-1983 | 01-Dec-1994 | 01-Aug-2005 | 01-Oct-2015,15.071 | 13.795 | 11.459 | 3.826 | 0.746,0.000104 | 0.000204 | 0.000711 | 0.050469 | 0.38771,5,01-Feb-1973 | 01-Feb-1983 | 01-Feb-1993 | 01-Feb-2003 | 01-Oct-2015,20.723 | 20.397 | 8.294 | 11.643 | 0.396,5e-06 | 6e-06 | 0.003979 | 0.000644 | 0.52896
GS1,1,Interest and Exchange Rates,5,01-Jul-1979 | 01-Aug-1989 | 01-Jun-1995 | 01-Dec-2008 | 01-Jul-2015,10.721 | 13.747 | 2.983 | 70.951 | 24.656,0.001059 | 0.000209 | 0.084123 | 0 | 1e-06,5,01-Aug-1972 | 01-Dec-1982 | 01-Nov-1992 | 01-Oct-2002 | 01-Oct-2015,23.86 | 17.548 | 16.223 | 11.621 | 1.812,1e-06 | 2.8e-05 | 5.6e-05 | 0.000652 | 0.17832
GS5,1,Interest and Exchange Rates,5,01-Jun-1966 | 01-Apr-1969 | 01-Jul-1979 | 01-Aug-1989 | 01-Aug-2011,18.173 | 9.224 | 14.184 | 17.859 | 17.18,2e-05 | 0.002388 | 0.000166 | 2.4e-05 | 3.4e-05,5,01-Jun-1966 | 01-Aug-1969 | 01-Aug-1979 | 01-Sep-1989 | 01-Nov-2011,9.373 | 9.074 | 12.96 | 20.257 | 12.327,0.002202 | 0.002592 | 0.000318 | 7e-06 | 0.000447
GS10,1,Interest and Exchange Rates,5,01-Jun-1966 | 01-Mar-1969 | 01-Aug-1979 | 01-Sep-1989 | 01-Oct-2011,47.923 | 2.392 | 26.074 | 22.269 | 10.427,0 | 0.12196 | 0 | 2e-06 | 0.001242,5,01-Jun-1966 | 01-Aug-1969 | 01-Aug-1979 | 01-Sep-1989 | 01-Nov-2011,19.917 | 3.22 | 26.03 | 23.622 | 8.494,8e-06 | 0.072744 | 0 | 1e-06 | 0.003564
AAA,1,Interest and Exchange Rates,5,01-May-1966 | 01-Apr-1969 | 01-Jun-1971 | 01-Aug-1979 | 01-Sep-1989,49.23 | 7.178 | 17.44 | 43.956 | 26.662,0 | 0.00738 | 3e-05 | 0 | 0,5,01-Feb-1966 | 01-May-1969 | 01-May-1979 | 01-Jun-1989 | 01-Sep-2008,19.026 | 4.813 | 32.684 | 25.548 | 1.44,1.3e-05 | 0.028249 | 0 | 0 | 0.23009
BAA,1,Interest and Exchange Rates,4,01-Jan-1966 | 01-May-1969 | 01-Aug-1979 | 01-Sep-1989,78.453 | 0.203 | 29.238 | 17.522,0 | 0.652 | 0 | 2.8e-05,4,01-Feb-1966 | 01-May-1969 | 01-Dec-1978 | 01-Jan-1989,25.63 | 0.203 | 54.691 | 23.266,0 | 0.65222 | 0 | 1e-06
COMPAPFFx,1,Interest and Exchange Rates,1,01-Jan-1987,43.874,0,3,01-Apr-1985 | 01-Jul-1995 | 01-Jul-2009,10.667 | 3.14 | 4.487,0.001091 | 0.0764 | 0.034154
TB3SMFFM,1,Interest and Exchange Rates,2,01-Dec-1982 | 01-Jul-2007,20.399 | 9.957,6e-06 | 0.001602,5,01-Apr-1973 | 01-Apr-1983 | 01-Apr-1993 | 01-Jul-2003 | 01-Jul-2013,6.944 | 13.73 | 6.097 | 1.638 | 1.489,0.00841 | 0.000211 | 0.013541 | 0.20066 | 0.22232
TB6SMFFM,1,Interest and Exchange Rates,5,01-Dec-1972 | 01-Jan-1983 | 01-Jun-1985 | 01-Jul-1995 | 01-Jul-2007,8.577 | 23.48 | 11.82 | 11.98 | 4.485,0.003404 | 1e-06 | 0.000586 | 0.000538 | 0.034193,4,01-Sep-1979 | 01-Sep-1989 | 01-Mar-2002 | 01-Oct-2015,3.282 | 12.411 | 17.863 | 2.033,0.070031 | 0.000427 | 2.4e-05 | 0.15388
T1YFFM,1,Interest and Exchange Rates,5,01-Apr-1973 | 01-Aug-1983 | 01-Apr-2005 | 01-Jul-2015 | 01-Sep-2017,11.484 | 16.749 | 10.158 | 0.69 | 8.877,0.000702 | 4.3e-05 | 0.001437 | 0.40609 | 0.002888,5,01-Apr-1973 | 01-Mar-1985 | 01-Jun-1996 | 01-Feb-2009 | 01-Jul-2015,8.423 | 12.332 | 3.331 | 72.603 | 34.171,0.003705 | 0.000445 | 0.067999 | 0 | 0
T5YFFM,1,Interest and Exchange Rates,5,01-Mar-1969 | 01-Aug-1981 | 01-Jan-1995 | 01-Jul-2011 | 01-Jan-2022,28.612 | 6.586 | 2.425 | 17.305 | 31.706,0 | 0.010278 | 0.11945 | 3.2e-05 | 0,5,01-Apr-1973 | 01-Apr-1983 | 01-Oct-2009 | 01-May-2020 | 01-Dec-2021,9.831 | 9.19 | 28.276 | 18.962 | 23.996,0.001716 | 0.002433 | 0 | 0.000372 | 1e-06
T10YFFM,1,Interest and Exchange Rates,5,01-Mar-1969 | 01-Sep-1981 | 01-Oct-2001 | 01-Nov-2011 | 01-Nov-2022,25.819 | 10.165 | 9.678 | 30.87 | 16.323,0 | 0.001432 | 0.001865 | 0 | 5.3e-05,3,01-Apr-1973 | 01-Apr-1983 | 01-Aug-2011,10.953 | 10.646 | 14.321,0.000934 | 0.001103 | 0.000154
AAAFFM,1,Interest and Exchange Rates,5,01-Mar-1969 | 01-Oct-1981 | 01-Aug-2001 | 01-May-2012 | 01-Oct-2022,14.043 | 13.816 | 28.607 | 22.729 | 4.288,0.000179 | 0.000202 | 0 | 2e-06 | 0.038378,2,01-Apr-1973 | 01-Jan-1985,12.631 | 15.765,0.000379 | 7.2e-05
BAAFFM,1,Interest and Exchange Rates,5,01-Sep-1981 | 01-Oct-1991 | 01-Nov-2001 | 01-Sep-2012 | 01-Nov-2022,10.94 | 0.164 | 22.346 | 25.858 | 12.441,0.000941 | 0.68532 | 2e-06 | 0 | 0.00042,3,01-Apr-1973 | 01-Apr-1983 | 01-Mar-2009,9.723 | 11.129 | 4.804,0.00182 | 0.00085 | 0.02839
TWEXAFEGSMTHx,0,Interest and Exchange Rates,NaN,,,,NaN,,,
EXSZUSx,1,Interest and Exchange Rates,2,01-Jan-1973 | 01-Dec-2011,405.504 | 61.518,0 | 0,3,01-May-1967 | 01-Sep-1977 | 01-Sep-2011,19.098 | 22.159 | 59.758,1.2e-05 | 3e-06 | 0
EXJPUSx,1,Interest and Exchange Rates,1,01-Jan-1973,243.89,0,1,01-Jan-1973,337.355,0
EXUSUKx,1,Interest and Exchange Rates,4,01-Apr-1969 | 01-May-1979 | 01-Apr-1993 | 01-May-2003,27.322 | 25.042 | 42.15 | 8.547,0 | 1e-06 | 0 | 0.003461,3,01-May-1972 | 01-Mar-1983 | 01-Jun-1993,76.211 | 10.697 | 17.15,0 | 0.001073 | 3.5e-05
EXCAUSx,1,Interest and Exchange Rates,5,01-Aug-1962 | 01-Dec-1973 | 01-Aug-1992 | 01-Jan-2003 | 01-Dec-2015,10.288 | 78.276 | 3.763 | 20.73 | 5.755,0.001339 | 0 | 0.052394 | 5e-06 | 0.016437,4,01-Mar-1975 | 01-Aug-1992 | 01-Jan-2003 | 01-Feb-2013,59.255 | 2.342 | 18.399 | 3.518,0 | 0.12596 | 1.8e-05 | 0.060724
WPSFD49207,1,Prices,2,01-Apr-1975 | 01-Jan-2000,5.913 | 49.288,0.015026 | 0,1,01-Sep-2004,31.618,0
WPSFD49502,1,Prices,2,01-Apr-1975 | 01-Jan-2000,6.721 | 54.354,0.009526 | 0,3,01-May-1976 | 01-Dec-1988 | 01-Sep-2004,2.827 | 2.059 | 30.244,0.092688 | 0.15134 | 0
WPSID61,1,Prices,2,01-Nov-1975 | 01-Dec-2002,2.676 | 44.275,0.10185 | 0,3,01-Aug-1972 | 01-Aug-1982 | 01-Dec-2002,8.673 | 4.175 | 39.822,0.00323 | 0.041021 | 0
WPSID62,1,Prices,2,01-Mar-1973 | 01-Feb-1996,8.695 | 21.905,0.003192 | 3e-06,3,01-Oct-1972 | 01-Oct-1982 | 01-Oct-1996,9.987 | 1.55 | 34.041,0.001576 | 0.2131 | 0
OILPRICEx,1,Prices,2,01-Jul-1973 | 01-Nov-1985,11.958 | 11.315,0.000544 | 0.000769,3,01-Jun-1964 | 01-May-1974 | 01-Nov-1985,15.497 | 3.188 | 49.75,8.3e-05 | 0.074158 | 0
PPICMM,1,Prices,2,01-Jan-1973 | 01-Mar-1999,21.325 | 19.147,4e-06 | 1.2e-05,3,01-Jan-1973 | 01-Apr-1987 | 01-Feb-2006,7.984 | 7.901 | 5.039,0.00472 | 0.00494 | 0.024778
CPIAUCSL,1,Prices,0,,,,0,,,
CPIAPPSL,1,Prices,1,01-Nov-1987,70.446,0,2,01-Apr-1974 | 01-Feb-1988,15.492 | 22.647,8.3e-05 | 2e-06
CPITRNSL,1,Prices,1,01-Feb-2000,47.435,0,3,01-Mar-1980 | 01-Jun-1991 | 01-Jul-2001,4.955 | 1.3 | 33.972,0.026019 | 0.25413 | 0
CPIMEDSL,1,Prices,2,01-Apr-1978 | 01-Feb-2013,75.236 | 26.362,0 | 0,5,01-Feb-1974 | 01-Jun-1984 | 01-Jul-1994 | 01-Jan-2005 | 01-Jan-2015,0.865 | 29.032 | 0.742 | 6.421 | 18.887,0.35222 | 0 | 0.3891 | 0.011275 | 1.4e-05
CUSR0000SAC,1,Prices,1,01-Mar-1999,33.446,0,3,01-Mar-1973 | 01-May-1987 | 01-Jun-1999,11.258 | 3.237 | 38.459,0.000793 | 0.072008 | 0
CUSR0000SAD,1,Prices,0,,,,0,,,
CUSR0000SAS,1,Prices,5,01-May-1970 | 01-May-1973 | 01-May-1983 | 01-Feb-2006 | 01-Nov-2019,22.912 | 12.833 | 20.674 | 23.423 | 25.521,2e-06 | 0.000341 | 5e-06 | 1e-06 | 0,1,01-Mar-1984,37.506,0
CPIULFSL,1,Prices,5,01-May-1987 | 01-Mar-1999 | 01-Aug-2009 | 01-Apr-2012 | 01-Aug-2023,13.1 | 27.951 | 30.125 | 13.397 | 12.993,0.000295 | 0 | 0 | 0.000252 | 0.000313,1,01-Jun-1999,9.4,0.00217
CUSR0000SA0L2,1,Prices,5,01-Sep-1975 | 01-Jun-1995 | 01-Jun-2005 | 01-Aug-2009 | 01-Apr-2023,4.88 | 6.709 | 13.324 | 11.837 | 11.352,0.027162 | 0.009595 | 0.000262 | 0.000581 | 0.000754,2,01-Apr-1987 | 01-Jun-1999,14.189 | 32.271,0.000165 | 0
CUSR0000SA0L5,1,Prices,0,,,,0,,,
PCEPI,1,Prices,1,01-Jun-1972,17.594,2.7e-05,1,01-Feb-1973,30.181,0
DDURRG3M086SBEA,1,Prices,2,01-Mar-2002 | 01-Aug-2015,14.308 | 35.865,0.000155 | 0,2,01-Jun-1981 | 01-Jan-2016,7.572 | 21.202,0.005928 | 4e-06
DNDGRG3M086SBEA,1,Prices,4,01-Dec-1972 | 01-Jan-1986 | 01-Mar-1999 | 01-Aug-2009,3.243 | 0.27 | 23.148 | 10.326,0.071736 | 0.60332 | 2e-06 | 0.001312,3,01-Jan-1973 | 01-Jan-1983 | 01-Apr-1999,10.871 | 1.824 | 22.572,0.000977 | 0.17685 | 2e-06
DSERRG3M086SBEA,1,Prices,4,01-Sep-1969 | 01-Dec-1972 | 01-Sep-1978 | 01-Oct-1988,14.498 | 28.902 | 13.478 | 24.666,0.00014 | 0 | 0.000241 | 1e-06,3,01-Jan-1973 | 01-Oct-1978 | 01-Oct-1988,25.731 | 10.091 | 28.181,0 | 0.00149 | 0
CES0600000008,1,Labor Market,1,01-Jun-1982,30.911,0,1,01-May-1983,38.003,0
CES2000000008,1,Labor Market,1,01-Apr-1969,16.415,5.1e-05,1,01-Apr-1988,48.632,0
CES3000000008,1,Labor Market,1,01-Mar-1982,27.045,0,1,01-Apr-1982,34.531,0
UMCSENTx,0,Orders and Inventories,NaN,,,,NaN,,,
DTCOLNVHFNM,1,Money and Credit,3,01-Sep-1976 | 01-Dec-1988 | 01-Jan-2011,6.705 | 2.575 | 17.773,0.009615 | 0.10855 | 2.5e-05,3,01-Oct-1976 | 01-Feb-1998 | 01-May-2011,43.788 | 3.281 | 16.027,0 | 0.070098 | 6.2e-05
DTCTHFNM,1,Money and Credit,1,01-Dec-1974,8.809,0.002997,2,01-Sep-1962 | 01-Jan-1974,4.412 | 22.736,0.035687 | 2e-06
INVEST,1,Money and Credit,3,01-Oct-1978 | 01-Jan-1994 | 01-Jul-2009,65.616 | 22.924 | 15.408,0 | 2e-06 | 8.7e-05,1,01-Mar-1973,10.591,0.001137
VIXCLSx,1,Stock Market,2,01-Mar-1975 | 01-Sep-1987,27.178 | 29.152,0 | 0,0,,,
