series_name,include_main_2007,uv2007_nobs,uv2007_mean_pre84,uv2007_mean_post84,uv2007_ratio_post_pre84,uv2007_pct_change_post84,uv2007_break_found,uv2007_break_date,uv2007_mu1,uv2007_mu2,uv2007_delta,uv2007_ratio_break,uv2007_pct_change_break,uv2007_ssr_nobreak,uv2007_ssr_best,uv2007_ssr_gain_pct,uv2007_supw_found,uv2007_supw_stat,uv2007_supw_hac_lag,uv2007_supw_break_date,uv2007_supw_mu1,uv2007_supw_mu2,uv2007_supw_ratio,uv2007_supw_pct_change,uv2007_hansen_pval,uv2007_hansen_sig5
RPI,1,586,0.00385386475713746,0.00367837984109271,0.954465211650266,-4.55347883497336,1,01-Jan-1994,0.00400967142486131,0.00316031595715436,-0.000849355467706951,0.788173299577451,-21.1826700422549,0.0129723592485767,0.0128862178632363,0.66403792625345,1,2.60126301158133,5,01-Jan-1994,0.00400967142486131,0.00316031595715436,0.788173299577451,-21.1826700422549,0.645126254127287,0
W875RX1,1,586,0.00374375570601987,0.00418092440692887,1.1167727638334,11.67727638334,1,01-Jun-1972,0.00319804842742968,0.0042442668572786,0.00104621842984892,1.32714277272211,32.7142772722106,0.0146910178167944,0.0145637036600001,0.866612227838564,1,5.88968203336903,5,01-Jun-1972,0.00319804842742968,0.0042442668572786,1.32714277272211,32.7142772722108,0.170521953045158,0
DPCERA3M086SBEA,1,586,0.00580827179924616,0.00446030015308175,0.7679220785881,-23.20779214119,1,01-Feb-1987,0.00617396516426616,0.00376391658027789,-0.00241004858398826,0.609643313516376,-39.0356686483624,0.0130520879409035,0.0122194939632867,6.37900986713057,1,33.107257651556,5,01-Jan-1992,0.00594080602862372,0.00350163905212845,0.589421542339039,-41.0578457660962,3.58487161622456e-07,1
CMRMTSPLx,1,586,0.0134700425653204,0.00845256558757629,0.627508454155745,-37.2491545844255,1,01-Aug-1966,0.0191837037315856,0.00951991580210634,-0.00966378792947928,0.496250147276408,-50.3749852723592,0.0550766213632768,0.0479624986591895,12.9167739922964,1,37.6516410836943,5,01-Aug-1966,0.0191837037315855,0.00951991580210636,0.496250147276412,-50.3749852723588,3.75960524934271e-08,1
RETAILx,1,586,0.012181338071986,0.0100266989459491,0.823119667699557,-17.6880332300443,1,01-Feb-1987,0.0128360400752329,0.00881927430642758,-0.00401676576880532,0.687071266117683,-31.2928733882317,0.0714398775192507,0.0691270955938556,3.23738226562861,1,13.637829048933,5,01-Jan-1987,0.0127117360678652,0.00900118111215262,0.708100063130422,-29.1899936869578,0.00481152915582361,1
INDPRO,1,586,0.00913347494353695,0.00495417785392356,0.542419822088552,-45.7580177911448,1,01-Jan-1984,0.00917490952942616,0.00489644880071629,-0.00427846072870987,0.533678156172787,-46.6321843827213,0.0299891372984097,0.0273085462122135,8.93854017714049,1,31.7196271836473,5,01-Jan-1984,0.00917490952942617,0.00489644880071629,0.533678156172787,-46.6321843827213,7.12498292587682e-07,1
IPFPNSS,1,586,0.00811579791438844,0.00531644781018967,0.655073951602981,-34.4926048397019,1,01-Sep-1983,0.00818254653727155,0.00527764095988754,-0.00290490557738401,0.644987588625112,-35.5012411374888,0.0210112837849515,0.0197751045908929,5.88340630068484,1,22.6118272365047,5,01-Jan-1984,0.00815748639773074,0.00526326242125746,0.64520639871635,-35.479360128365,6.29568922884127e-05,1
IPFINAL,1,586,0.00855090361271066,0.00613236772142611,0.717160197234655,-28.2839802765345,1,01-Jan-1984,0.00859640040236668,0.00607654167265108,-0.00251985872971559,0.706870479297143,-29.3129520702857,0.0248413988547018,0.0239115596433282,3.74310326408059,1,15.0572578480263,5,01-Jan-2000,0.007687788106317,0.00567986547533524,0.738816600664128,-26.1183399335872,0.00244426023472133,1
IPCONGD,1,586,0.00948527933421725,0.0068076383162357,0.717705623246938,-28.2294376753062,1,01-Sep-1975,0.0103224633808257,0.0070621262632773,-0.00326033711754838,0.684151253701266,-31.5848746298734,0.0329561022901239,0.0315591182583484,4.238923703651,1,20.2421203875805,5,01-Mar-2000,0.00856214634988289,0.00608682716322968,0.710899687356189,-28.9100312643811,0.000199919235182922,1
IPDCONGD,1,586,0.022043267905124,0.0156343397947012,0.709256897026004,-29.0743102973996,1,01-Feb-1971,0.0252329980649116,0.0168281266408453,-0.0084048714240663,0.666909520523687,-33.3090479476313,0.26620830107053,0.258535582063842,2.88222379836864,1,12.0666006140827,5,01-Aug-1998,0.0200998283133712,0.0137880810362763,0.685980040292377,-31.4019959707623,0.0101252491752707,1
IPNCONGD,1,586,0.00759100976090079,0.00671427162211856,0.88450309426579,-11.549690573421,1,01-Sep-1975,0.00806875539593329,0.00669289098741048,-0.00137586440852281,0.829482449149932,-17.0517550850068,0.0184825889540323,0.0182338076740381,1.34603047556222,1,5.20027757966717,5,01-Sep-1975,0.00806875539593329,0.00669289098741047,0.829482449149932,-17.0517550850068,0.229466146284216,0
IPBUSEQ,1,586,0.0126925865903307,0.00903431555023366,0.711778918027323,-28.8221081972677,1,01-Oct-1982,0.0128379234341323,0.00906722989103395,-0.00377069354309838,0.70628477709462,-29.371522290538,0.0488191834723375,0.0467381927618593,4.26264956204634,1,14.5197135879669,5,01-Jan-1984,0.0127219372688012,0.00899099107670477,0.706731285238603,-29.3268714761397,0.00316052955864088,1
IPMAT,1,586,0.0126591094720833,0.00554403155466196,0.437947990487643,-56.2052009512357,1,01-Jan-1984,0.0126919302413139,0.00548504727620421,-0.00720688296510969,0.432168092001456,-56.7831907998544,0.0681469792974896,0.0605410828555916,11.161017730067,1,35.0421175031685,5,01-Jan-1984,0.0126919302413139,0.00548504727620421,0.432168092001456,-56.7831907998544,1.37380059883618e-07,1
IPDMAT,1,586,0.0189186296613644,0.00837721058128627,0.442802186587234,-55.7197813412766,1,01-Feb-1984,0.0189539878465253,0.00826640535852952,-0.0106875824879958,0.436130139233203,-56.3869860766798,0.172547338963326,0.155823012704357,9.69260167061975,1,28.9563866575848,5,01-Feb-1984,0.0189539878465253,0.00826640535852953,0.436130139233203,-56.3869860766797,2.79006438119733e-06,1
IPNMAT,1,586,0.0106392771111839,0.00674291744016411,0.633775901285249,-36.6224098714751,1,01-Jan-1984,0.0106505056299288,0.00671764327021378,-0.00393286235971507,0.630734680927882,-36.9265319072118,0.0442076417590077,0.041942616946219,5.12360470421884,1,15.3292623875066,5,01-Jan-1984,0.0106505056299288,0.00671764327021377,0.630734680927881,-36.9265319072119,0.00214572654008749,1
IPMANSICS,1,586,0.0101113341233839,0.00562409209522235,0.556216620536336,-44.3783379463664,1,01-Feb-1984,0.0101398537335617,0.00556279710532844,-0.00457705662823327,0.54860723354581,-45.139276645419,0.0367651991862172,0.0336978568909321,8.34305909713384,1,28.2619654033211,5,01-Feb-1984,0.0101398537335617,0.00556279710532844,0.54860723354581,-45.139276645419,3.92931431059118e-06,1
IPB51222S,1,586,0.0209317511685933,0.0347064972975696,1.65807901202477,65.807901202477,1,01-Aug-1973,0.0139202434001318,0.033521870675529,0.0196016272753972,2.40813825677873,140.813825677873,0.403628707055339,0.356624892738473,11.645310032525,1,125.529753399622,5,01-Jun-1971,0.0125869557092819,0.0328088210615688,2.60657317141227,160.657317141227,0,1
IPFUELS,1,586,0.0185863541091042,0.0164802151993753,0.886683590694247,-11.3316409305753,1,01-Nov-1986,0.0192418141088333,0.0153261320304018,-0.00391568207843151,0.796501408012566,-20.3498591987434,0.148488819317098,0.146284462039497,1.48452744640212,1,7.13483075197845,5,01-Nov-1992,0.0187976216266464,0.0147624239952561,0.785334670974004,-21.4665329025996,0.0984292524627128,0
CUMFNS,1,586,0.810857928092066,0.446329020398345,0.550440471672453,-44.9559528327547,1,01-Feb-1984,0.813901020176433,0.440587812563738,-0.373313207612695,0.541328492828563,-45.8671507171437,234.321564589116,213.916574770141,8.70811436188341,1,30.6303335413817,5,01-Feb-1984,0.813901020176433,0.440587812563738,0.541328492828563,-45.8671507171437,1.22091237098054e-06,1
HWI,1,586,87.0716865263181,163.489336754901,1.87764063471407,87.7640634714071,1,01-Oct-1995,98.4440146023145,203.540583186547,105.096568584232,2.06757702851506,106.757702851506,8112826.6662913,6901991.60161844,14.9249468092775,1,64.7420587742522,5,01-May-1969,61.8642451823612,141.302352943464,2.28407139741118,128.407139741118,4.89608353859694e-14,1
HWIURATIO,1,586,0.033060709385425,0.0280269165186928,0.847740929934451,-15.2259070065549,1,01-Jan-1975,0.0380301249410888,0.02698756833036,-0.0110425566107288,0.709636593941397,-29.0363406058603,0.447057066510481,0.43135806194951,3.51163324259927,1,7.26737993880893,5,01-Jan-1975,0.0380301249410889,0.02698756833036,0.709636593941394,-29.0363406058605,0.0927602628107529,0
CLF16OV,1,586,0.00306861807461268,0.00198206625586009,0.645914938798716,-35.4085061201284,1,01-Oct-1983,0.00308167613544577,0.00197623148907013,-0.00110544464637564,0.64128461337624,-35.871538662376,0.00329893866970963,0.00311993328535015,5.42615071941421,1,33.5357230542644,5,01-Oct-1983,0.00308167613544577,0.00197623148907013,0.64128461337624,-35.871538662376,2.89926886387626e-07,1
CE16OV,1,586,0.00341684196490545,0.00228217677624561,0.667919909579065,-33.2080090420935,1,01-Aug-1984,0.003423165244184,0.00224284732992948,-0.00118031791425451,0.655196921545085,-34.4803078454915,0.00425071301758197,0.00404701826596442,4.79201373451983,1,21.8282231928741,5,01-Aug-1984,0.003423165244184,0.00224284732992949,0.655196921545085,-34.4803078454915,9.2309922061995e-05,1
UNRATE,1,586,0.191406220027112,0.13138975223898,0.686444527353235,-31.3555472646765,1,01-Jul-1984,0.192747274441769,0.128439087217673,-0.0643081872240964,0.66636006962825,-33.363993037175,13.9312656014951,13.3264248028266,4.34160697218786,1,20.1588788121148,5,01-May-1991,0.181810739644203,0.123208773721604,0.677675994073395,-32.2324005926605,0.000208178317945618,1
UEMPMEAN,1,586,0.475970567630301,0.46153429749728,0.969669826004381,-3.03301739956193,1,01-Jun-1966,0.601716195098311,0.445401770410432,-0.156314424687878,0.740219016936482,-25.9780983063518,97.2212746592305,95.3939634766473,1.87953839217608,1,4.65867605279007,5,01-Jun-1966,0.601716195098312,0.445401770410432,0.74021901693648,-25.978098306352,0.288354959727085,0
UEMPLT5,1,586,0.054098851800494,0.043772144299563,0.809114109500625,-19.0885890499375,1,01-Apr-1970,0.0607280694000459,0.0455537037504762,-0.0151743656495698,0.750125999402209,-24.9874000597791,1.00493224639461,0.981132808115093,2.36826297144961,1,8.32344418593121,5,01-Sep-1980,0.0558448127045027,0.0436208834995571,0.781108958684716,-21.8891041315284,0.0575606856271451,0
UEMP5TO14,1,586,0.0606475462347723,0.0465852499895793,0.768130829386624,-23.1869170613376,1,01-Jan-1975,0.0671193478892127,0.0472651274129655,-0.0198542204762473,0.70419527154795,-29.580472845205,1.11465775477934,1.06390746487247,4.5529930321007,1,15.459171152896,5,01-Jan-1981,0.0633369861274427,0.0459191746855838,0.724997785546476,-27.5002214453524,0.0020161989923444,1
UEMP15OV,1,586,0.0598805202150314,0.0444354206956761,0.742068047106274,-25.7931952893726,1,01-Jun-1976,0.0654724772537844,0.0450357696181135,-0.0204367076356709,0.687858036034682,-31.2141963965318,1.11678117074019,1.06074358932594,5.01777634530697,1,15.865891661637,5,01-Feb-1971,0.0685609293701275,0.0469887383600355,0.685357371781907,-31.4642628218093,0.00165876506243956,1
UEMP15T26,1,586,0.086024632270769,0.0658731864407666,0.76574795732257,-23.425204267743,1,01-Feb-1971,0.100593888149216,0.06814773352521,-0.0324461546240059,0.677454016133894,-32.2545983866106,2.2194732566314,2.10512919561728,5.15185576904248,1,25.125942106112,5,01-Jul-1971,0.0997925741791171,0.0680497129495228,0.681911590208915,-31.8088409791085,1.83752717888286e-05,1
UEMP27OV,1,586,0.0834523923599166,0.0565312077398073,0.677406676323878,-32.2593323676122,1,01-Jul-1976,0.0910002120579419,0.0587022717034743,-0.0322979403544676,0.645078405598629,-35.4921594401371,2.05735625174043,1.91709436496358,6.81757895153999,1,27.0592137887235,5,01-Jan-1981,0.0869370264651631,0.056611030315733,0.651172838749182,-34.8827161250818,7.1052229074775e-06,1
CLAIMSx,1,586,0.056415366711507,0.0396087162757462,0.702090912185229,-29.7909087814771,1,01-Apr-1984,0.0563664045227087,0.0394240683154436,-0.0169423362072651,0.699424926057871,-30.0575073942129,1.09628346677728,1.05427137955829,3.83222847850641,1,18.581690575605,5,01-Apr-1985,0.0559386637041319,0.0391704013395095,0.700238417325942,-29.9761582674058,0.000447577160060386,1
PAYEMS,1,586,0.00270376723414127,0.00139256955747175,0.515047870943684,-48.4952129056316,1,01-Jul-1984,0.00270677066017942,0.00135664632374106,-0.00135012433643836,0.50120475432194,-49.879524567806,0.00203352317963404,0.00176692567841907,13.1101284649704,1,38.5265357786916,5,01-Nov-1984,0.00269572433488021,0.00134947237851255,0.500597320375682,-49.9402679624318,2.43348693418355e-08,1
USGOOD,1,586,0.00559760621766285,0.00264142154174991,0.471884130293962,-52.8115869706038,1,01-Jun-1984,0.00560435754013114,0.00257124597406963,-0.00303311156606152,0.458794064378958,-54.1205935621042,0.00979075312634995,0.00844488705106477,13.7462977353911,1,41.0784095691232,5,01-Jul-1984,0.00559784506556342,0.00256752068288491,0.458662333954126,-54.1337666045874,6.83309298032952e-09,1
CES1021000001,1,586,0.0142779776152705,0.00679618385494274,0.475990650641875,-52.4009349358125,1,01-Sep-1986,0.0141314934828016,0.00601809386967372,-0.00811339961312785,0.42586396667825,-57.413603332175,0.283570682022619,0.274089198552836,3.34360498841223,1,15.8241238562417,5,01-Aug-1989,0.0134607755838387,0.00584315643585972,0.434087649665233,-56.5912350334767,0.00169236520675808,1
USCONS,1,586,0.0106457040025514,0.00522539911837591,0.490845801942601,-50.9154198057399,1,01-Jun-1984,0.0106854998431284,0.00506717300192043,-0.00561832684120792,0.47421019852235,-52.578980147765,0.0449550144014294,0.0403371723258453,10.2721401317964,1,48.4099295881411,5,01-May-1994,0.00934155026872158,0.00445312254713714,0.476700592411045,-52.3299407588955,1.76065051427088e-10,1
MANEMP,1,586,0.00559295441517192,0.00244080756381771,0.436407555405166,-56.3592444594834,1,01-Apr-1984,0.00559679617962199,0.0023923258727285,-0.00320447030689348,0.427445594935009,-57.2554405064991,0.0109443503212871,0.00944141541794301,13.7325182329083,1,36.2098389415684,5,01-Jul-1984,0.0055760459521257,0.00238063693488397,0.426939977776981,-57.3060022223019,7.6951968464023e-08,1
DMANEMP,1,586,0.00754186390346912,0.00319176687047741,0.423206638482201,-57.6793361517799,1,01-Jun-1984,0.00752493247159452,0.00311746393817928,-0.00440746853341523,0.414284639755538,-58.5715360244462,0.022857310374182,0.02001544489427,12.433070354253,1,37.3710004625178,5,01-Jul-1984,0.00751703601680431,0.00311034988187181,0.413773444070061,-58.6226555929939,4.32231742619749e-08,1
NDMANEMP,1,586,0.00350788635190405,0.00208926265820521,0.595590178419315,-40.4409821580685,1,01-Apr-1984,0.00350879280703434,0.00206831813628922,-0.00144047467074512,0.589467161509995,-41.0532838490005,0.00405173150354515,0.00374803561033912,7.49545948294709,1,17.4840062629165,5,01-Apr-1984,0.00350879280703434,0.00206831813628922,0.589467161509995,-41.0532838490005,0.000761029439217742,1
SRVPRD,1,586,0.00188185515851537,0.00131828894428209,0.700526253743201,-29.94737462568,1,01-Nov-1984,0.00188756913084325,0.00128953498830419,-0.000598034142539062,0.683172323192265,-31.6827676807735,0.00113472775384553,0.00108248902617122,4.60363532109537,1,14.3640069750608,5,01-May-1985,0.00188088224339178,0.00128406696133731,0.682693967604139,-31.7306032395861,0.00340440273167653,1
USTPU,1,586,0.00253044436995652,0.00187899406366021,0.742554978077822,-25.7445021922178,1,01-Nov-1984,0.00257225470736093,0.00180648378341753,-0.000765770923943398,0.702295841173108,-29.7704158826892,0.00230479359010242,0.0022191414187622,3.71626212898409,1,11.0734297609675,5,01-Nov-1984,0.00257225470736093,0.00180648378341753,0.702295841173108,-29.7704158826892,0.016144505412234,1
USWTRADE,1,586,0.00265793068794238,0.00210567624997277,0.792223912957965,-20.7776087042035,1,01-Dec-1992,0.00262649861054949,0.00184522038397718,-0.000781278226572318,0.702540019083099,-29.7459980916901,0.00202321590261939,0.00194709352144627,3.76244478281199,1,8.51476204557195,5,01-Dec-1992,0.0026264986105495,0.00184522038397718,0.702540019083099,-29.7459980916901,0.0527528272422324,0
USTRADE,1,586,0.00307158949002803,0.00229057248941235,0.745728716955419,-25.4271283044581,1,01-Apr-1968,0.00370727880190672,0.00245213839657431,-0.00125514040533241,0.661438895643115,-33.8561104356885,0.00390591745645447,0.0037651550629281,3.6038240719542,1,16.9679852263671,5,01-Jan-1992,0.00301840654106671,0.00200391602752754,0.66389864992121,-33.610135007879,0.000976139334384674,1
USFIRE,1,586,0.00158378399336885,0.00199511636182477,1.25971494230155,25.971494230155,1,01-Jun-1966,0.000872548644922263,0.00194734309533392,0.00107479445041166,2.23178742717251,123.178742717251,0.00104584378376107,0.000959453434545197,8.2603492564818,1,64.8485638435882,5,01-Jun-1966,0.000872548644922253,0.00194734309533392,2.23178742717254,123.178742717254,4.64073224293315e-14,1
USGOVT,1,586,0.00282788080409877,0.00183192195140512,0.647807343488421,-35.2192656511579,1,01-Jul-1982,0.00288274488461859,0.00183688750507634,-0.00104585737954225,0.63720085494814,-36.279914505186,0.00411737257012483,0.00395739707113458,3.88537826649483,1,13.3110086847229,5,01-Jul-1982,0.00288274488461859,0.00183688750507634,0.637200854948139,-36.2799145051861,0.00561985397572984,1
CES0600000007,1,586,0.563220546468277,0.489479293578987,0.869072154146912,-13.0927845853088,1,01-Mar-1993,0.47296588890693,0.651789326753448,0.178823437846518,1.37808950294449,37.8089502944485,116.217754674481,112.267293134396,3.39918935032756,1,15.193141992461,5,01-Aug-2000,0.559599600080217,0.342376801799393,0.611824600572112,-38.8175399427888,0.00229030482152959,1
AWOTMAN,1,586,0.130521857326544,0.0995979562714529,0.763074923323191,-23.6925076676809,1,01-May-1996,0.125501749085516,0.0825931154551298,-0.0429086336303858,0.658103301802206,-34.1896698197794,10.6737627946789,10.4785473934103,1.82892767081048,1,14.1254411404386,5,01-May-1996,0.125501749085515,0.0825931154551297,0.658103301802206,-34.1896698197794,0.00381466134509778,1
AWHMAN,1,586,0.643780077962137,0.57287464755147,0.889860788120198,-11.0139211879802,1,01-Mar-1993,0.550192952226755,0.744663526931059,0.194470574704304,1.35345886187244,35.3458861872436,159.878329247189,155.206287082004,2.92224855437519,1,8.82695163416475,5,01-Aug-2000,0.644062634729932,0.410126927636747,0.636781122706678,-36.3218877293322,0.0457337155201456,1
HOUST,1,586,0.228329427125636,0.178542963850903,0.781953364918929,-21.8046635081071,1,01-Nov-1970,0.13712040157825,0.225008014044868,0.0878876124666176,1.64095212276973,64.0952122769731,16.8793538288454,16.0522941641495,4.89983013024178,1,15.79649963308,5,01-Jun-1966,0.115577602690145,0.219461272762584,1.8988218102338,89.8821810233798,0.00171495765450269,1
HOUSTNE,1,586,0.359135496900322,0.324031689420599,0.902254698344491,-9.77453016555086,1,01-Oct-1997,0.38079346422914,0.193896206779567,-0.186897257449573,0.509189954644,-49.0810045356,26.8349290486894,23.460610709533,12.5743516334031,1,59.1715359209809,5,01-Sep-1998,0.378184432565339,0.186539632080112,0.493250424970582,-50.6749575029418,8.03357380618763e-13,1
HOUSTMW,1,586,0.32326613960638,0.186420801975044,0.576679024292604,-42.3320975707396,1,01-Nov-1985,0.321599705871215,0.176562245233411,-0.145037460637804,0.549012458687122,-45.0987541312878,29.114157184985,26.0605465105369,10.4884048507607,1,19.5277477808198,5,01-Nov-1985,0.321599705871215,0.176562245233411,0.549012458687123,-45.0987541312877,0.000282891526026341,1
HOUSTS,1,586,0.286374186877165,0.236372186130129,0.82539627159733,-17.460372840267,1,01-Mar-1993,0.284273231282283,0.209869749719879,-0.0744034815624044,0.738267717903689,-26.1732282096311,19.1762240271278,18.492335254055,3.56633700203617,1,4.72795925668166,5,01-Mar-1993,0.284273231282283,0.209869749719879,0.738267717903689,-26.1732282096311,0.280126280801654,0
HOUSTW,1,586,0.333509922325274,0.222456992852921,0.667017614654227,-33.2982385345773,1,01-Mar-1987,0.331966125588436,0.207152556109518,-0.124813569478918,0.624017151576306,-37.5982848423694,28.2098774219558,25.9791051430654,7.90777019525163,1,12.5713513957376,5,01-Mar-1987,0.331966125588436,0.207152556109518,0.624017151576306,-37.5982848423694,0.00797850460414884,1
PERMIT,1,576,0.280326247530154,0.22651458135061,0.808039144911839,-19.1960855088161,1,01-Sep-1982,0.2861344761854,0.223945368709722,-0.0621891074756783,0.782657761816221,-21.7342238183779,19.7314951558025,19.1760880394038,2.81482529333526,1,3.79851023291516,5,01-Sep-2000,0.240667194813831,0.325102304065481,1.35083763417347,35.0837634173472,0.409781071763686,0
PERMITNE,1,576,0.349964188633051,0.285569219898381,0.815995548041087,-18.4004451958913,1,01-Nov-1997,0.366317437045158,0.135199899185997,-0.23111753785916,0.369078524562101,-63.0921475437899,27.689767786482,22.5842465378167,18.4382956478163,1,86.894701795892,5,01-Jun-1998,0.363907787623482,0.13077389276319,0.359359973077837,-64.0640026922163,0,1
PERMITMW,1,576,0.341086969859339,0.206900737162305,0.606592322326558,-39.3407677673442,1,01-Feb-1985,0.341588631989245,0.199491579421465,-0.14209705256778,0.584011178181557,-41.5988821818443,30.5575636686382,27.65684799383,9.49262744328448,1,13.4022071314777,5,01-Apr-1985,0.340851367191279,0.199270749985604,0.584626523952821,-41.5373476047179,0.00538166889617753,1
PERMITS,1,576,0.408810566889057,0.324732354542124,0.794334542311989,-20.5665457688011,1,01-Apr-1967,0.589021650463805,0.326693557646241,-0.262328092817565,0.554637605237425,-44.5362394762575,34.311950427936,29.1813332082968,14.9528579857762,1,22.9977576264669,5,01-May-1967,0.587292690095309,0.326470866434698,0.555891247993766,-44.4108752006234,5.2131029869118e-05,1
PERMITW,1,576,0.345564738792203,0.245998660291938,0.711874310879454,-28.8125689120546,1,01-Jan-1987,0.346835670666248,0.229675960038654,-0.117159710627594,0.662203975725628,-33.7796024274372,28.2728519315026,26.3288746744307,6.87577348681209,1,9.39845559583285,5,01-Jul-1993,0.331431967785656,0.21273512091684,0.64186663205168,-35.813336794832,0.0351669155863846,1
ACOGNO,0,NaN,NaN,NaN,NaN,NaN,0,,NaN,NaN,NaN,NaN,NaN,NaN,NaN,NaN,0,NaN,NaN,,NaN,NaN,NaN,NaN,NaN,0
AMDMNOx,1,586,0.0337709670252706,0.0348428561352677,1.03173995903626,3.17399590362639,1,01-Oct-1999,0.0333523074250109,0.0390057624192083,0.00565345499419742,1.16950716249269,16.9507162492688,0.478958533122717,0.47635012129945,0.544600762462864,1,1.87839038531471,5,01-Nov-1988,0.0327011389342037,0.0367868303099432,1.12494033874356,12.4940338743556,0.819159408181608,0
ANDENOx,1,478,0.0819066001220362,0.0676059852349446,0.825403387934739,-17.4596612065261,1,01-Jan-1992,0.0824700396336107,0.059496735057616,-0.0229733045759947,0.721434539402938,-27.8565460597062,1.92358211071507,1.86305717899029,3.14646987969115,1,10.4481004584689,5,01-Jan-1992,0.0824700396336107,0.059496735057616,0.721434539402938,-27.8565460597062,0.021618930127647,1
AMDMUOx,1,586,0.0122748854968173,0.00882561173462718,0.718997479603008,-28.1002520396992,1,01-Apr-1979,0.0132265121938613,0.0087176631009005,-0.00450884909296078,0.65910521028715,-34.089478971285,0.0396816979287289,0.0367936287436227,7.27808873071254,1,15.4048770389893,5,01-Jun-1979,0.0131912133624481,0.00871647952393819,0.660779208435191,-33.9220791564809,0.00206936261848489,1
BUSINVx,1,586,0.005254939549128,0.00429259022771444,0.816867670423868,-18.3132329576132,1,01-Dec-1972,0.00354507676415893,0.00527084578183695,0.00172576901767802,1.48680723507195,48.6807235071948,0.0157152681525825,0.0153609241404157,2.25477547520291,1,9.57235336098555,5,01-Dec-1972,0.00354507676415894,0.00527084578183695,1.48680723507194,48.6807235071943,0.0324545302104483,1
ISRATIOx,1,586,0.0182316118473934,0.0134655031952532,0.738579962537895,-26.1420037462105,1,01-Feb-1987,0.0186525246718096,0.0121753478441125,-0.00647717682769704,0.652745301686356,-34.7254698313644,0.141990944539773,0.135977086431907,4.23538143742784,1,22.573421407717,5,01-May-1991,0.0181201633389816,0.0115506635104034,0.637448089971386,-36.2551910028614,6.41497627040799e-05,1
M1SL,1,586,0.00422853181472342,0.00610450111465497,1.44364554463078,44.3645544630778,1,01-Dec-1999,0.00430296772086709,0.00947650644357645,0.00517353872270936,2.20231873867435,120.231873867435,0.024236610360894,0.02208806214052,8.86488740950628,1,19.7494612662469,5,01-Jun-1966,0.00318797113260818,0.00549730389987689,1.72438948510157,72.4389485101573,0.00025401296642813,1
M2SL,1,586,0.00226711910066049,0.00273637012270768,1.20698119561098,20.6981195610977,1,01-Jan-2000,0.00217334337431968,0.00417436305837553,0.00200101968405585,1.92071032479266,92.0710324792658,0.00459791614318451,0.00427919549275696,6.93185000557221,1,24.829278952829,5,01-Jun-1966,0.0015276241148176,0.00266916699845922,1.74726686530339,74.7266865303394,2.12546776880984e-05,1
M2REAL,1,586,0.00491913575109055,0.00391310328690057,0.795485931859687,-20.4514068140313,1,01-Mar-1983,0.00503158523444619,0.00383416857810572,-0.00119741665634048,0.762019999553427,-23.7980000446573,0.00699646229741533,0.00678644877165858,3.00171024768236,1,13.0474075174065,5,01-Feb-1969,0.00342742389232647,0.00468151359092955,1.36589862765759,36.5898627657587,0.0063684953557992,1
BOGMBASE,1,586,0.011465377109431,0.0104639853753537,0.912659503083104,-8.73404969168959,1,01-May-1992,0.0123628169297029,0.00800826851209013,-0.00435454841761273,0.647770533012544,-35.2229466987456,0.062270785951232,0.059856419800163,3.87720520013973,1,13.207764550766,5,01-May-1992,0.0123628169297029,0.00800826851209013,0.647770533012544,-35.2229466987456,0.00590209752620385,1
TOTRESNS,1,586,0.0249214404283886,0.045233761059571,1.81505403708704,81.5054037087044,1,01-Dec-1999,0.0296450802054775,0.061748157626378,0.0321030774209004,2.08291416985166,108.291416985165,1.26188445210576,1.17915445115331,6.55606785664045,1,32.0373616709459,5,01-Dec-1968,0.017910119828709,0.0391891416517706,2.18810047205561,118.810047205561,6.0885145958256e-07,1
NONBORRES,1,586,0.0274517300136846,0.0473241798608126,1.72390519057348,72.3905190573475,1,01-Dec-1999,0.0318773936127539,0.0644797549348189,0.032602361322065,2.02274237718798,102.274237718798,1.28411831196353,1.19879497944484,6.64450710840047,1,40.9161798066639,5,01-Dec-1968,0.0190739467525209,0.041793276981185,2.19111846769004,119.111846769004,7.4081499823464e-09,1
BUSLOANS,1,586,0.00568698529910217,0.00594526370335005,1.04541569753814,4.54156975381423,1,01-Mar-1998,0.0056029338669978,0.00665967164166914,0.00105673777467134,1.18860436331325,18.8604363313245,0.0151878767778266,0.0150833095600571,0.688491349378102,1,2.79513900322859,5,01-Dec-1997,0.00559991533328778,0.0066449751698763,1.18662064949024,18.662064949024,0.601742485388469,0
REALLN,1,586,0.00244741166146339,0.00428647256296438,1.75143096294694,75.1430962946936,1,01-Oct-1999,0.00263911974170184,0.00689737080917688,0.00425825106747505,2.61351188435623,161.351188435623,0.011412855010845,0.00993302847876946,12.9663132552665,1,19.047729164013,5,01-Dec-1995,0.00250151308073019,0.00595947216366033,2.38234699213357,138.234699213357,0.000357089697307522,1
NONREVSL,1,586,0.00460026066507878,0.0045067010640048,0.979662108761747,-2.03378912382532,1,01-May-1975,0.00366924267911954,0.00499566563222135,0.00132642295310181,1.36149774465724,36.1497744657241,0.0332629755186805,0.0330340586430619,0.688203241138557,1,3.49967834192201,5,01-May-1975,0.00366924267911956,0.00499566563222135,1.36149774465723,36.1497744657235,0.461064474142754,0
CONSPI,1,586,0.81495399906662,0.753292933401256,0.92433798013632,-7.56620198636796,1,01-Dec-1994,0.842770155716213,0.624445446047711,-0.218324709668502,0.740943947542895,-25.9056052457105,424.610755081188,419.154417645383,1.2850210152498,1,6.12083079929718,5,01-Dec-1994,0.842770155716213,0.624445446047711,0.740943947542895,-25.9056052457105,0.154165026225603,0
S&P 500,1,586,0.0327081851445746,0.0310085803415608,0.94803732473993,-5.19626752600698,1,01-Feb-1991,0.0335069186256965,0.0287666017781449,-0.00474031684755161,0.858527222377403,-14.1472777622597,0.485000844528277,0.482026442144769,0.613277774062747,1,3.1589696160058,5,01-Nov-1969,0.0277452319921743,0.0330380205349283,1.19076389572979,19.0763895729792,0.52564381000885,0
S&P div yield,1,586,0.132284766071046,0.0753527152106499,0.569625040348034,-43.0374959651966,1,01-Mar-1991,0.131587110065569,0.0520467905203725,-0.0795403195451965,0.395531070592233,-60.4468929407767,7.58320777671083,6.74773205588329,11.0174446675906,1,72.5844720215582,5,01-Apr-1991,0.131436232129335,0.0519402833395778,0.39517477409477,-60.482522590523,9.99200722162641e-16,1
S&P PE ratio,1,586,0.0358483730209259,0.0341497520877493,0.952616512548977,-4.73834874510226,1,01-Nov-1969,0.0295103926354077,0.0365669652331293,0.00705657259772158,1.23912160996648,23.9121609966478,0.558309464924117,0.553299947146647,0.897265422170586,1,4.92874286158288,5,01-Nov-1969,0.0295103926354076,0.0365669652331293,1.23912160996648,23.9121609966483,0.257462583936096,0
FEDFUNDS,1,586,0.508428352104504,0.203733948207432,0.400713192653654,-59.9286807346347,1,01-Dec-1984,0.510650516325038,0.187990456341018,-0.32266005998402,0.368139168239592,-63.1860831760408,218.794798597516,203.594098863269,6.94746851007612,1,26.2518585564677,5,01-Jul-1992,0.457620947258593,0.144221763028037,0.315155510017639,-68.4844489982361,1.05692072567276e-05,1
CP3Mx,1,586,0.475329082773387,0.221294515423637,0.465560647230877,-53.4439352769123,1,01-Jul-1989,0.460829000258069,0.168227610924352,-0.292601389333717,0.365054306109517,-63.4945693890483,199.014791930099,187.229501487653,5.92181632739408,1,25.9340071056735,5,01-Dec-1966,0.128859914864634,0.392821250226019,3.04843636315199,204.843636315199,1.23563095770773e-05,1
TB3MS,1,586,0.431365767149938,0.204969082873473,0.47516307153374,-52.483692846626,1,01-Jun-1985,0.433407393898951,0.187486511133974,-0.245920882764977,0.432587246487278,-56.7412753512722,138.433828238915,129.628530431615,6.36065470363428,1,20.9745401756029,5,01-Jun-1966,0.131481324709409,0.353429192577939,2.68805621907951,168.805621907951,0.000139965944888965,1
TB6MS,1,586,0.423918284420882,0.215162656995609,0.507556915808772,-49.2443084191228,1,01-Jun-1985,0.427851622941825,0.19664215230571,-0.231209470636115,0.459603614340963,-54.0396385659037,115.596022196703,107.812709664816,6.73320100811272,1,22.2162730635574,5,01-Jun-1966,0.13784025099872,0.353744080088898,2.56633369081852,156.633369081852,7.63788143207655e-05,1
GS1,1,586,0.443681156782673,0.255198932301429,0.57518541952962,-42.481458047038,1,01-Jun-1985,0.451518235301061,0.233461166181158,-0.218057069119903,0.51705811178477,-48.294188821523,119.444865683769,112.521877796833,5.79596941844685,1,29.6224594223929,5,01-Jun-1966,0.139323287545784,0.388461501847428,2.78820223589522,178.820223589522,2.00849958820193e-06,1
GS5,1,586,0.306774738044024,0.28662045521431,0.934302664690657,-6.56973353093427,1,01-Aug-1969,0.137622501640296,0.340489408330789,0.202866906690493,2.47408239403122,147.408239403122,55.5550506514401,51.4844998888521,7.32705796296943,1,57.5022375578534,5,01-Jun-1966,0.107757114695463,0.330287021979196,3.06510640074796,206.510640074796,1.85573778566095e-12,1
GS10,1,586,0.241496153834231,0.259553093901915,1.07477112898485,7.47711289848457,1,01-Aug-1979,0.160084894222523,0.315694885022387,0.155609990799864,1.9720466853266,97.2046685326604,40.2896641201046,36.8335238351892,8.57823057202097,1,85.7604472621682,5,01-Jun-1966,0.0778640365009902,0.280853633884067,3.60697501060705,260.697501060705,0,1
AAA,1,586,0.177163217921005,0.195681808863431,1.104528418256,10.4528418256002,1,01-Aug-1979,0.0993371172291906,0.249159026631607,0.149821909402417,2.50821680336009,150.821680336009,26.8796249874208,23.6758126948039,11.9191108288015,1,95.9762834925381,5,01-Jun-1966,0.0408542299926657,0.211959493280668,5.18818965181133,418.818965181133,0,1
BAA,1,586,0.159111785243482,0.1967449514728,1.23652029402932,23.652029402932,1,01-Aug-1979,0.100417800289683,0.233456115163123,0.133038314873441,2.32484793024399,132.484793024399,21.0612493821498,18.5350368884879,11.9945994077776,1,109.223699760523,5,01-Jun-1966,0.0402490577536968,0.201879399486744,5.01575467237372,401.575467237372,0,1
COMPAPFFx,1,586,0.573838706978572,0.224720098148211,0.39160847014212,-60.839152985788,1,01-Jan-1987,0.556112675814207,0.196914647603744,-0.359198028210463,0.354091277123724,-64.5908722876276,104.986227939261,86.4727164281705,17.6342286740706,1,52.5864381636297,5,01-Jan-1995,0.488042111029171,0.16372369737243,0.335470431080576,-66.4529568919424,2.17897921928056e-11,1
TB3SMFFM,1,586,0.875907308858175,0.417050735358218,0.476135695113541,-52.3864304886459,1,01-Nov-1982,0.904489744437072,0.409805357668895,-0.494684386768176,0.453079053896787,-54.6920946103213,275.86386067569,240.04018484308,12.9859981459206,1,22.782436535187,5,01-Dec-1982,0.903378384646171,0.409215906046994,0.452983946707196,-54.7016053292804,5.79193755493312e-05,1
TB6SMFFM,1,586,0.954340423554029,0.426345435622866,0.44674355722576,-55.325644277424,1,01-Jun-1982,0.9937091487464,0.421380294214033,-0.572328854532367,0.424047916581647,-57.5952083418353,344.586478684024,296.69335919062,13.8987228043038,1,25.1488895228332,5,01-Feb-1995,0.816357574028195,0.353989998040948,0.433621257770951,-56.6378742229049,1.81694738167204e-05,1
T1YFFM,1,586,0.928073707185349,0.478478634106294,0.515561027536723,-48.4438972463277,1,01-Aug-1982,0.951288880754456,0.480606404575954,-0.470682476178501,0.505216043516446,-49.4783956483554,365.951992375718,333.541835364436,8.85639583511471,1,17.8039286496905,5,01-Mar-1995,0.812864940056685,0.407825439995439,0.501713654874818,-49.8286345125182,0.00065206112501659,1
T5YFFM,1,586,1.47237741211453,1.20617925375707,0.819205214527728,-18.0794785472272,1,01-May-1968,0.592846527666559,1.51650974593932,0.923663218272762,2.55801404776426,155.801404776426,869.865888910043,793.103890645278,8.82457850611313,1,35.3457903707089,5,01-May-1968,0.592846527666545,1.51650974593932,2.55801404776432,155.801404776432,1.18164777185292e-07,1
T10YFFM,1,586,1.6652537793568,1.48986990300429,0.894680391345365,-10.5319608654635,1,01-Apr-1968,0.647475382543981,1.79434005511286,1.14686467256888,2.77128691451212,177.128691451212,1131.45759984953,1013.93365189477,10.3869511301515,1,46.2103566746447,5,01-Jun-1966,0.581577326798922,1.75531998705875,3.01820567304482,201.820567304482,5.28395105447999e-10,1
AAAFFM,1,586,1.94076226700521,1.65009981205516,0.85023283897694,-14.976716102306,1,01-Mar-1968,0.969872143599562,1.98712754253058,1.01725539893102,2.04885515647001,104.885515647001,1406.06903466407,1314.25538147944,6.52981119142373,1,25.9977324151437,5,01-Jun-1966,0.948049219269555,1.94808749024843,2.05483792471174,105.483792471174,1.19753671635747e-05,1
BAAFFM,1,586,2.17037193180023,1.71861339737284,0.791852019551009,-20.8147980448991,1,01-Mar-1968,1.31010099756636,2.09419388969626,0.784092892129898,1.59849804983465,59.8498049834651,1279.96267484229,1225.41423987682,4.26172075464532,1,11.0772630689546,5,01-Apr-1968,1.31448387784982,2.09482829318565,1.59365080735131,59.3650807351313,0.0161155624959408,1
TWEXAFEGSMTHx,0,NaN,NaN,NaN,NaN,NaN,0,,NaN,NaN,NaN,NaN,NaN,NaN,NaN,NaN,0,NaN,NaN,,NaN,NaN,NaN,NaN,NaN,0
EXSZUSx,1,586,0.0156543949388207,0.0283523042804938,1.81114021917155,81.1140219171553,1,01-Jan-1973,0.00397874126377571,0.0290358556885447,0.025057114424769,7.29774915320594,629.774915320594,0.299080982446932,0.224109691255518,25.0672211178512,1,398.759205305252,5,01-Apr-1971,0.00320160345118941,0.0280978164106298,8.77617007821234,777.617007821234,0,1
EXJPUSx,1,586,0.013589090316073,0.0262001593067366,1.92802893330891,92.8028933308912,1,01-Jan-1973,0.00382067323363481,0.0261506977673338,0.022330024533699,6.8445261262124,584.452612621239,0.278930637644808,0.219390302000765,21.345928918666,1,341.40392681796,5,01-Jul-1971,0.00274842058226068,0.0255965220315173,9.31317506378998,831.317506378998,0,1
EXUSUKx,1,586,0.012360478332592,0.023373575606651,1.89099280608096,89.0992806080956,1,01-May-1972,0.00317533233237516,0.0232087458477289,0.0200334135153537,7.30907615908307,630.907615908307,0.225687837448811,0.179189513981337,20.6029372220911,1,242.007106493496,5,01-Aug-1967,0.00121082464079372,0.0212634467034441,17.5611281659295,1656.11281659295,0,1
EXCAUSx,1,586,0.00638844562395935,0.0131088166857034,2.05195715160192,105.195715160192,1,01-Jul-1976,0.00442089280871471,0.012613075343239,0.00819218253452424,2.85306065742543,185.306065742543,0.0547613381820868,0.0457375423361489,16.4784063821321,1,91.9751784649763,5,01-Dec-1973,0.00388504744400166,0.0122244057754661,3.14652676747617,214.652676747617,0,1
WPSFD49207,1,586,0.00499025126485844,0.00558104353792697,1.11838928376792,11.8389283767916,1,01-Jan-2000,0.00466470678419646,0.00846383562958232,0.00379912884538586,1.81444108304018,81.4441083040183,0.0183619692727597,0.0172130870042506,6.25685759214028,1,21.1143848862763,5,01-Jan-2000,0.00466470678419646,0.00846383562958232,1.81444108304018,81.4441083040183,0.000130746842171514,1
WPSFD49502,1,586,0.00631192043872607,0.00698629365573394,1.10684120998584,10.6841209985844,1,01-Jan-2000,0.00585250686904292,0.0107307788514913,0.00487827198244836,1.83353545610552,83.3535456105517,0.0290068937664524,0.0271126341447664,6.53037735421626,1,20.2243645183915,5,01-Sep-1999,0.00584290419816188,0.0105809143342112,1.81089984969116,81.0899849691158,0.000201653130176171,1
WPSID61,1,586,0.00491487279353918,0.00527982332897456,1.07425431964691,7.42543196469142,1,01-May-2000,0.00438468188200467,0.00895388658930811,0.00456920470730344,2.04208351489673,104.208351489673,0.0260867596539583,0.0244819253228993,6.15191136172964,1,15.9210337331676,5,01-Oct-1968,0.00311647598276133,0.00558236169621071,1.79124168679282,79.124168679282,0.00161541778996555,1
WPSID62,1,586,0.0195880290749318,0.0403233292331285,2.05857001124902,105.857001124902,1,01-Sep-1999,0.0222075572790664,0.0670229402885389,0.0448153830094725,3.01802397473571,201.802397473571,1.01945198243545,0.854209859981908,16.208916682744,1,33.9345928658458,5,01-Oct-1968,0.0131804987310191,0.033875348150367,2.57011125615788,157.011125615789,2.37925347645884e-07,1
OILPRICEx,1,586,0.0249401034998167,0.0958158887864895,3.84184006241969,284.184006241969,1,01-Nov-1985,0.0256195467554861,0.101144348320541,0.0755248015650547,3.94793667842239,294.793667842239,5.29111660971126,4.46311253105969,15.6489478446167,1,126.60153602063,5,01-Jun-1973,0.00324987986240559,0.0832563948722719,25.6182992594209,2461.82992594209,0,1
PPICMM,1,586,0.0193541792096367,0.0314068472228115,1.62274240011034,62.2742400110342,1,01-Feb-1987,0.0189143915981753,0.0338299273106182,0.0149155357124429,1.78858131042829,78.858131042829,0.415972527635858,0.384082170520688,7.66645751737874,1,72.6307299898824,5,01-Sep-1967,0.0104994768915062,0.0284291330948578,2.70767138102435,170.767138102435,8.88178419700125e-16,1
CPIAUCSL,1,586,0.00231521065790431,0.00227186771616094,0.981279050528129,-1.8720949471871,1,01-Mar-1999,0.00208264438072085,0.00326170220174388,0.00117905782102303,1.56613497337214,56.613497337214,0.0032351441776174,0.00311533034344476,3.70350833207304,1,9.09631766669014,5,01-Mar-1999,0.00208264438072085,0.00326170220174388,1.56613497337214,56.6134973372141,0.0404154605718784,1
CPIAPPSL,1,586,0.00293430267982433,0.00579690019012731,1.97556313122897,97.5563131228968,1,01-Nov-1987,0.00301697586822896,0.00623681650956567,0.00321984064133671,2.06724109902372,106.724109902372,0.0122144412378424,0.0107434595127406,12.0429718925206,1,47.3918255442404,5,01-Jan-1988,0.00305722314454175,0.00620532645267084,2.0297263756326,102.97263756326,2.9285174285576e-10,1
CPITRNSL,1,586,0.00558675294988977,0.00945508042664562,1.69241069212344,69.241069212344,1,01-Feb-2000,0.00567365937982249,0.0169837779475364,0.011310118567714,2.99344335120587,199.344335120587,0.0427369115678413,0.032641369194694,23.6225361234198,1,30.4142848216154,5,01-Feb-1999,0.00556681933970118,0.0161871911215521,2.90779889444393,190.779889444392,1.35845651405564e-06,1
CPIMEDSL,1,586,0.00335291068814848,0.0013558210792507,0.40437136725506,-59.562863274494,1,01-Apr-1978,0.0037629541872412,0.00147237188996341,-0.00229058229727779,0.391280843906015,-60.8719156093985,0.00425197552250955,0.00351886067046497,17.2417467636759,1,71.7034932476054,5,01-Jun-1984,0.00336137728525302,0.00130420269920401,0.387996523010311,-61.2003476989689,1.4432899320127e-15,1
CUSR0000SAC,1,586,0.00318589604636558,0.00466180876494588,1.46326455637622,46.326455637622,1,01-Mar-1999,0.00313074226029244,0.00748677065638756,0.00435602839609513,2.39137240754154,139.137240754154,0.0113959437772225,0.00976056572945787,14.350527518689,1,25.8420803710929,5,01-Jan-1999,0.00312363261939589,0.00743717683580118,2.38093839513033,138.093839513033,1.29272210045439e-05,1
CUSR0000SAD,1,586,0.00301355305629415,0.00203519452450976,0.675347168771104,-32.4652831228896,1,01-May-1985,0.00303646185262138,0.00194719317438646,-0.00108926867823492,0.64127042225327,-35.872957774673,0.00365710680315198,0.0034842636183054,4.72622742922378,1,21.3537754399759,5,01-Apr-1988,0.00297285344249133,0.00187998359729872,0.632383544519182,-36.7616455480818,0.000116347161733033,1
CUSR0000SAS,1,586,0.00334034849395377,0.00142410736399082,0.426334966716359,-57.3665033283641,1,01-May-1983,0.00337356781042156,0.00143680860744036,-0.0019367592029812,0.425901801351613,-57.4098198648387,0.00387796383704938,0.00332846263657841,14.1698381821183,1,55.8087671377968,5,01-Aug-1986,0.00320687592828941,0.00135663170192217,0.423038412541833,-57.6961587458167,4.33741931260556e-12,1
CPIULFSL,1,586,0.00250334338159804,0.00263197663058464,1.05138458029057,5.13845802905727,1,01-Mar-2000,0.00230710968488129,0.00394194110406579,0.00163483141918451,1.70860584995058,70.8605849950576,0.00337745073882564,0.00316833910121149,6.19140451732694,1,12.6422680276443,5,01-Feb-2000,0.00230591713818325,0.00393079112062163,1.70465410726708,70.4654107267082,0.00771537175315662,1
CUSR0000SA0L2,1,586,0.00276531035629306,0.00307908652459679,1.11346869894356,11.3468698943559,1,01-Mar-1999,0.00250407044671606,0.00482268114655984,0.00231861069984378,1.9259366895546,92.5936689554604,0.00553716014770701,0.00507382800361468,8.36768545125431,1,17.5418236432853,5,01-Jan-1999,0.00249965455223729,0.00479911097885556,1.91990968294405,91.9909682944053,0.000740077808707773,1
CUSR0000SA0L5,1,586,0.00268279355474858,0.00250115539369002,0.932295140363274,-6.77048596367257,1,01-Feb-2000,0.00239384642734862,0.00363864670683275,0.00124480027948413,1.52000005733987,52.000005733987,0.00371184599157739,0.00358955493573191,3.29461556656645,1,8.36647593023561,5,01-Feb-2000,0.00239384642734863,0.00363864670683275,1.52000005733987,52.000005733987,0.0564435213273352,0
PCEPI,1,586,0.00159980978677704,0.00186168166216072,1.16368938204288,16.368938204288,1,01-Jun-1972,0.00130086729433832,0.00188912879828102,0.000588261503942698,1.45220715941046,45.2207159410456,0.00135041849829511,0.00131016785520134,2.98060513422922,1,16.7965000403528,5,01-Jun-1972,0.00130086729433832,0.00188912879828102,1.45220715941046,45.2207159410459,0.0010602285174709,1
DDURRG3M086SBEA,1,586,0.00304736042940242,0.00274532262368471,0.900885434225797,-9.91145657742029,1,01-Jan-1968,0.0036441283422687,0.00273245217319492,-0.00091167616907378,0.74982325443944,-25.017674556056,0.00422736717166792,0.00415467244962059,1.71962167219671,1,3.27788708028334,5,01-Feb-1968,0.003639821371894,0.00273151802388821,0.750453867044263,-24.9546132955737,0.502359682127941,0
DNDGRG3M086SBEA,1,586,0.0035116945506621,0.00584025887880717,1.66308851597188,66.3088515971881,1,01-Jan-1999,0.00370937859635326,0.00889427276206127,0.00518489416570801,2.39777971728347,139.777971728347,0.0142949292338531,0.0119436648409365,16.4482408723537,1,33.1564907483925,5,01-Jan-1999,0.00370937859635327,0.00889427276206127,2.39777971728347,139.777971728347,3.49850703296184e-07,1
DSERRG3M086SBEA,1,586,0.00138314490703147,0.00157340639188329,1.13755715969064,13.7557159690641,1,01-Dec-1972,0.000883710967938231,0.00171100524400004,0.000827294276061811,1.93615933950888,93.6159339508885,0.00134622751749014,0.00126479838623597,6.04869015053189,1,40.8561100279728,5,01-Dec-1972,0.000883710967938236,0.00171100524400004,1.93615933950887,93.615933950887,7.63313290352841e-09,1
CES0600000008,1,586,0.00466356107699806,0.0026863449717071,0.576028688668168,-42.3971311331832,1,01-Jun-1982,0.00479792498988628,0.00267970443015984,-0.00211822055972644,0.558513198061346,-44.1486801938654,0.0087216626957065,0.00806563194051704,7.52185423901351,1,41.13289808094,5,01-Nov-1998,0.00406942149474362,0.00203939908077396,0.501152088425396,-49.8847911574604,6.6501282258713e-09,1
CES2000000008,1,586,0.0100626206943031,0.00513068422162058,0.509875546091615,-49.0124453908385,1,01-Apr-1969,0.0128605752459119,0.00626574966105129,-0.00659482558486059,0.487206018489962,-51.2793981510038,0.0491040885981276,0.0449027583247526,8.55596833852088,1,43.6415443522568,5,01-Mar-1996,0.00890083797853293,0.00365549732114821,0.410691367482988,-58.9308632517012,1.9044228416476e-09,1
CES3000000008,1,586,0.00541348285572423,0.00299859048378448,0.55391151384432,-44.608848615568,1,01-Mar-1982,0.00560203550050847,0.00299368322554985,-0.00260835227495862,0.53439204826141,-46.5607951738591,0.0135136918724724,0.0125199510676653,7.35358489881967,1,27.2807706890669,5,01-May-1982,0.00557261272218769,0.00300342997018041,0.538962623083796,-46.1037376916204,6.37114212909129e-06,1
UMCSENTx,0,NaN,NaN,NaN,NaN,NaN,0,,NaN,NaN,NaN,NaN,NaN,NaN,NaN,NaN,0,NaN,NaN,,NaN,NaN,NaN,NaN,NaN,0
DTCOLNVHFNM,1,586,0.0120002458297156,0.0223619037230193,1.86345380255842,86.3453802558418,1,01-Sep-1976,0.00824321370455326,0.0220719558341975,0.0138287421296442,2.67759112225924,167.759112225924,0.27314112342849,0.247319623657537,9.45353795387512,1,54.9276073904526,5,01-Aug-1966,0.00689595489183608,0.0189428741718136,2.7469544782318,174.69544782318,6.7452710084126e-12,1
DTCTHFNM,1,586,0.00905044405925099,0.00968992403582649,1.07065730392774,7.06573039277388,1,01-Dec-1974,0.00652250945009709,0.0107284183243848,0.0042059088742877,1.64482986287204,64.4829862872041,0.0781063336065318,0.0758350524971785,2.90793461231332,1,22.3174088351641,5,01-Nov-1966,0.00591308196447268,0.0100158495522898,1.6938458848478,69.3845884847798,7.26975301097443e-05,1
INVEST,1,586,0.0110222275861001,0.00921063393890854,0.835641785379562,-16.4358214620438,1,01-Oct-1978,0.0123516644231772,0.00863512454626763,-0.00371653987690957,0.699106148808925,-30.0893851191075,0.0463194661299539,0.044372492698145,4.20335896434235,1,17.6001959480817,5,01-Oct-1978,0.0123516644231772,0.00863512454626764,0.699106148808927,-30.0893851191073,0.000719506574203499,1
VIXCLSx,1,546,5.40064153049525,6.70129938970113,1.24083395497768,24.083395497768,1,01-Jul-1998,5.32252660476042,9.0149178693844,3.69239126462399,1.69372903863394,69.3729038633935,13854.8404263321,12633.0713552301,8.81835541591599,1,11.8245729171854,5,01-Jul-1997,5.30189147459334,8.72994742638321,1.64657225977127,64.6572259771272,0.011347744997535,1
