series_name,include_main_2007,uv2007_smooth_found,uv2007_smooth_gamma,uv2007_smooth_midpoint,uv2007_smooth_ssr_gain,uv2007_smooth_ratio,uv2007_smooth_pct_change,uv2007_smooth_abrupt
RPI,1,1,100,01-Jan-1995,0.455742920226931,0.813658127608808,-18.6341872391192,1
W875RX1,1,1,100,01-Mar-1972,0.710786176308705,1.30223935045901,30.2239350459005,1
DPCERA3M086SBEA,1,1,100,01-Jun-1988,5.97903383945578,0.606117507326192,-39.3882492673808,1
CMRMTSPLx,1,1,100,01-Jun-1966,12.6854617226892,0.484766633746519,-51.5233366253481,1
RETAILx,1,1,100,01-Mar-1988,2.7265392876295,0.700380813379437,-29.9619186620563,1
INDPRO,1,1,100,01-Dec-1983,8.44795646005316,0.537063755437843,-46.2936244562157,1
IPFPNSS,1,1,100,01-Oct-1983,5.40348363164842,0.651306198978999,-34.8693801021001,1
IPFINAL,1,1,100,01-Sep-1983,3.42378740137836,0.713566654384894,-28.6433345615106,1
IPCONGD,1,1,100,01-Mar-1976,3.6863989595394,0.696526142417639,-30.3473857582361,1
IPDCONGD,1,1,10,01-Jun-1966,3.45105433590261,0.497793072272152,-50.2206927727848,0
IPNCONGD,1,1,100,01-Feb-1976,1.04517917768819,0.845144597026922,-15.4855402973078,1
IPBUSEQ,1,1,100,01-Oct-1983,3.95432340262788,0.708983316276339,-29.1016683723661,1
IPMAT,1,1,5,01-Jun-1966,13.8393500347471,0.192439078110949,-80.7560921889051,0
IPDMAT,1,1,5,01-Jun-1966,12.0362763054436,0.195565315166185,-80.4434684833815,0
IPNMAT,1,1,100,01-Nov-1983,4.94387222841151,0.63058494365698,-36.941505634302,1
IPMANSICS,1,1,100,01-Nov-1983,7.99073434048664,0.550301653534084,-44.9698346465916,1
IPB51222S,1,1,10,01-Mar-1972,12.0396823891208,4.83267221663673,383.267221663673,0
IPFUELS,1,1,100,01-Dec-1986,1.22580628275653,0.809914928996125,-19.0085071003875,1
CUMFNS,1,1,100,01-Jan-1984,8.26378783661128,0.543950283822651,-45.6049716177349,1
HWI,1,1,5,01-Feb-1995,16.3018206223443,3.99390324208607,299.390324208607,0
HWIURATIO,1,1,100,01-Jun-1975,2.77057489750881,0.73204220802329,-26.795779197671,1
CLF16OV,1,1,5,01-Jun-1966,6.49139935073915,0.384529180999854,-61.5470819000146,0
CE16OV,1,1,5,01-Jun-1966,6.19046661559148,0.39015029601558,-60.984970398442,0
UNRATE,1,1,100,01-Apr-1985,4.10430560685102,0.666425342046492,-33.3574657953508,1
UEMPMEAN,1,1,100,01-Jun-1966,1.73980931502157,0.739320051503353,-26.0679948496647,1
UEMPLT5,1,1,10,01-Jun-1966,2.12545057133197,0.643587769671842,-35.6412230328158,0
UEMP5TO14,1,1,100,01-Jan-1976,4.10797206239591,0.712699862026027,-28.7300137973973,1
UEMP15OV,1,1,100,01-Aug-1976,4.52110007301797,0.695390952267953,-30.4609047732047,1
UEMP15T26,1,1,10,01-Feb-1970,4.8696097575717,0.589946749057022,-41.0053250942977,0
UEMP27OV,1,1,50,01-Jan-1978,6.5589793904539,0.638953399197923,-36.1046600802077,1
CLAIMSx,1,1,100,01-Jul-1984,3.74777803989942,0.696558952001388,-30.3441047998612,1
PAYEMS,1,1,100,01-Sep-1984,12.5967255612748,0.50029903237427,-49.970096762573,1
USGOOD,1,1,100,01-Jun-1984,13.0838514621104,0.460769692282784,-53.9230307717216,1
CES1021000001,1,1,100,01-Apr-1987,3.13420329216664,0.425774408283979,-57.4225591716021,1
USCONS,1,1,100,01-Jun-1984,10.0440541328789,0.470848285141055,-52.9151714858945,1
MANEMP,1,1,100,01-May-1984,13.2653178418664,0.425848021535682,-57.4151978464318,1
DMANEMP,1,1,100,01-May-1984,12.1286091452032,0.411860824608414,-58.8139175391586,1
NDMANEMP,1,1,100,01-Jan-1984,7.13539728859052,0.591939393570984,-40.8060606429016,1
SRVPRD,1,1,100,01-Mar-1985,4.31474069692747,0.685581375130569,-31.4418624869431,1
USTPU,1,1,100,01-Jan-1985,3.25841812373044,0.713402028525885,-28.6597971474115,1
USWTRADE,1,1,100,01-Jun-1993,3.42570186298191,0.705380736210733,-29.4619263789267,1
USTRADE,1,1,5,01-Jun-1966,4.11303775916134,0.4490893388111,-55.09106611889,0
USFIRE,1,1,100,01-Jun-1966,7.90654830643341,2.28916158539534,128.916158539534,1
USGOVT,1,1,100,01-Mar-1983,3.61238351861619,0.640452312867697,-35.9547687132303,1
CES0600000007,1,1,100,01-Apr-1993,2.90817493097931,1.35641655811895,35.6416558118949,1
AWOTMAN,1,1,100,01-May-1996,1.63320611411655,0.667343805155751,-33.2656194844249,1
AWHMAN,1,1,100,01-Apr-1993,2.53860972651366,1.33614551446529,33.6145514465293,1
HOUST,1,1,100,01-Apr-1970,4.36898880999294,1.63751788866728,63.7517888667279,1
HOUSTNE,1,1,100,01-Apr-1998,12.5545068283079,0.484783823708324,-51.5216176291676,1
HOUSTMW,1,1,100,01-Sep-1985,10.1271014071283,0.549070825682691,-45.0929174317309,1
HOUSTS,1,1,100,01-Feb-1993,3.15516565138576,0.747783477774447,-25.2216522225553,1
HOUSTW,1,1,100,01-Jan-1987,7.53866238445713,0.625982339806563,-37.4017660193437,1
PERMIT,1,1,100,01-Sep-2000,2.76866396899473,1.37247479208433,37.2474792084326,1
PERMITNE,1,1,100,01-Nov-1997,18.5129439118749,0.352009142376267,-64.7990857623733,1
PERMITMW,1,1,100,01-Mar-1985,8.95527556733611,0.586720527268564,-41.3279472731436,1
PERMITS,1,1,100,01-Jun-1967,13.9904336781038,0.554272694798606,-44.5727305201394,1
PERMITW,1,1,100,01-Dec-1986,6.21502260435617,0.671164009416721,-32.8835990583279,1
ACOGNO,0,0,NaN,,NaN,NaN,NaN,0
AMDMNOx,1,1,100,01-Dec-1995,0.340220947798464,1.11937893694045,11.9378936940452,1
ANDENOx,1,1,20,01-Feb-1974,3.46019966247456,0.618171236163925,-38.1828763836075,1
AMDMUOx,1,1,100,01-Sep-1979,6.35866144269077,0.671497630807732,-32.8502369192268,1
BUSINVx,1,1,100,01-May-1972,1.93496524916228,1.4665104162484,46.6510416248398,1
ISRATIOx,1,1,100,01-Jul-1991,3.77832439701658,0.638092986805678,-36.1907013194322,1
M1SL,1,1,100,01-Oct-1999,8.40446369237659,2.20871413372718,120.871413372718,1
M2SL,1,1,100,01-Sep-1999,6.07383543550054,1.87752250397329,87.7522503973292,1
M2REAL,1,1,100,01-Sep-1983,2.11402369933558,0.792187061661426,-20.7812938338574,1
BOGMBASE,1,1,100,01-Oct-1992,3.62625595193093,0.647759592108996,-35.2240407891004,1
TOTRESNS,1,1,2,01-Aug-2000,6.59750699539357,49.7547734566995,4875.47734566995,0
NONBORRES,1,1,1,01-Aug-2000,6.56613100463059,-3.98812787347773,-498.812787347773,0
BUSLOANS,1,1,100,01-Feb-1998,0.450892826393292,1.15591640797656,15.5916407976562,1
REALLN,1,1,20,01-Aug-2000,13.9813206768073,3.33181769059118,233.181769059118,1
NONREVSL,1,1,100,01-Nov-1974,0.52506104805401,1.31967838787441,31.9678387874415,1
CONSPI,1,1,100,01-Feb-1995,1.15719658201503,0.746237832675301,-25.3762167324699,1
S&P 500,1,1,100,01-Sep-1968,0.501459169277827,1.19237342785909,19.2373427859086,1
S&P div yield,1,1,100,01-Jun-1991,10.5138312188341,0.392781078504043,-60.7218921495957,1
S&P PE ratio,1,1,100,01-May-1969,0.776395285271783,1.23347623018388,23.347623018388,1
FEDFUNDS,1,1,50,01-Feb-1987,6.99482480655471,0.324166910109271,-67.5833089890729,1
CP3Mx,1,1,50,01-Apr-1989,5.95644671436431,0.346084446864454,-65.3915553135546,1
TB3MS,1,1,100,01-Nov-1985,6.10116801922921,0.429637149097865,-57.0362850902135,1
TB6MS,1,1,100,01-Jan-1986,6.42722596466174,0.456601782920416,-54.3398217079584,1
GS1,1,1,50,01-Mar-1988,5.60726497001661,0.486931621057902,-51.3068378942098,1
GS5,1,1,50,01-May-1968,7.40846156736751,3.08124017651862,208.124017651862,1
GS10,1,1,20,01-Nov-1968,8.28177539493398,4.28963446567889,328.963446567889,1
AAA,1,1,100,01-Jul-1978,11.2689299847219,2.56873118324927,156.873118324926,1
BAA,1,1,100,01-Jul-1978,11.5445444194699,2.3943081929602,139.43081929602,1
COMPAPFFx,1,1,50,01-Oct-1985,17.7162395036067,0.347597892201794,-65.2402107798205,1
TB3SMFFM,1,1,100,01-May-1983,11.8647229604793,0.460164685020881,-53.9835314979119,1
TB6SMFFM,1,1,100,01-Jan-1983,13.0151108850334,0.42569899506078,-57.430100493922,1
T1YFFM,1,1,100,01-Oct-1984,8.53668705914334,0.493329314178016,-50.6670685821984,1
T5YFFM,1,1,100,01-Feb-1968,8.79063031695634,2.74823571824776,174.823571824776,1
T10YFFM,1,1,100,01-Mar-1968,10.1231633095428,2.90222804637389,190.222804637389,1
AAAFFM,1,1,50,01-Jun-1966,6.19671173422498,2.48188594036464,148.188594036464,1
BAAFFM,1,1,50,01-Jun-1966,4.32185411600369,1.81696911105775,81.6969111057751,1
TWEXAFEGSMTHx,0,0,NaN,,NaN,NaN,NaN,0
EXSZUSx,1,1,100,01-May-1972,24.0914547029521,8.99544522581903,799.544522581903,1
EXJPUSx,1,1,20,01-Mar-1973,21.482801467275,18.1545985678363,1715.45985678363,1
EXUSUKx,1,1,100,01-Mar-1972,20.7378703521732,9.0541332410865,805.41332410865,1
EXCAUSx,1,1,2,01-Aug-2000,20.3846086060781,-13.8061517514405,-1480.61517514405,0
WPSFD49207,1,1,100,01-Jun-2000,6.08667735020182,1.85225364986151,85.2253649861513,1
WPSFD49502,1,1,100,01-Apr-2000,6.32045819982674,1.86279088157358,86.2790881573581,1
WPSID61,1,1,100,01-Aug-2000,6.14071532011972,2.10090776756378,110.090776756378,1
WPSID62,1,1,50,01-Jan-1998,16.5908813276144,3.18636864977053,218.636864977053,1
OILPRICEx,1,1,5,01-Apr-1977,16.2369402503478,-4.41283523544388,-541.283523544388,0
PPICMM,1,1,1,01-Aug-2000,9.70139812377214,-3.8922764472557,-489.22764472557,0
CPIAUCSL,1,1,100,01-Oct-1999,3.28936172260273,1.56448133936011,56.4481339360108,1
CPIAPPSL,1,1,100,01-Dec-1986,11.1391960054656,2.05166480248433,105.166480248433,1
CPITRNSL,1,1,100,01-Oct-1999,23.0814167942113,3.04278695931843,204.278695931843,1
CPIMEDSL,1,1,50,01-Jan-1979,17.2590514416178,0.371066743267899,-62.8933256732101,1
CUSR0000SAC,1,1,50,01-Aug-2000,14.2451259862363,2.6075368490698,160.75368490698,1
CUSR0000SAD,1,1,50,01-Feb-1987,4.64932857499645,0.623563010046791,-37.6436989953209,1
CUSR0000SAS,1,1,100,01-Feb-1984,13.6953489002083,0.419579547665213,-58.0420452334787,1
CPIULFSL,1,1,100,01-Oct-1999,5.62529060849578,1.68677853469651,68.6778534696511,1
CUSR0000SA0L2,1,1,100,01-Aug-1999,8.1940552160685,1.96677344323789,96.6773443237889,1
CUSR0000SA0L5,1,1,100,01-Nov-1999,2.82514441956866,1.49187039698683,49.1870396986832,1
PCEPI,1,1,100,01-May-1972,2.68502574516282,1.43898776358009,43.8987763580085,1
DDURRG3M086SBEA,1,1,100,01-Aug-1967,1.4793595642789,0.754029991192196,-24.5970008807804,1
DNDGRG3M086SBEA,1,1,100,01-Mar-1999,15.9973469666872,2.44020287334101,144.020287334101,1
DSERRG3M086SBEA,1,1,100,01-May-1973,5.8031927760467,1.92355032411212,92.3550324112121,1
CES0600000008,1,1,100,01-Apr-1983,6.99191894900869,0.561171610505748,-43.8828389494251,1
CES2000000008,1,1,2,01-Jun-1966,10.2936215923814,-0.0202193725311555,-102.021937253116,0
CES3000000008,1,1,100,01-Dec-1982,6.71929782819875,0.540366604295922,-45.9633395704078,1
UMCSENTx,0,0,NaN,,NaN,NaN,NaN,0
DTCOLNVHFNM,1,1,100,01-Nov-1975,8.58572945757009,2.68001327466753,168.001327466753,1
DTCTHFNM,1,1,100,01-Mar-1974,2.58950058539388,1.63293177997862,63.2931779978624,1
INVEST,1,1,100,01-May-1978,3.98089220588817,0.700392443348413,-29.9607556651587,1
VIXCLSx,1,1,100,01-Jan-1998,7.93016926395104,1.6655111088121,66.55111088121,1
